ISO-10303-21;
HEADER;
/*Generated by software containing ST-Developer
 * from STEP Tools, Inc. (www.steptools.com) 
 */
/*OPTION: using custom renumber hook */
/*description */
/*implementation_level */
FILE_DESCRIPTION(('STEP AP242 Edition 2','STEP AP242 Edition 2''CAx-IF Rec.Pracs.---Representation and Presentation of Product Manufa
cturing Information (PMI)---4.0---2014-10-13','STEP AP242 Edition 2''CAx-IF Rec.Pracs.---Representation and Presentation of Product Manufa
cturing Information (PMI)---4.0---2014-10-13''CAx-IF Rec.Pracs.---3D Tessellated Geometry---0.4---2014-09-14','STEP AP242 Edition 2''CAx-IF Rec.Pracs.---Representation and Presentation of Product Manufa
cturing Information (PMI)---4.0---2014-10-13''CAx-IF Rec.Pracs.---3D Tessellated Geometry---0.4---2014-09-14''2;1','STEP AP242 Edition 2''CAx-IF Rec.Pracs.---Representation and Presentation of Product Manufa
cturing Information (PMI)---4.0---2014-10-13''CAx-IF Rec.Pracs.---3D Tessellated Geometry---0.4---2014-09-14''2;1''CAx-IF Rec.Pracs.---User Defined Attributes---1.5---2016-08-15'),'2;1');
/*name */
/*time_stamp */
/*author */
/*organization */
/*preprocessor_version */
/*originating_system */
/*authorisation */
FILE_NAME('/vol/tmp/translate-192958462375041452/anaDash Printables - leftPlate.step','2026-08-30T15:28:34',(''),(''),'ST-DEVELOPER v20','ONSHAPE BY PTC INC, 1.220','  ');
FILE_SCHEMA(('AP242_MANAGED_MODEL_BASED_3D_ENGINEERING_MIM_LF { 1 0 10303 442 3 1 4 }'));
ENDSEC;
DATA;
#10=SHAPE_REPRESENTATION_RELATIONSHIP('','',#692,#11);
#11=ADVANCED_BREP_SHAPE_REPRESENTATION('',(#690),#1168);
#12=CONICAL_SURFACE('',#763,0.0027,0.78539816339745);
#13=CONICAL_SURFACE('',#766,0.0027,0.78539816339745);
#14=CONICAL_SURFACE('',#769,0.0027,0.78539816339745);
#15=CONICAL_SURFACE('',#772,0.0027,0.78539816339745);
#16=CONICAL_SURFACE('',#773,0.00195,0.785398163397449);
#17=CONICAL_SURFACE('',#774,0.00195,0.785398163397441);
#18=CONICAL_SURFACE('',#775,0.00195,0.78539816339745);
#19=CONICAL_SURFACE('',#776,0.00195,0.785398163397446);
#20=CONICAL_SURFACE('',#777,0.00195,0.785398163397448);
#21=CONICAL_SURFACE('',#778,0.00195,0.78539816339745);
#22=CONICAL_SURFACE('',#779,0.00145,0.785398163397448);
#23=CONICAL_SURFACE('',#780,0.00145,0.785398163397449);
#24=CONICAL_SURFACE('',#781,0.0021,0.785398163397447);
#25=CONICAL_SURFACE('',#782,0.0021,0.785398163397446);
#26=CIRCLE('',#701,0.00200000000000005);
#27=CIRCLE('',#702,0.00200000000000005);
#28=CIRCLE('',#705,0.0021);
#29=CIRCLE('',#706,0.0021);
#30=CIRCLE('',#708,0.00145);
#31=CIRCLE('',#709,0.00145);
#32=CIRCLE('',#711,0.00145);
#33=CIRCLE('',#712,0.00145);
#34=CIRCLE('',#714,0.00195);
#35=CIRCLE('',#715,0.00195);
#36=CIRCLE('',#717,0.00195);
#37=CIRCLE('',#718,0.00195);
#38=CIRCLE('',#720,0.0245);
#39=CIRCLE('',#721,0.0245);
#40=CIRCLE('',#723,0.00195);
#41=CIRCLE('',#724,0.00195);
#42=CIRCLE('',#726,0.00195);
#43=CIRCLE('',#727,0.00195);
#44=CIRCLE('',#729,0.0245);
#45=CIRCLE('',#730,0.0245);
#46=CIRCLE('',#732,0.00195);
#47=CIRCLE('',#733,0.00195);
#48=CIRCLE('',#736,0.00195);
#49=CIRCLE('',#737,0.00195);
#50=CIRCLE('',#739,0.0021);
#51=CIRCLE('',#740,0.0021);
#52=CIRCLE('',#742,0.00245);
#53=CIRCLE('',#743,0.00245);
#54=CIRCLE('',#744,0.00245);
#55=CIRCLE('',#745,0.00245);
#56=CIRCLE('',#746,0.00245);
#57=CIRCLE('',#747,0.00245);
#58=CIRCLE('',#748,0.00195);
#59=CIRCLE('',#749,0.00195);
#60=CIRCLE('',#750,0.0026);
#61=CIRCLE('',#751,0.0026);
#62=CIRCLE('',#752,0.0027);
#63=CIRCLE('',#753,0.0027);
#64=CIRCLE('',#754,0.0027);
#65=CIRCLE('',#755,0.0027);
#66=CIRCLE('',#757,0.0017);
#67=CIRCLE('',#758,0.0017);
#68=CIRCLE('',#759,0.0017);
#69=CIRCLE('',#760,0.0017);
#70=CIRCLE('',#762,0.0017);
#71=CIRCLE('',#765,0.0017);
#72=CIRCLE('',#768,0.0017);
#73=CIRCLE('',#771,0.0017);
#74=CYLINDRICAL_SURFACE('',#700,0.00200000000000005);
#75=CYLINDRICAL_SURFACE('',#704,0.0021);
#76=CYLINDRICAL_SURFACE('',#707,0.00145);
#77=CYLINDRICAL_SURFACE('',#710,0.00145);
#78=CYLINDRICAL_SURFACE('',#713,0.00195);
#79=CYLINDRICAL_SURFACE('',#716,0.00195);
#80=CYLINDRICAL_SURFACE('',#719,0.0245);
#81=CYLINDRICAL_SURFACE('',#722,0.00195);
#82=CYLINDRICAL_SURFACE('',#725,0.00195);
#83=CYLINDRICAL_SURFACE('',#728,0.0245);
#84=CYLINDRICAL_SURFACE('',#731,0.00195);
#85=CYLINDRICAL_SURFACE('',#735,0.00195);
#86=CYLINDRICAL_SURFACE('',#738,0.0021);
#87=CYLINDRICAL_SURFACE('',#761,0.0017);
#88=CYLINDRICAL_SURFACE('',#764,0.0017);
#89=CYLINDRICAL_SURFACE('',#767,0.0017);
#90=CYLINDRICAL_SURFACE('',#770,0.0017);
#91=ORIENTED_EDGE('',*,*,#237,.F.);
#92=ORIENTED_EDGE('',*,*,#238,.F.);
#93=ORIENTED_EDGE('',*,*,#239,.T.);
#94=ORIENTED_EDGE('',*,*,#240,.T.);
#95=ORIENTED_EDGE('',*,*,#241,.F.);
#96=ORIENTED_EDGE('',*,*,#242,.F.);
#97=ORIENTED_EDGE('',*,*,#243,.T.);
#98=ORIENTED_EDGE('',*,*,#238,.T.);
#99=ORIENTED_EDGE('',*,*,#244,.F.);
#100=ORIENTED_EDGE('',*,*,#245,.F.);
#101=ORIENTED_EDGE('',*,*,#246,.T.);
#102=ORIENTED_EDGE('',*,*,#242,.T.);
#103=ORIENTED_EDGE('',*,*,#247,.T.);
#104=ORIENTED_EDGE('',*,*,#248,.F.);
#105=ORIENTED_EDGE('',*,*,#249,.F.);
#106=ORIENTED_EDGE('',*,*,#245,.T.);
#107=ORIENTED_EDGE('',*,*,#250,.F.);
#108=ORIENTED_EDGE('',*,*,#251,.F.);
#109=ORIENTED_EDGE('',*,*,#252,.T.);
#110=ORIENTED_EDGE('',*,*,#248,.T.);
#111=ORIENTED_EDGE('',*,*,#253,.F.);
#112=ORIENTED_EDGE('',*,*,#254,.F.);
#113=ORIENTED_EDGE('',*,*,#255,.T.);
#114=ORIENTED_EDGE('',*,*,#251,.T.);
#115=ORIENTED_EDGE('',*,*,#256,.T.);
#116=ORIENTED_EDGE('',*,*,#257,.F.);
#117=ORIENTED_EDGE('',*,*,#258,.F.);
#118=ORIENTED_EDGE('',*,*,#254,.T.);
#119=ORIENTED_EDGE('',*,*,#259,.F.);
#120=ORIENTED_EDGE('',*,*,#260,.F.);
#121=ORIENTED_EDGE('',*,*,#261,.T.);
#122=ORIENTED_EDGE('',*,*,#257,.T.);
#123=ORIENTED_EDGE('',*,*,#262,.T.);
#124=ORIENTED_EDGE('',*,*,#263,.F.);
#125=ORIENTED_EDGE('',*,*,#264,.T.);
#126=ORIENTED_EDGE('',*,*,#265,.F.);
#127=ORIENTED_EDGE('',*,*,#266,.T.);
#128=ORIENTED_EDGE('',*,*,#267,.F.);
#129=ORIENTED_EDGE('',*,*,#268,.T.);
#130=ORIENTED_EDGE('',*,*,#269,.F.);
#131=ORIENTED_EDGE('',*,*,#270,.T.);
#132=ORIENTED_EDGE('',*,*,#271,.F.);
#133=ORIENTED_EDGE('',*,*,#272,.T.);
#134=ORIENTED_EDGE('',*,*,#273,.F.);
#135=ORIENTED_EDGE('',*,*,#274,.T.);
#136=ORIENTED_EDGE('',*,*,#275,.F.);
#137=ORIENTED_EDGE('',*,*,#276,.T.);
#138=ORIENTED_EDGE('',*,*,#277,.F.);
#139=ORIENTED_EDGE('',*,*,#278,.T.);
#140=ORIENTED_EDGE('',*,*,#279,.F.);
#141=ORIENTED_EDGE('',*,*,#280,.T.);
#142=ORIENTED_EDGE('',*,*,#281,.F.);
#143=ORIENTED_EDGE('',*,*,#282,.T.);
#144=ORIENTED_EDGE('',*,*,#240,.F.);
#145=ORIENTED_EDGE('',*,*,#283,.F.);
#146=ORIENTED_EDGE('',*,*,#260,.T.);
#147=ORIENTED_EDGE('',*,*,#284,.T.);
#148=ORIENTED_EDGE('',*,*,#285,.F.);
#149=ORIENTED_EDGE('',*,*,#286,.T.);
#150=ORIENTED_EDGE('',*,*,#287,.F.);
#151=ORIENTED_EDGE('',*,*,#288,.T.);
#152=ORIENTED_EDGE('',*,*,#289,.T.);
#153=ORIENTED_EDGE('',*,*,#290,.T.);
#154=ORIENTED_EDGE('',*,*,#291,.T.);
#155=ORIENTED_EDGE('',*,*,#292,.T.);
#156=ORIENTED_EDGE('',*,*,#293,.T.);
#157=ORIENTED_EDGE('',*,*,#294,.T.);
#158=ORIENTED_EDGE('',*,*,#295,.T.);
#159=ORIENTED_EDGE('',*,*,#296,.T.);
#160=ORIENTED_EDGE('',*,*,#297,.T.);
#161=ORIENTED_EDGE('',*,*,#298,.T.);
#162=ORIENTED_EDGE('',*,*,#299,.T.);
#163=ORIENTED_EDGE('',*,*,#300,.T.);
#164=ORIENTED_EDGE('',*,*,#301,.T.);
#165=ORIENTED_EDGE('',*,*,#239,.F.);
#166=ORIENTED_EDGE('',*,*,#243,.F.);
#167=ORIENTED_EDGE('',*,*,#246,.F.);
#168=ORIENTED_EDGE('',*,*,#249,.T.);
#169=ORIENTED_EDGE('',*,*,#252,.F.);
#170=ORIENTED_EDGE('',*,*,#255,.F.);
#171=ORIENTED_EDGE('',*,*,#258,.T.);
#172=ORIENTED_EDGE('',*,*,#261,.F.);
#173=ORIENTED_EDGE('',*,*,#283,.T.);
#174=ORIENTED_EDGE('',*,*,#278,.F.);
#175=ORIENTED_EDGE('',*,*,#272,.F.);
#176=ORIENTED_EDGE('',*,*,#302,.F.);
#177=ORIENTED_EDGE('',*,*,#303,.F.);
#178=ORIENTED_EDGE('',*,*,#304,.F.);
#179=ORIENTED_EDGE('',*,*,#305,.F.);
#180=ORIENTED_EDGE('',*,*,#285,.T.);
#181=ORIENTED_EDGE('',*,*,#237,.T.);
#182=ORIENTED_EDGE('',*,*,#282,.F.);
#183=ORIENTED_EDGE('',*,*,#259,.T.);
#184=ORIENTED_EDGE('',*,*,#256,.F.);
#185=ORIENTED_EDGE('',*,*,#253,.T.);
#186=ORIENTED_EDGE('',*,*,#250,.T.);
#187=ORIENTED_EDGE('',*,*,#247,.F.);
#188=ORIENTED_EDGE('',*,*,#244,.T.);
#189=ORIENTED_EDGE('',*,*,#241,.T.);
#190=ORIENTED_EDGE('',*,*,#281,.T.);
#191=ORIENTED_EDGE('',*,*,#279,.T.);
#192=ORIENTED_EDGE('',*,*,#277,.T.);
#193=ORIENTED_EDGE('',*,*,#275,.T.);
#194=ORIENTED_EDGE('',*,*,#273,.T.);
#195=ORIENTED_EDGE('',*,*,#271,.T.);
#196=ORIENTED_EDGE('',*,*,#269,.T.);
#197=ORIENTED_EDGE('',*,*,#267,.T.);
#198=ORIENTED_EDGE('',*,*,#265,.T.);
#199=ORIENTED_EDGE('',*,*,#263,.T.);
#200=ORIENTED_EDGE('',*,*,#287,.T.);
#201=ORIENTED_EDGE('',*,*,#305,.T.);
#202=ORIENTED_EDGE('',*,*,#306,.F.);
#203=ORIENTED_EDGE('',*,*,#306,.T.);
#204=ORIENTED_EDGE('',*,*,#301,.F.);
#205=ORIENTED_EDGE('',*,*,#304,.T.);
#206=ORIENTED_EDGE('',*,*,#307,.F.);
#207=ORIENTED_EDGE('',*,*,#307,.T.);
#208=ORIENTED_EDGE('',*,*,#300,.F.);
#209=ORIENTED_EDGE('',*,*,#303,.T.);
#210=ORIENTED_EDGE('',*,*,#308,.F.);
#211=ORIENTED_EDGE('',*,*,#308,.T.);
#212=ORIENTED_EDGE('',*,*,#299,.F.);
#213=ORIENTED_EDGE('',*,*,#302,.T.);
#214=ORIENTED_EDGE('',*,*,#309,.F.);
#215=ORIENTED_EDGE('',*,*,#309,.T.);
#216=ORIENTED_EDGE('',*,*,#298,.F.);
#217=ORIENTED_EDGE('',*,*,#288,.F.);
#218=ORIENTED_EDGE('',*,*,#284,.F.);
#219=ORIENTED_EDGE('',*,*,#289,.F.);
#220=ORIENTED_EDGE('',*,*,#280,.F.);
#221=ORIENTED_EDGE('',*,*,#290,.F.);
#222=ORIENTED_EDGE('',*,*,#270,.F.);
#223=ORIENTED_EDGE('',*,*,#291,.F.);
#224=ORIENTED_EDGE('',*,*,#268,.F.);
#225=ORIENTED_EDGE('',*,*,#292,.F.);
#226=ORIENTED_EDGE('',*,*,#276,.F.);
#227=ORIENTED_EDGE('',*,*,#293,.F.);
#228=ORIENTED_EDGE('',*,*,#274,.F.);
#229=ORIENTED_EDGE('',*,*,#294,.F.);
#230=ORIENTED_EDGE('',*,*,#266,.F.);
#231=ORIENTED_EDGE('',*,*,#295,.F.);
#232=ORIENTED_EDGE('',*,*,#264,.F.);
#233=ORIENTED_EDGE('',*,*,#296,.F.);
#234=ORIENTED_EDGE('',*,*,#286,.F.);
#235=ORIENTED_EDGE('',*,*,#297,.F.);
#236=ORIENTED_EDGE('',*,*,#262,.F.);
#237=EDGE_CURVE('',#310,#311,#374,.T.);
#238=EDGE_CURVE('',#312,#310,#375,.T.);
#239=EDGE_CURVE('',#312,#313,#376,.T.);
#240=EDGE_CURVE('',#313,#311,#377,.T.);
#241=EDGE_CURVE('',#314,#310,#378,.T.);
#242=EDGE_CURVE('',#315,#314,#379,.T.);
#243=EDGE_CURVE('',#315,#312,#380,.T.);
#244=EDGE_CURVE('',#316,#314,#381,.T.);
#245=EDGE_CURVE('',#317,#316,#382,.T.);
#246=EDGE_CURVE('',#317,#315,#383,.T.);
#247=EDGE_CURVE('',#316,#318,#384,.T.);
#248=EDGE_CURVE('',#319,#318,#385,.T.);
#249=EDGE_CURVE('',#317,#319,#386,.T.);
#250=EDGE_CURVE('',#320,#318,#387,.T.);
#251=EDGE_CURVE('',#321,#320,#388,.T.);
#252=EDGE_CURVE('',#321,#319,#389,.T.);
#253=EDGE_CURVE('',#322,#320,#390,.T.);
#254=EDGE_CURVE('',#323,#322,#391,.T.);
#255=EDGE_CURVE('',#323,#321,#392,.T.);
#256=EDGE_CURVE('',#322,#324,#26,.T.);
#257=EDGE_CURVE('',#325,#324,#393,.T.);
#258=EDGE_CURVE('',#323,#325,#27,.T.);
#259=EDGE_CURVE('',#326,#324,#394,.T.);
#260=EDGE_CURVE('',#327,#326,#395,.T.);
#261=EDGE_CURVE('',#327,#325,#396,.T.);
#262=EDGE_CURVE('',#328,#328,#28,.T.);
#263=EDGE_CURVE('',#329,#329,#29,.T.);
#264=EDGE_CURVE('',#330,#330,#30,.T.);
#265=EDGE_CURVE('',#331,#331,#31,.T.);
#266=EDGE_CURVE('',#332,#332,#32,.T.);
#267=EDGE_CURVE('',#333,#333,#33,.T.);
#268=EDGE_CURVE('',#334,#334,#34,.T.);
#269=EDGE_CURVE('',#335,#335,#35,.T.);
#270=EDGE_CURVE('',#336,#336,#36,.T.);
#271=EDGE_CURVE('',#337,#337,#37,.T.);
#272=EDGE_CURVE('',#338,#338,#38,.T.);
#273=EDGE_CURVE('',#339,#339,#39,.T.);
#274=EDGE_CURVE('',#340,#340,#40,.T.);
#275=EDGE_CURVE('',#341,#341,#41,.T.);
#276=EDGE_CURVE('',#342,#342,#42,.T.);
#277=EDGE_CURVE('',#343,#343,#43,.T.);
#278=EDGE_CURVE('',#344,#344,#44,.T.);
#279=EDGE_CURVE('',#345,#345,#45,.T.);
#280=EDGE_CURVE('',#346,#346,#46,.T.);
#281=EDGE_CURVE('',#347,#347,#47,.T.);
#282=EDGE_CURVE('',#326,#311,#397,.T.);
#283=EDGE_CURVE('',#327,#313,#398,.T.);
#284=EDGE_CURVE('',#348,#348,#48,.T.);
#285=EDGE_CURVE('',#349,#349,#49,.T.);
#286=EDGE_CURVE('',#350,#350,#50,.T.);
#287=EDGE_CURVE('',#351,#351,#51,.T.);
#288=EDGE_CURVE('',#352,#352,#52,.F.);
#289=EDGE_CURVE('',#353,#353,#53,.F.);
#290=EDGE_CURVE('',#354,#354,#54,.F.);
#291=EDGE_CURVE('',#355,#355,#55,.F.);
#292=EDGE_CURVE('',#356,#356,#56,.F.);
#293=EDGE_CURVE('',#357,#357,#57,.F.);
#294=EDGE_CURVE('',#358,#358,#58,.F.);
#295=EDGE_CURVE('',#359,#359,#59,.F.);
#296=EDGE_CURVE('',#360,#360,#60,.F.);
#297=EDGE_CURVE('',#361,#361,#61,.F.);
#298=EDGE_CURVE('',#362,#362,#62,.T.);
#299=EDGE_CURVE('',#363,#363,#63,.T.);
#300=EDGE_CURVE('',#364,#364,#64,.T.);
#301=EDGE_CURVE('',#365,#365,#65,.T.);
#302=EDGE_CURVE('',#366,#366,#66,.T.);
#303=EDGE_CURVE('',#367,#367,#67,.T.);
#304=EDGE_CURVE('',#368,#368,#68,.T.);
#305=EDGE_CURVE('',#369,#369,#69,.T.);
#306=EDGE_CURVE('',#370,#370,#70,.T.);
#307=EDGE_CURVE('',#371,#371,#71,.T.);
#308=EDGE_CURVE('',#372,#372,#72,.T.);
#309=EDGE_CURVE('',#373,#373,#73,.T.);
#310=VERTEX_POINT('',#991);
#311=VERTEX_POINT('',#992);
#312=VERTEX_POINT('',#994);
#313=VERTEX_POINT('',#996);
#314=VERTEX_POINT('',#1000);
#315=VERTEX_POINT('',#1002);
#316=VERTEX_POINT('',#1006);
#317=VERTEX_POINT('',#1008);
#318=VERTEX_POINT('',#1012);
#319=VERTEX_POINT('',#1014);
#320=VERTEX_POINT('',#1018);
#321=VERTEX_POINT('',#1020);
#322=VERTEX_POINT('',#1024);
#323=VERTEX_POINT('',#1026);
#324=VERTEX_POINT('',#1030);
#325=VERTEX_POINT('',#1032);
#326=VERTEX_POINT('',#1036);
#327=VERTEX_POINT('',#1038);
#328=VERTEX_POINT('',#1042);
#329=VERTEX_POINT('',#1044);
#330=VERTEX_POINT('',#1047);
#331=VERTEX_POINT('',#1049);
#332=VERTEX_POINT('',#1052);
#333=VERTEX_POINT('',#1054);
#334=VERTEX_POINT('',#1057);
#335=VERTEX_POINT('',#1059);
#336=VERTEX_POINT('',#1062);
#337=VERTEX_POINT('',#1064);
#338=VERTEX_POINT('',#1067);
#339=VERTEX_POINT('',#1069);
#340=VERTEX_POINT('',#1072);
#341=VERTEX_POINT('',#1074);
#342=VERTEX_POINT('',#1077);
#343=VERTEX_POINT('',#1079);
#344=VERTEX_POINT('',#1082);
#345=VERTEX_POINT('',#1084);
#346=VERTEX_POINT('',#1087);
#347=VERTEX_POINT('',#1089);
#348=VERTEX_POINT('',#1095);
#349=VERTEX_POINT('',#1097);
#350=VERTEX_POINT('',#1100);
#351=VERTEX_POINT('',#1102);
#352=VERTEX_POINT('',#1105);
#353=VERTEX_POINT('',#1107);
#354=VERTEX_POINT('',#1109);
#355=VERTEX_POINT('',#1111);
#356=VERTEX_POINT('',#1113);
#357=VERTEX_POINT('',#1115);
#358=VERTEX_POINT('',#1117);
#359=VERTEX_POINT('',#1119);
#360=VERTEX_POINT('',#1121);
#361=VERTEX_POINT('',#1123);
#362=VERTEX_POINT('',#1125);
#363=VERTEX_POINT('',#1127);
#364=VERTEX_POINT('',#1129);
#365=VERTEX_POINT('',#1131);
#366=VERTEX_POINT('',#1134);
#367=VERTEX_POINT('',#1136);
#368=VERTEX_POINT('',#1138);
#369=VERTEX_POINT('',#1140);
#370=VERTEX_POINT('',#1143);
#371=VERTEX_POINT('',#1147);
#372=VERTEX_POINT('',#1151);
#373=VERTEX_POINT('',#1155);
#374=LINE('',#990,#399);
#375=LINE('',#993,#400);
#376=LINE('',#995,#401);
#377=LINE('',#997,#402);
#378=LINE('',#999,#403);
#379=LINE('',#1001,#404);
#380=LINE('',#1003,#405);
#381=LINE('',#1005,#406);
#382=LINE('',#1007,#407);
#383=LINE('',#1009,#408);
#384=LINE('',#1011,#409);
#385=LINE('',#1013,#410);
#386=LINE('',#1015,#411);
#387=LINE('',#1017,#412);
#388=LINE('',#1019,#413);
#389=LINE('',#1021,#414);
#390=LINE('',#1023,#415);
#391=LINE('',#1025,#416);
#392=LINE('',#1027,#417);
#393=LINE('',#1031,#418);
#394=LINE('',#1035,#419);
#395=LINE('',#1037,#420);
#396=LINE('',#1039,#421);
#397=LINE('',#1091,#422);
#398=LINE('',#1092,#423);
#399=VECTOR('',#787,1.);
#400=VECTOR('',#788,1.);
#401=VECTOR('',#789,1.);
#402=VECTOR('',#790,1.);
#403=VECTOR('',#793,1.);
#404=VECTOR('',#794,1.);
#405=VECTOR('',#795,1.);
#406=VECTOR('',#798,1.);
#407=VECTOR('',#799,1.);
#408=VECTOR('',#800,1.);
#409=VECTOR('',#803,1.);
#410=VECTOR('',#804,1.);
#411=VECTOR('',#805,1.);
#412=VECTOR('',#808,1.);
#413=VECTOR('',#809,1.);
#414=VECTOR('',#810,1.);
#415=VECTOR('',#813,1.);
#416=VECTOR('',#814,1.);
#417=VECTOR('',#815,1.);
#418=VECTOR('',#820,1.);
#419=VECTOR('',#825,1.);
#420=VECTOR('',#826,1.);
#421=VECTOR('',#827,1.);
#422=VECTOR('',#890,1.);
#423=VECTOR('',#891,1.);
#424=EDGE_LOOP('',(#91,#92,#93,#94));
#425=EDGE_LOOP('',(#95,#96,#97,#98));
#426=EDGE_LOOP('',(#99,#100,#101,#102));
#427=EDGE_LOOP('',(#103,#104,#105,#106));
#428=EDGE_LOOP('',(#107,#108,#109,#110));
#429=EDGE_LOOP('',(#111,#112,#113,#114));
#430=EDGE_LOOP('',(#115,#116,#117,#118));
#431=EDGE_LOOP('',(#119,#120,#121,#122));
#432=EDGE_LOOP('',(#123));
#433=EDGE_LOOP('',(#124));
#434=EDGE_LOOP('',(#125));
#435=EDGE_LOOP('',(#126));
#436=EDGE_LOOP('',(#127));
#437=EDGE_LOOP('',(#128));
#438=EDGE_LOOP('',(#129));
#439=EDGE_LOOP('',(#130));
#440=EDGE_LOOP('',(#131));
#441=EDGE_LOOP('',(#132));
#442=EDGE_LOOP('',(#133));
#443=EDGE_LOOP('',(#134));
#444=EDGE_LOOP('',(#135));
#445=EDGE_LOOP('',(#136));
#446=EDGE_LOOP('',(#137));
#447=EDGE_LOOP('',(#138));
#448=EDGE_LOOP('',(#139));
#449=EDGE_LOOP('',(#140));
#450=EDGE_LOOP('',(#141));
#451=EDGE_LOOP('',(#142));
#452=EDGE_LOOP('',(#143,#144,#145,#146));
#453=EDGE_LOOP('',(#147));
#454=EDGE_LOOP('',(#148));
#455=EDGE_LOOP('',(#149));
#456=EDGE_LOOP('',(#150));
#457=EDGE_LOOP('',(#151));
#458=EDGE_LOOP('',(#152));
#459=EDGE_LOOP('',(#153));
#460=EDGE_LOOP('',(#154));
#461=EDGE_LOOP('',(#155));
#462=EDGE_LOOP('',(#156));
#463=EDGE_LOOP('',(#157));
#464=EDGE_LOOP('',(#158));
#465=EDGE_LOOP('',(#159));
#466=EDGE_LOOP('',(#160));
#467=EDGE_LOOP('',(#161));
#468=EDGE_LOOP('',(#162));
#469=EDGE_LOOP('',(#163));
#470=EDGE_LOOP('',(#164));
#471=EDGE_LOOP('',(#165,#166,#167,#168,#169,#170,#171,#172,#173));
#472=EDGE_LOOP('',(#174));
#473=EDGE_LOOP('',(#175));
#474=EDGE_LOOP('',(#176));
#475=EDGE_LOOP('',(#177));
#476=EDGE_LOOP('',(#178));
#477=EDGE_LOOP('',(#179));
#478=EDGE_LOOP('',(#180));
#479=EDGE_LOOP('',(#181,#182,#183,#184,#185,#186,#187,#188,#189));
#480=EDGE_LOOP('',(#190));
#481=EDGE_LOOP('',(#191));
#482=EDGE_LOOP('',(#192));
#483=EDGE_LOOP('',(#193));
#484=EDGE_LOOP('',(#194));
#485=EDGE_LOOP('',(#195));
#486=EDGE_LOOP('',(#196));
#487=EDGE_LOOP('',(#197));
#488=EDGE_LOOP('',(#198));
#489=EDGE_LOOP('',(#199));
#490=EDGE_LOOP('',(#200));
#491=EDGE_LOOP('',(#201));
#492=EDGE_LOOP('',(#202));
#493=EDGE_LOOP('',(#203));
#494=EDGE_LOOP('',(#204));
#495=EDGE_LOOP('',(#205));
#496=EDGE_LOOP('',(#206));
#497=EDGE_LOOP('',(#207));
#498=EDGE_LOOP('',(#208));
#499=EDGE_LOOP('',(#209));
#500=EDGE_LOOP('',(#210));
#501=EDGE_LOOP('',(#211));
#502=EDGE_LOOP('',(#212));
#503=EDGE_LOOP('',(#213));
#504=EDGE_LOOP('',(#214));
#505=EDGE_LOOP('',(#215));
#506=EDGE_LOOP('',(#216));
#507=EDGE_LOOP('',(#217));
#508=EDGE_LOOP('',(#218));
#509=EDGE_LOOP('',(#219));
#510=EDGE_LOOP('',(#220));
#511=EDGE_LOOP('',(#221));
#512=EDGE_LOOP('',(#222));
#513=EDGE_LOOP('',(#223));
#514=EDGE_LOOP('',(#224));
#515=EDGE_LOOP('',(#225));
#516=EDGE_LOOP('',(#226));
#517=EDGE_LOOP('',(#227));
#518=EDGE_LOOP('',(#228));
#519=EDGE_LOOP('',(#229));
#520=EDGE_LOOP('',(#230));
#521=EDGE_LOOP('',(#231));
#522=EDGE_LOOP('',(#232));
#523=EDGE_LOOP('',(#233));
#524=EDGE_LOOP('',(#234));
#525=EDGE_LOOP('',(#235));
#526=EDGE_LOOP('',(#236));
#527=FACE_BOUND('',#424,.T.);
#528=FACE_BOUND('',#425,.T.);
#529=FACE_BOUND('',#426,.T.);
#530=FACE_BOUND('',#427,.T.);
#531=FACE_BOUND('',#428,.T.);
#532=FACE_BOUND('',#429,.T.);
#533=FACE_BOUND('',#430,.T.);
#534=FACE_BOUND('',#431,.T.);
#535=FACE_BOUND('',#432,.T.);
#536=FACE_BOUND('',#433,.T.);
#537=FACE_BOUND('',#434,.T.);
#538=FACE_BOUND('',#435,.T.);
#539=FACE_BOUND('',#436,.T.);
#540=FACE_BOUND('',#437,.T.);
#541=FACE_BOUND('',#438,.T.);
#542=FACE_BOUND('',#439,.T.);
#543=FACE_BOUND('',#440,.T.);
#544=FACE_BOUND('',#441,.T.);
#545=FACE_BOUND('',#442,.T.);
#546=FACE_BOUND('',#443,.T.);
#547=FACE_BOUND('',#444,.T.);
#548=FACE_BOUND('',#445,.T.);
#549=FACE_BOUND('',#446,.T.);
#550=FACE_BOUND('',#447,.T.);
#551=FACE_BOUND('',#448,.T.);
#552=FACE_BOUND('',#449,.T.);
#553=FACE_BOUND('',#450,.T.);
#554=FACE_BOUND('',#451,.T.);
#555=FACE_BOUND('',#452,.T.);
#556=FACE_BOUND('',#453,.T.);
#557=FACE_BOUND('',#454,.T.);
#558=FACE_BOUND('',#455,.T.);
#559=FACE_BOUND('',#456,.T.);
#560=FACE_BOUND('',#457,.T.);
#561=FACE_BOUND('',#458,.T.);
#562=FACE_BOUND('',#459,.T.);
#563=FACE_BOUND('',#460,.T.);
#564=FACE_BOUND('',#461,.T.);
#565=FACE_BOUND('',#462,.T.);
#566=FACE_BOUND('',#463,.T.);
#567=FACE_BOUND('',#464,.T.);
#568=FACE_BOUND('',#465,.T.);
#569=FACE_BOUND('',#466,.T.);
#570=FACE_BOUND('',#467,.T.);
#571=FACE_BOUND('',#468,.T.);
#572=FACE_BOUND('',#469,.T.);
#573=FACE_BOUND('',#470,.T.);
#574=FACE_BOUND('',#471,.T.);
#575=FACE_BOUND('',#472,.T.);
#576=FACE_BOUND('',#473,.T.);
#577=FACE_BOUND('',#474,.T.);
#578=FACE_BOUND('',#475,.T.);
#579=FACE_BOUND('',#476,.T.);
#580=FACE_BOUND('',#477,.T.);
#581=FACE_BOUND('',#478,.T.);
#582=FACE_BOUND('',#479,.T.);
#583=FACE_BOUND('',#480,.T.);
#584=FACE_BOUND('',#481,.T.);
#585=FACE_BOUND('',#482,.T.);
#586=FACE_BOUND('',#483,.T.);
#587=FACE_BOUND('',#484,.T.);
#588=FACE_BOUND('',#485,.T.);
#589=FACE_BOUND('',#486,.T.);
#590=FACE_BOUND('',#487,.T.);
#591=FACE_BOUND('',#488,.T.);
#592=FACE_BOUND('',#489,.T.);
#593=FACE_BOUND('',#490,.T.);
#594=FACE_BOUND('',#491,.T.);
#595=FACE_BOUND('',#492,.T.);
#596=FACE_BOUND('',#493,.T.);
#597=FACE_BOUND('',#494,.T.);
#598=FACE_BOUND('',#495,.T.);
#599=FACE_BOUND('',#496,.T.);
#600=FACE_BOUND('',#497,.T.);
#601=FACE_BOUND('',#498,.T.);
#602=FACE_BOUND('',#499,.T.);
#603=FACE_BOUND('',#500,.T.);
#604=FACE_BOUND('',#501,.T.);
#605=FACE_BOUND('',#502,.T.);
#606=FACE_BOUND('',#503,.T.);
#607=FACE_BOUND('',#504,.T.);
#608=FACE_BOUND('',#505,.T.);
#609=FACE_BOUND('',#506,.T.);
#610=FACE_BOUND('',#507,.T.);
#611=FACE_BOUND('',#508,.T.);
#612=FACE_BOUND('',#509,.T.);
#613=FACE_BOUND('',#510,.T.);
#614=FACE_BOUND('',#511,.T.);
#615=FACE_BOUND('',#512,.T.);
#616=FACE_BOUND('',#513,.T.);
#617=FACE_BOUND('',#514,.T.);
#618=FACE_BOUND('',#515,.T.);
#619=FACE_BOUND('',#516,.T.);
#620=FACE_BOUND('',#517,.T.);
#621=FACE_BOUND('',#518,.T.);
#622=FACE_BOUND('',#519,.T.);
#623=FACE_BOUND('',#520,.T.);
#624=FACE_BOUND('',#521,.T.);
#625=FACE_BOUND('',#522,.T.);
#626=FACE_BOUND('',#523,.T.);
#627=FACE_BOUND('',#524,.T.);
#628=FACE_BOUND('',#525,.T.);
#629=FACE_BOUND('',#526,.T.);
#630=PLANE('',#694);
#631=PLANE('',#695);
#632=PLANE('',#696);
#633=PLANE('',#697);
#634=PLANE('',#698);
#635=PLANE('',#699);
#636=PLANE('',#703);
#637=PLANE('',#734);
#638=PLANE('',#741);
#639=PLANE('',#756);
#640=ADVANCED_FACE('',(#527),#630,.T.);
#641=ADVANCED_FACE('',(#528),#631,.T.);
#642=ADVANCED_FACE('',(#529),#632,.T.);
#643=ADVANCED_FACE('',(#530),#633,.F.);
#644=ADVANCED_FACE('',(#531),#634,.T.);
#645=ADVANCED_FACE('',(#532),#635,.T.);
#646=ADVANCED_FACE('',(#533),#74,.T.);
#647=ADVANCED_FACE('',(#534),#636,.T.);
#648=ADVANCED_FACE('',(#535,#536),#75,.F.);
#649=ADVANCED_FACE('',(#537,#538),#76,.F.);
#650=ADVANCED_FACE('',(#539,#540),#77,.F.);
#651=ADVANCED_FACE('',(#541,#542),#78,.F.);
#652=ADVANCED_FACE('',(#543,#544),#79,.F.);
#653=ADVANCED_FACE('',(#545,#546),#80,.F.);
#654=ADVANCED_FACE('',(#547,#548),#81,.F.);
#655=ADVANCED_FACE('',(#549,#550),#82,.F.);
#656=ADVANCED_FACE('',(#551,#552),#83,.F.);
#657=ADVANCED_FACE('',(#553,#554),#84,.F.);
#658=ADVANCED_FACE('',(#555),#637,.F.);
#659=ADVANCED_FACE('',(#556,#557),#85,.F.);
#660=ADVANCED_FACE('',(#558,#559),#86,.F.);
#661=ADVANCED_FACE('',(#560,#561,#562,#563,#564,#565,#566,#567,#568,#569,#570,#571,#572,#573,#574,#575,#576),#638,.T.);
#662=ADVANCED_FACE('',(#577,#578,#579,#580,#581,#582,#583,#584,#585,#586,#587,#588,#589,#590,#591,#592,#593),#639,.F.);
#663=ADVANCED_FACE('',(#594,#595),#87,.F.);
#664=ADVANCED_FACE('',(#596,#597),#12,.F.);
#665=ADVANCED_FACE('',(#598,#599),#88,.F.);
#666=ADVANCED_FACE('',(#600,#601),#13,.F.);
#667=ADVANCED_FACE('',(#602,#603),#89,.F.);
#668=ADVANCED_FACE('',(#604,#605),#14,.F.);
#669=ADVANCED_FACE('',(#606,#607),#90,.F.);
#670=ADVANCED_FACE('',(#608,#609),#15,.F.);
#671=ADVANCED_FACE('',(#610,#611),#16,.F.);
#672=ADVANCED_FACE('',(#612,#613),#17,.F.);
#673=ADVANCED_FACE('',(#614,#615),#18,.F.);
#674=ADVANCED_FACE('',(#616,#617),#19,.F.);
#675=ADVANCED_FACE('',(#618,#619),#20,.F.);
#676=ADVANCED_FACE('',(#620,#621),#21,.F.);
#677=ADVANCED_FACE('',(#622,#623),#22,.F.);
#678=ADVANCED_FACE('',(#624,#625),#23,.F.);
#679=ADVANCED_FACE('',(#626,#627),#24,.F.);
#680=ADVANCED_FACE('',(#628,#629),#25,.F.);
#681=CLOSED_SHELL('',(#640,#641,#642,#643,#644,#645,#646,#647,#648,#649,#650,#651,#652,#653,#654,#655,#656,#657,#658,#659,#660,#661,#662,#663,#664,#665,#666,#667,#668,#669,#670,#671,#672,#673,#674,#675,#676,#677,#678,#679,#680));
#682=STYLED_ITEM('',(#683),#690);
#683=PRESENTATION_STYLE_ASSIGNMENT((#684));
#684=SURFACE_STYLE_USAGE(.BOTH.,#685);
#685=SURFACE_SIDE_STYLE('',(#686));
#686=SURFACE_STYLE_FILL_AREA(#687);
#687=FILL_AREA_STYLE('',(#688));
#688=FILL_AREA_STYLE_COLOUR('',#689);
#689=COLOUR_RGB('',0.917647058823529,0.917647058823529,0.917647058823529);
#690=MANIFOLD_SOLID_BREP('leftPlate',#681);
#691=SHAPE_DEFINITION_REPRESENTATION(#1173,#692);
#692=SHAPE_REPRESENTATION('leftPlate',(#693),#1168);
#693=AXIS2_PLACEMENT_3D('',#988,#783,#784);
#694=AXIS2_PLACEMENT_3D('',#989,#785,#786);
#695=AXIS2_PLACEMENT_3D('',#998,#791,#792);
#696=AXIS2_PLACEMENT_3D('',#1004,#796,#797);
#697=AXIS2_PLACEMENT_3D('',#1010,#801,#802);
#698=AXIS2_PLACEMENT_3D('',#1016,#806,#807);
#699=AXIS2_PLACEMENT_3D('',#1022,#811,#812);
#700=AXIS2_PLACEMENT_3D('',#1028,#816,#817);
#701=AXIS2_PLACEMENT_3D('',#1029,#818,#819);
#702=AXIS2_PLACEMENT_3D('',#1033,#821,#822);
#703=AXIS2_PLACEMENT_3D('',#1034,#823,#824);
#704=AXIS2_PLACEMENT_3D('',#1040,#828,#829);
#705=AXIS2_PLACEMENT_3D('',#1041,#830,#831);
#706=AXIS2_PLACEMENT_3D('',#1043,#832,#833);
#707=AXIS2_PLACEMENT_3D('',#1045,#834,#835);
#708=AXIS2_PLACEMENT_3D('',#1046,#836,#837);
#709=AXIS2_PLACEMENT_3D('',#1048,#838,#839);
#710=AXIS2_PLACEMENT_3D('',#1050,#840,#841);
#711=AXIS2_PLACEMENT_3D('',#1051,#842,#843);
#712=AXIS2_PLACEMENT_3D('',#1053,#844,#845);
#713=AXIS2_PLACEMENT_3D('',#1055,#846,#847);
#714=AXIS2_PLACEMENT_3D('',#1056,#848,#849);
#715=AXIS2_PLACEMENT_3D('',#1058,#850,#851);
#716=AXIS2_PLACEMENT_3D('',#1060,#852,#853);
#717=AXIS2_PLACEMENT_3D('',#1061,#854,#855);
#718=AXIS2_PLACEMENT_3D('',#1063,#856,#857);
#719=AXIS2_PLACEMENT_3D('',#1065,#858,#859);
#720=AXIS2_PLACEMENT_3D('',#1066,#860,#861);
#721=AXIS2_PLACEMENT_3D('',#1068,#862,#863);
#722=AXIS2_PLACEMENT_3D('',#1070,#864,#865);
#723=AXIS2_PLACEMENT_3D('',#1071,#866,#867);
#724=AXIS2_PLACEMENT_3D('',#1073,#868,#869);
#725=AXIS2_PLACEMENT_3D('',#1075,#870,#871);
#726=AXIS2_PLACEMENT_3D('',#1076,#872,#873);
#727=AXIS2_PLACEMENT_3D('',#1078,#874,#875);
#728=AXIS2_PLACEMENT_3D('',#1080,#876,#877);
#729=AXIS2_PLACEMENT_3D('',#1081,#878,#879);
#730=AXIS2_PLACEMENT_3D('',#1083,#880,#881);
#731=AXIS2_PLACEMENT_3D('',#1085,#882,#883);
#732=AXIS2_PLACEMENT_3D('',#1086,#884,#885);
#733=AXIS2_PLACEMENT_3D('',#1088,#886,#887);
#734=AXIS2_PLACEMENT_3D('',#1090,#888,#889);
#735=AXIS2_PLACEMENT_3D('',#1093,#892,#893);
#736=AXIS2_PLACEMENT_3D('',#1094,#894,#895);
#737=AXIS2_PLACEMENT_3D('',#1096,#896,#897);
#738=AXIS2_PLACEMENT_3D('',#1098,#898,#899);
#739=AXIS2_PLACEMENT_3D('',#1099,#900,#901);
#740=AXIS2_PLACEMENT_3D('',#1101,#902,#903);
#741=AXIS2_PLACEMENT_3D('',#1103,#904,#905);
#742=AXIS2_PLACEMENT_3D('',#1104,#906,#907);
#743=AXIS2_PLACEMENT_3D('',#1106,#908,#909);
#744=AXIS2_PLACEMENT_3D('',#1108,#910,#911);
#745=AXIS2_PLACEMENT_3D('',#1110,#912,#913);
#746=AXIS2_PLACEMENT_3D('',#1112,#914,#915);
#747=AXIS2_PLACEMENT_3D('',#1114,#916,#917);
#748=AXIS2_PLACEMENT_3D('',#1116,#918,#919);
#749=AXIS2_PLACEMENT_3D('',#1118,#920,#921);
#750=AXIS2_PLACEMENT_3D('',#1120,#922,#923);
#751=AXIS2_PLACEMENT_3D('',#1122,#924,#925);
#752=AXIS2_PLACEMENT_3D('',#1124,#926,#927);
#753=AXIS2_PLACEMENT_3D('',#1126,#928,#929);
#754=AXIS2_PLACEMENT_3D('',#1128,#930,#931);
#755=AXIS2_PLACEMENT_3D('',#1130,#932,#933);
#756=AXIS2_PLACEMENT_3D('',#1132,#934,#935);
#757=AXIS2_PLACEMENT_3D('',#1133,#936,#937);
#758=AXIS2_PLACEMENT_3D('',#1135,#938,#939);
#759=AXIS2_PLACEMENT_3D('',#1137,#940,#941);
#760=AXIS2_PLACEMENT_3D('',#1139,#942,#943);
#761=AXIS2_PLACEMENT_3D('',#1141,#944,#945);
#762=AXIS2_PLACEMENT_3D('',#1142,#946,#947);
#763=AXIS2_PLACEMENT_3D('',#1144,#948,#949);
#764=AXIS2_PLACEMENT_3D('',#1145,#950,#951);
#765=AXIS2_PLACEMENT_3D('',#1146,#952,#953);
#766=AXIS2_PLACEMENT_3D('',#1148,#954,#955);
#767=AXIS2_PLACEMENT_3D('',#1149,#956,#957);
#768=AXIS2_PLACEMENT_3D('',#1150,#958,#959);
#769=AXIS2_PLACEMENT_3D('',#1152,#960,#961);
#770=AXIS2_PLACEMENT_3D('',#1153,#962,#963);
#771=AXIS2_PLACEMENT_3D('',#1154,#964,#965);
#772=AXIS2_PLACEMENT_3D('',#1156,#966,#967);
#773=AXIS2_PLACEMENT_3D('',#1157,#968,#969);
#774=AXIS2_PLACEMENT_3D('',#1158,#970,#971);
#775=AXIS2_PLACEMENT_3D('',#1159,#972,#973);
#776=AXIS2_PLACEMENT_3D('',#1160,#974,#975);
#777=AXIS2_PLACEMENT_3D('',#1161,#976,#977);
#778=AXIS2_PLACEMENT_3D('',#1162,#978,#979);
#779=AXIS2_PLACEMENT_3D('',#1163,#980,#981);
#780=AXIS2_PLACEMENT_3D('',#1164,#982,#983);
#781=AXIS2_PLACEMENT_3D('',#1165,#984,#985);
#782=AXIS2_PLACEMENT_3D('',#1166,#986,#987);
#783=DIRECTION('',(0.,0.,1.));
#784=DIRECTION('',(1.,0.,0.));
#785=DIRECTION('',(1.,-1.97127667724636E-16,-1.97127667724636E-16));
#786=DIRECTION('',(-1.97127667724636E-16,0.,-1.));
#787=DIRECTION('',(-2.78780621215158E-16,-0.707106781186548,-0.707106781186548));
#788=DIRECTION('',(0.,0.707106781186548,-0.707106781186548));
#789=DIRECTION('',(-2.78780621215158E-16,-0.707106781186548,-0.707106781186548));
#790=DIRECTION('',(0.,0.707106781186548,-0.707106781186548));
#791=DIRECTION('',(0.,0.707106781186548,0.707106781186548));
#792=DIRECTION('',(0.,-0.707106781186548,0.707106781186548));
#793=DIRECTION('',(1.,0.,0.));
#794=DIRECTION('',(0.,0.707106781186548,-0.707106781186548));
#795=DIRECTION('',(1.,0.,0.));
#796=DIRECTION('',(1.,0.,0.));
#797=DIRECTION('',(0.,0.,-1.));
#798=DIRECTION('',(0.,-0.707106781186548,-0.707106781186548));
#799=DIRECTION('',(0.,0.707106781186548,-0.707106781186548));
#800=DIRECTION('',(0.,-0.707106781186548,-0.707106781186548));
#801=DIRECTION('',(0.,0.707106781186548,0.707106781186548));
#802=DIRECTION('',(0.,-0.707106781186548,0.707106781186548));
#803=DIRECTION('',(1.,0.,0.));
#804=DIRECTION('',(0.,0.707106781186548,-0.707106781186548));
#805=DIRECTION('',(1.,0.,0.));
#806=DIRECTION('',(1.,-1.97127667724637E-16,-1.97127667724637E-16));
#807=DIRECTION('',(-1.97127667724637E-16,0.,-1.));
#808=DIRECTION('',(-2.78780621215159E-16,-0.707106781186548,-0.707106781186548));
#809=DIRECTION('',(0.,0.707106781186548,-0.707106781186548));
#810=DIRECTION('',(-2.78780621215159E-16,-0.707106781186548,-0.707106781186548));
#811=DIRECTION('',(0.,0.707106781186548,0.707106781186548));
#812=DIRECTION('',(0.,-0.707106781186548,0.707106781186548));
#813=DIRECTION('',(1.,0.,0.));
#814=DIRECTION('',(0.,0.707106781186548,-0.707106781186548));
#815=DIRECTION('',(1.,0.,0.));
#816=DIRECTION('',(0.,0.707106781186548,-0.707106781186548));
#817=DIRECTION('',(0.,0.707106781186548,0.707106781186548));
#818=DIRECTION('',(0.,-0.707106781186548,0.707106781186548));
#819=DIRECTION('',(0.,-0.707106781186548,-0.707106781186548));
#820=DIRECTION('',(0.,0.707106781186548,-0.707106781186548));
#821=DIRECTION('',(0.,-0.707106781186548,0.707106781186548));
#822=DIRECTION('',(0.,-0.707106781186548,-0.707106781186548));
#823=DIRECTION('',(-1.,0.,0.));
#824=DIRECTION('',(0.,0.,1.));
#825=DIRECTION('',(0.,0.707106781186548,0.707106781186548));
#826=DIRECTION('',(0.,0.707106781186548,-0.707106781186548));
#827=DIRECTION('',(0.,0.707106781186548,0.707106781186548));
#828=DIRECTION('',(0.,0.707106781186548,-0.707106781186548));
#829=DIRECTION('',(0.,0.707106781186548,0.707106781186548));
#830=DIRECTION('',(0.,-0.707106781186548,0.707106781186548));
#831=DIRECTION('',(0.,-0.707106781186548,-0.707106781186548));
#832=DIRECTION('',(0.,-0.707106781186548,0.707106781186548));
#833=DIRECTION('',(0.,-0.707106781186548,-0.707106781186548));
#834=DIRECTION('',(0.,0.707106781186548,-0.707106781186548));
#835=DIRECTION('',(0.,0.707106781186548,0.707106781186548));
#836=DIRECTION('',(0.,-0.707106781186547,0.707106781186548));
#837=DIRECTION('',(0.,-0.707106781186548,-0.707106781186547));
#838=DIRECTION('',(0.,-0.707106781186548,0.707106781186548));
#839=DIRECTION('',(0.,-0.707106781186548,-0.707106781186548));
#840=DIRECTION('',(0.,0.707106781186548,-0.707106781186548));
#841=DIRECTION('',(0.,0.707106781186548,0.707106781186548));
#842=DIRECTION('',(0.,-0.707106781186549,0.707106781186546));
#843=DIRECTION('',(0.,-0.707106781186546,-0.707106781186549));
#844=DIRECTION('',(0.,-0.707106781186548,0.707106781186548));
#845=DIRECTION('',(0.,-0.707106781186548,-0.707106781186548));
#846=DIRECTION('',(0.,0.707106781186548,-0.707106781186548));
#847=DIRECTION('',(0.,0.707106781186548,0.707106781186548));
#848=DIRECTION('',(0.,-0.707106781186548,0.707106781186548));
#849=DIRECTION('',(0.,-0.707106781186548,-0.707106781186548));
#850=DIRECTION('',(0.,-0.707106781186548,0.707106781186548));
#851=DIRECTION('',(0.,-0.707106781186548,-0.707106781186548));
#852=DIRECTION('',(0.,0.707106781186548,-0.707106781186548));
#853=DIRECTION('',(0.,0.707106781186548,0.707106781186548));
#854=DIRECTION('',(0.,-0.707106781186548,0.707106781186548));
#855=DIRECTION('',(0.,-0.707106781186548,-0.707106781186548));
#856=DIRECTION('',(0.,-0.707106781186548,0.707106781186548));
#857=DIRECTION('',(0.,-0.707106781186548,-0.707106781186548));
#858=DIRECTION('',(0.,0.707106781186548,-0.707106781186548));
#859=DIRECTION('',(0.,0.707106781186548,0.707106781186548));
#860=DIRECTION('',(0.,-0.707106781186548,0.707106781186548));
#861=DIRECTION('',(0.,-0.707106781186548,-0.707106781186548));
#862=DIRECTION('',(0.,-0.707106781186548,0.707106781186548));
#863=DIRECTION('',(0.,-0.707106781186548,-0.707106781186548));
#864=DIRECTION('',(0.,0.707106781186548,-0.707106781186548));
#865=DIRECTION('',(0.,0.707106781186548,0.707106781186548));
#866=DIRECTION('',(0.,-0.707106781186548,0.707106781186548));
#867=DIRECTION('',(0.,-0.707106781186548,-0.707106781186548));
#868=DIRECTION('',(0.,-0.707106781186548,0.707106781186548));
#869=DIRECTION('',(0.,-0.707106781186548,-0.707106781186548));
#870=DIRECTION('',(0.,0.707106781186548,-0.707106781186548));
#871=DIRECTION('',(0.,0.707106781186548,0.707106781186548));
#872=DIRECTION('',(0.,-0.707106781186548,0.707106781186548));
#873=DIRECTION('',(0.,-0.707106781186548,-0.707106781186548));
#874=DIRECTION('',(0.,-0.707106781186548,0.707106781186548));
#875=DIRECTION('',(0.,-0.707106781186548,-0.707106781186548));
#876=DIRECTION('',(0.,0.707106781186548,-0.707106781186548));
#877=DIRECTION('',(0.,0.707106781186548,0.707106781186548));
#878=DIRECTION('',(0.,-0.707106781186548,0.707106781186548));
#879=DIRECTION('',(0.,-0.707106781186548,-0.707106781186548));
#880=DIRECTION('',(0.,-0.707106781186548,0.707106781186548));
#881=DIRECTION('',(0.,-0.707106781186548,-0.707106781186548));
#882=DIRECTION('',(0.,0.707106781186548,-0.707106781186548));
#883=DIRECTION('',(0.,0.707106781186548,0.707106781186548));
#884=DIRECTION('',(0.,-0.707106781186549,0.707106781186546));
#885=DIRECTION('',(0.,-0.707106781186546,-0.707106781186549));
#886=DIRECTION('',(0.,-0.707106781186548,0.707106781186548));
#887=DIRECTION('',(0.,-0.707106781186548,-0.707106781186548));
#888=DIRECTION('',(0.,0.707106781186548,0.707106781186548));
#889=DIRECTION('',(0.,-0.707106781186548,0.707106781186548));
#890=DIRECTION('',(1.,0.,0.));
#891=DIRECTION('',(1.,0.,0.));
#892=DIRECTION('',(0.,0.707106781186548,-0.707106781186548));
#893=DIRECTION('',(0.,0.707106781186548,0.707106781186548));
#894=DIRECTION('',(0.,-0.707106781186541,0.707106781186555));
#895=DIRECTION('',(0.,-0.707106781186555,-0.707106781186541));
#896=DIRECTION('',(0.,-0.707106781186548,0.707106781186548));
#897=DIRECTION('',(0.,-0.707106781186548,-0.707106781186548));
#898=DIRECTION('',(0.,0.707106781186548,-0.707106781186548));
#899=DIRECTION('',(0.,0.707106781186548,0.707106781186548));
#900=DIRECTION('',(0.,-0.707106781186544,0.707106781186551));
#901=DIRECTION('',(0.,-0.707106781186551,-0.707106781186544));
#902=DIRECTION('',(0.,-0.707106781186548,0.707106781186548));
#903=DIRECTION('',(0.,-0.707106781186548,-0.707106781186548));
#904=DIRECTION('',(0.,-0.707106781186548,0.707106781186548));
#905=DIRECTION('',(1.,0.,0.));
#906=DIRECTION('',(0.,-0.707106781186548,0.707106781186548));
#907=DIRECTION('',(0.,-0.707106781186548,-0.707106781186548));
#908=DIRECTION('',(0.,-0.707106781186548,0.707106781186548));
#909=DIRECTION('',(0.,-0.707106781186548,-0.707106781186548));
#910=DIRECTION('',(0.,-0.707106781186548,0.707106781186548));
#911=DIRECTION('',(0.,-0.707106781186548,-0.707106781186548));
#912=DIRECTION('',(0.,-0.707106781186548,0.707106781186548));
#913=DIRECTION('',(0.,-0.707106781186548,-0.707106781186548));
#914=DIRECTION('',(0.,-0.707106781186548,0.707106781186548));
#915=DIRECTION('',(0.,-0.707106781186548,-0.707106781186548));
#916=DIRECTION('',(0.,-0.707106781186548,0.707106781186548));
#917=DIRECTION('',(0.,-0.707106781186548,-0.707106781186548));
#918=DIRECTION('',(0.,-0.707106781186548,0.707106781186548));
#919=DIRECTION('',(0.,-0.707106781186548,-0.707106781186548));
#920=DIRECTION('',(0.,-0.707106781186548,0.707106781186548));
#921=DIRECTION('',(0.,-0.707106781186548,-0.707106781186548));
#922=DIRECTION('',(0.,-0.707106781186548,0.707106781186548));
#923=DIRECTION('',(0.,-0.707106781186548,-0.707106781186548));
#924=DIRECTION('',(0.,-0.707106781186548,0.707106781186548));
#925=DIRECTION('',(0.,-0.707106781186548,-0.707106781186548));
#926=DIRECTION('',(0.,0.707106781186548,-0.707106781186548));
#927=DIRECTION('',(0.,0.707106781186548,0.707106781186548));
#928=DIRECTION('',(0.,0.707106781186548,-0.707106781186548));
#929=DIRECTION('',(0.,0.707106781186548,0.707106781186548));
#930=DIRECTION('',(0.,0.707106781186548,-0.707106781186548));
#931=DIRECTION('',(0.,0.707106781186548,0.707106781186548));
#932=DIRECTION('',(0.,0.707106781186548,-0.707106781186548));
#933=DIRECTION('',(0.,0.707106781186548,0.707106781186548));
#934=DIRECTION('',(0.,-0.707106781186548,0.707106781186548));
#935=DIRECTION('',(1.,0.,0.));
#936=DIRECTION('',(0.,0.707106781186548,-0.707106781186548));
#937=DIRECTION('',(0.,0.707106781186548,0.707106781186548));
#938=DIRECTION('',(0.,0.707106781186548,-0.707106781186548));
#939=DIRECTION('',(0.,0.707106781186548,0.707106781186548));
#940=DIRECTION('',(0.,0.707106781186548,-0.707106781186548));
#941=DIRECTION('',(0.,0.707106781186548,0.707106781186548));
#942=DIRECTION('',(0.,0.707106781186548,-0.707106781186548));
#943=DIRECTION('',(0.,0.707106781186548,0.707106781186548));
#944=DIRECTION('',(0.,0.707106781186548,-0.707106781186548));
#945=DIRECTION('',(0.,0.707106781186548,0.707106781186548));
#946=DIRECTION('',(0.,0.707106781186548,-0.707106781186548));
#947=DIRECTION('',(0.,0.707106781186548,0.707106781186548));
#948=DIRECTION('',(0.,-0.707106781186548,0.707106781186548));
#949=DIRECTION('',(0.,-0.707106781186548,-0.707106781186548));
#950=DIRECTION('',(0.,0.707106781186548,-0.707106781186548));
#951=DIRECTION('',(0.,0.707106781186548,0.707106781186548));
#952=DIRECTION('',(0.,0.707106781186548,-0.707106781186548));
#953=DIRECTION('',(0.,0.707106781186548,0.707106781186548));
#954=DIRECTION('',(0.,-0.707106781186548,0.707106781186548));
#955=DIRECTION('',(0.,-0.707106781186548,-0.707106781186548));
#956=DIRECTION('',(0.,0.707106781186548,-0.707106781186548));
#957=DIRECTION('',(0.,0.707106781186548,0.707106781186548));
#958=DIRECTION('',(0.,0.707106781186548,-0.707106781186548));
#959=DIRECTION('',(0.,0.707106781186548,0.707106781186548));
#960=DIRECTION('',(0.,-0.707106781186548,0.707106781186548));
#961=DIRECTION('',(0.,-0.707106781186548,-0.707106781186548));
#962=DIRECTION('',(0.,0.707106781186548,-0.707106781186548));
#963=DIRECTION('',(0.,0.707106781186548,0.707106781186548));
#964=DIRECTION('',(0.,0.707106781186548,-0.707106781186548));
#965=DIRECTION('',(0.,0.707106781186548,0.707106781186548));
#966=DIRECTION('',(0.,-0.707106781186548,0.707106781186548));
#967=DIRECTION('',(0.,-0.707106781186548,-0.707106781186548));
#968=DIRECTION('',(0.,-0.707106781186541,0.707106781186555));
#969=DIRECTION('',(0.,-0.707106781186555,-0.707106781186541));
#970=DIRECTION('',(0.,-0.707106781186549,0.707106781186546));
#971=DIRECTION('',(0.,-0.707106781186546,-0.707106781186549));
#972=DIRECTION('',(0.,-0.707106781186548,0.707106781186548));
#973=DIRECTION('',(0.,-0.707106781186548,-0.707106781186548));
#974=DIRECTION('',(0.,-0.707106781186548,0.707106781186548));
#975=DIRECTION('',(0.,-0.707106781186548,-0.707106781186548));
#976=DIRECTION('',(0.,-0.707106781186548,0.707106781186548));
#977=DIRECTION('',(0.,-0.707106781186548,-0.707106781186548));
#978=DIRECTION('',(0.,-0.707106781186548,0.707106781186548));
#979=DIRECTION('',(0.,-0.707106781186548,-0.707106781186548));
#980=DIRECTION('',(0.,-0.707106781186549,0.707106781186546));
#981=DIRECTION('',(0.,-0.707106781186546,-0.707106781186549));
#982=DIRECTION('',(0.,-0.707106781186547,0.707106781186548));
#983=DIRECTION('',(0.,-0.707106781186548,-0.707106781186547));
#984=DIRECTION('',(0.,-0.707106781186544,0.707106781186551));
#985=DIRECTION('',(0.,-0.707106781186551,-0.707106781186544));
#986=DIRECTION('',(0.,-0.707106781186548,0.707106781186548));
#987=DIRECTION('',(0.,-0.707106781186548,-0.707106781186548));
#988=CARTESIAN_POINT('',(0.,0.,0.));
#989=CARTESIAN_POINT('',(-3.18502273315E-17,-0.0891413203435597,-0.0351902525316941));
#990=CARTESIAN_POINT('',(-3.18502273315E-17,-0.0856057864376269,-0.0387257864376269));
#991=CARTESIAN_POINT('',(-3.80535547958692E-18,-0.0144720075631964,0.0324079924368036));
#992=CARTESIAN_POINT('',(-2.77555756156289E-17,-0.08702,-0.04014));
#993=CARTESIAN_POINT('',(-3.80535547958692E-18,-0.0180075414691291,0.0359435263427363));
#994=CARTESIAN_POINT('',(-3.80535547958692E-18,-0.0180075414691291,0.0359435263427363));
#995=CARTESIAN_POINT('',(-3.18502273315E-17,-0.0891413203435597,-0.0351902525316941));
#996=CARTESIAN_POINT('',(-2.77555756156289E-17,-0.0905555339059328,-0.0366044660940672));
#997=CARTESIAN_POINT('',(-2.77555756156289E-17,-0.0905555339059328,-0.0366044660940672));
#998=CARTESIAN_POINT('',(-0.005,-0.0180075414691291,0.0359435263427363));
#999=CARTESIAN_POINT('',(-0.005,-0.0144720075631964,0.0324079924368036));
#1000=CARTESIAN_POINT('',(-0.01,-0.0144720075631964,0.0324079924368036));
#1001=CARTESIAN_POINT('',(-0.01,-0.0180075414691291,0.0359435263427363));
#1002=CARTESIAN_POINT('',(-0.01,-0.0180075414691291,0.0359435263427363));
#1003=CARTESIAN_POINT('',(-0.005,-0.0180075414691291,0.0359435263427363));
#1004=CARTESIAN_POINT('',(-0.01,-0.0149493046404973,0.0390017631713682));
#1005=CARTESIAN_POINT('',(-0.01,-0.0114137707345646,0.0354662292654354));
#1006=CARTESIAN_POINT('',(-0.01,-0.0104768542494924,0.0364031457505076));
#1007=CARTESIAN_POINT('',(-0.01,-0.0140123881554251,0.0399386796564404));
#1008=CARTESIAN_POINT('',(-0.01,-0.0140123881554251,0.0399386796564404));
#1009=CARTESIAN_POINT('',(-0.01,-0.0149493046404973,0.0390017631713682));
#1010=CARTESIAN_POINT('',(-0.005,-0.0140123881554251,0.0399386796564404));
#1011=CARTESIAN_POINT('',(-0.005,-0.0104768542494924,0.0364031457505076));
#1012=CARTESIAN_POINT('',(-2.60208521396521E-18,-0.0104768542494924,0.0364031457505076));
#1013=CARTESIAN_POINT('',(-2.60208521396521E-18,-0.0140123881554251,0.0399386796564404));
#1014=CARTESIAN_POINT('',(-2.60208521396521E-18,-0.0140123881554251,0.0399386796564404));
#1015=CARTESIAN_POINT('',(-0.005,-0.0140123881554251,0.0399386796564404));
#1016=CARTESIAN_POINT('',(-5.57561242430316E-19,-0.00976974746830585,0.0441813203435596));
#1017=CARTESIAN_POINT('',(-5.57561242430316E-19,-0.00623421356237311,0.0406457864376269));
#1018=CARTESIAN_POINT('',(0.,-0.00482,0.04206));
#1019=CARTESIAN_POINT('',(0.,-0.00835553390593274,0.0455955339059328));
#1020=CARTESIAN_POINT('',(0.,-0.00835553390593274,0.0455955339059328));
#1021=CARTESIAN_POINT('',(-5.57561242430316E-19,-0.00976974746830585,0.0441813203435596));
#1022=CARTESIAN_POINT('',(-0.0837491996797438,-0.00835553390593274,0.0455955339059328));
#1023=CARTESIAN_POINT('',(-0.0837491996797438,-0.00482,0.04206));
#1024=CARTESIAN_POINT('',(-0.167498399359487,-0.00482,0.04206));
#1025=CARTESIAN_POINT('',(-0.167498399359487,-0.00835553390593274,0.0455955339059328));
#1026=CARTESIAN_POINT('',(-0.167498399359487,-0.00835553390593274,0.0455955339059328));
#1027=CARTESIAN_POINT('',(-0.0837491996797438,-0.00835553390593274,0.0455955339059328));
#1028=CARTESIAN_POINT('',(-0.167498399359487,-0.00976974746830589,0.0441813203435596));
#1029=CARTESIAN_POINT('',(-0.167498399359487,-0.00623421356237315,0.0406457864376269));
#1030=CARTESIAN_POINT('',(-0.169498399359487,-0.00623421356237312,0.0406457864376269));
#1031=CARTESIAN_POINT('',(-0.169498399359487,-0.00976974746830586,0.0441813203435596));
#1032=CARTESIAN_POINT('',(-0.169498399359487,-0.00976974746830586,0.0441813203435596));
#1033=CARTESIAN_POINT('',(-0.167498399359487,-0.00976974746830589,0.0441813203435596));
#1034=CARTESIAN_POINT('',(-0.169498399359487,-0.0891413203435597,-0.0351902525316942));
#1035=CARTESIAN_POINT('',(-0.169498399359487,-0.0856057864376269,-0.0387257864376269));
#1036=CARTESIAN_POINT('',(-0.169498399359487,-0.08702,-0.04014));
#1037=CARTESIAN_POINT('',(-0.169498399359487,-0.0905555339059328,-0.0366044660940672));
#1038=CARTESIAN_POINT('',(-0.169498399359487,-0.0905555339059328,-0.0366044660940672));
#1039=CARTESIAN_POINT('',(-0.169498399359487,-0.0891413203435597,-0.0351902525316942));
#1040=CARTESIAN_POINT('',(-0.093,-0.0757062915010151,-0.0217552236891497));
#1041=CARTESIAN_POINT('',(-0.093,-0.0753527381104219,-0.0221087770797429));
#1042=CARTESIAN_POINT('',(-0.093,-0.0768376623509136,-0.0235937013202346));
#1043=CARTESIAN_POINT('',(-0.093,-0.0721707575950824,-0.0252907575950824));
#1044=CARTESIAN_POINT('',(-0.093,-0.0736556818355742,-0.0267756818355742));
#1045=CARTESIAN_POINT('',(-0.015,-0.0510294281505409,0.00292163966132458));
#1046=CARTESIAN_POINT('',(-0.015,-0.0506758747599476,0.00256808627073131));
#1047=CARTESIAN_POINT('',(-0.015,-0.0517011795926681,0.00154278143801081));
#1048=CARTESIAN_POINT('',(-0.015,-0.0474938942446082,-0.000613894244608157));
#1049=CARTESIAN_POINT('',(-0.015,-0.0485191990773287,-0.00163919907732865));
#1050=CARTESIAN_POINT('',(-0.015,-0.0158862211255695,0.038064846686296));
#1051=CARTESIAN_POINT('',(-0.015,-0.0155326677349763,0.0377112932957028));
#1052=CARTESIAN_POINT('',(-0.015,-0.0165579725676967,0.0366859884629823));
#1053=CARTESIAN_POINT('',(-0.015,-0.0123506872196368,0.0345293127803633));
#1054=CARTESIAN_POINT('',(-0.015,-0.0133759920523573,0.0335040079476428));
#1055=CARTESIAN_POINT('',(-0.08075,-0.0444179797464467,0.00953308806541881));
#1056=CARTESIAN_POINT('',(-0.08075,-0.0440644263558534,0.00917953467482554));
#1057=CARTESIAN_POINT('',(-0.08075,-0.0454432845791672,0.00780067645151177));
#1058=CARTESIAN_POINT('',(-0.08075,-0.040882445840514,0.00599755415948607));
#1059=CARTESIAN_POINT('',(-0.08075,-0.0422613040638277,0.0046186959361723));
#1060=CARTESIAN_POINT('',(-0.02825,-0.0444179797464467,0.00953308806541883));
#1061=CARTESIAN_POINT('',(-0.02825,-0.0440644263558534,0.00917953467482556));
#1062=CARTESIAN_POINT('',(-0.02825,-0.0454432845791672,0.00780067645151179));
#1063=CARTESIAN_POINT('',(-0.02825,-0.0408824458405139,0.00599755415948609));
#1064=CARTESIAN_POINT('',(-0.02825,-0.0422613040638277,0.00461869593617232));
#1065=CARTESIAN_POINT('',(-0.0545,-0.0354377236253775,0.0185133441864879));
#1066=CARTESIAN_POINT('',(-0.0545,-0.0354377236253775,0.0185133441864879));
#1067=CARTESIAN_POINT('',(-0.0545,-0.052761839764448,0.00118922804741752));
#1068=CARTESIAN_POINT('',(-0.0545,-0.0319021897194448,0.0149778102805552));
#1069=CARTESIAN_POINT('',(-0.0545,-0.0492263058585152,-0.00234630585851521));
#1070=CARTESIAN_POINT('',(-0.14975,-0.0444179797464467,0.00953308806541881));
#1071=CARTESIAN_POINT('',(-0.14975,-0.0440644263558534,0.00917953467482554));
#1072=CARTESIAN_POINT('',(-0.14975,-0.0454432845791672,0.00780067645151177));
#1073=CARTESIAN_POINT('',(-0.14975,-0.040882445840514,0.00599755415948607));
#1074=CARTESIAN_POINT('',(-0.14975,-0.0422613040638277,0.0046186959361723));
#1075=CARTESIAN_POINT('',(-0.09725,-0.0444179797464467,0.00953308806541882));
#1076=CARTESIAN_POINT('',(-0.09725,-0.0440644263558534,0.00917953467482555));
#1077=CARTESIAN_POINT('',(-0.09725,-0.0454432845791672,0.00780067645151178));
#1078=CARTESIAN_POINT('',(-0.09725,-0.040882445840514,0.00599755415948608));
#1079=CARTESIAN_POINT('',(-0.09725,-0.0422613040638277,0.00461869593617231));
#1080=CARTESIAN_POINT('',(-0.1235,-0.0354377236253775,0.0185133441864879));
#1081=CARTESIAN_POINT('',(-0.1235,-0.0354377236253775,0.0185133441864879));
#1082=CARTESIAN_POINT('',(-0.1235,-0.052761839764448,0.00118922804741752));
#1083=CARTESIAN_POINT('',(-0.1235,-0.0319021897194448,0.0149778102805552));
#1084=CARTESIAN_POINT('',(-0.1235,-0.0492263058585152,-0.00234630585851521));
#1085=CARTESIAN_POINT('',(-0.08475,-0.011183961030679,0.0427671067811866));
#1086=CARTESIAN_POINT('',(-0.08475,-0.0108304076400857,0.0424135533905932));
#1087=CARTESIAN_POINT('',(-0.08475,-0.0122092658633994,0.0410346951672795));
#1088=CARTESIAN_POINT('',(-0.08475,-0.00764842712474622,0.0392315728752538));
#1089=CARTESIAN_POINT('',(-0.08475,-0.00902728534805999,0.03785271465194));
#1090=CARTESIAN_POINT('',(-0.0847491996797438,-0.0905555339059328,-0.0366044660940672));
#1091=CARTESIAN_POINT('',(-0.0847491996797438,-0.08702,-0.04014));
#1092=CARTESIAN_POINT('',(-0.0847491996797438,-0.0905555339059328,-0.0366044660940672));
#1093=CARTESIAN_POINT('',(-0.0847491996797437,-0.0877271067811866,-0.0337760389693211));
#1094=CARTESIAN_POINT('',(-0.0847491996797437,-0.0873735533905933,-0.0341295923599143));
#1095=CARTESIAN_POINT('',(-0.0847491996797437,-0.0887524116139071,-0.0355084505832281));
#1096=CARTESIAN_POINT('',(-0.0847491996797437,-0.0841915728752538,-0.0373115728752538));
#1097=CARTESIAN_POINT('',(-0.0847491996797437,-0.0855704310985676,-0.0386904310985676));
#1098=CARTESIAN_POINT('',(-0.0310000000000007,-0.0757062915010147,-0.0217552236891492));
#1099=CARTESIAN_POINT('',(-0.0310000000000007,-0.0753527381104214,-0.0221087770797425));
#1100=CARTESIAN_POINT('',(-0.0310000000000007,-0.0768376623509132,-0.0235937013202342));
#1101=CARTESIAN_POINT('',(-0.0310000000000007,-0.072170757595082,-0.0252907575950819));
#1102=CARTESIAN_POINT('',(-0.0310000000000007,-0.0736556818355737,-0.0267756818355737));
#1103=CARTESIAN_POINT('',(0.,-0.0494555339059327,0.00449553390593276));
#1104=CARTESIAN_POINT('',(-0.0847491996797437,-0.0877271067811866,-0.0337760389693211));
#1105=CARTESIAN_POINT('',(-0.0847491996797437,-0.0894595183950936,-0.0355084505832281));
#1106=CARTESIAN_POINT('',(-0.08475,-0.011183961030679,0.0427671067811866));
#1107=CARTESIAN_POINT('',(-0.08475,-0.012916372644586,0.0410346951672795));
#1108=CARTESIAN_POINT('',(-0.02825,-0.0444179797464467,0.00953308806541883));
#1109=CARTESIAN_POINT('',(-0.02825,-0.0461503913603537,0.00780067645151179));
#1110=CARTESIAN_POINT('',(-0.08075,-0.0444179797464467,0.00953308806541881));
#1111=CARTESIAN_POINT('',(-0.08075,-0.0461503913603537,0.00780067645151177));
#1112=CARTESIAN_POINT('',(-0.09725,-0.0444179797464467,0.00953308806541882));
#1113=CARTESIAN_POINT('',(-0.09725,-0.0461503913603537,0.00780067645151178));
#1114=CARTESIAN_POINT('',(-0.14975,-0.0444179797464467,0.00953308806541881));
#1115=CARTESIAN_POINT('',(-0.14975,-0.0461503913603537,0.00780067645151177));
#1116=CARTESIAN_POINT('',(-0.015,-0.0158862211255695,0.038064846686296));
#1117=CARTESIAN_POINT('',(-0.015,-0.0172650793488833,0.0366859884629822));
#1118=CARTESIAN_POINT('',(-0.015,-0.0510294281505409,0.00292163966132458));
#1119=CARTESIAN_POINT('',(-0.015,-0.0524082863738547,0.00154278143801081));
#1120=CARTESIAN_POINT('',(-0.0310000000000007,-0.0757062915010147,-0.0217552236891492));
#1121=CARTESIAN_POINT('',(-0.0310000000000007,-0.0775447691320997,-0.0235937013202342));
#1122=CARTESIAN_POINT('',(-0.093,-0.0757062915010151,-0.0217552236891497));
#1123=CARTESIAN_POINT('',(-0.093,-0.0775447691321001,-0.0235937013202347));
#1124=CARTESIAN_POINT('',(-0.00995,-0.0111839610306789,0.0427671067811866));
#1125=CARTESIAN_POINT('',(-0.00995,-0.00927477272147526,0.0446762950903902));
#1126=CARTESIAN_POINT('',(-0.00995,-0.0877271067811866,-0.033776038969321));
#1127=CARTESIAN_POINT('',(-0.00995,-0.0858179184719829,-0.0318668506601174));
#1128=CARTESIAN_POINT('',(-0.1655,-0.0111839610306789,0.0427671067811866));
#1129=CARTESIAN_POINT('',(-0.1655,-0.00927477272147526,0.0446762950903902));
#1130=CARTESIAN_POINT('',(-0.1655,-0.0877978174593052,-0.0338467496474397));
#1131=CARTESIAN_POINT('',(-0.1655,-0.0858886291501015,-0.031937561338236));
#1132=CARTESIAN_POINT('',(0.,-0.04592,0.000960000000000016));
#1133=CARTESIAN_POINT('',(-0.00995,-0.0076484271247462,0.0392315728752538));
#1134=CARTESIAN_POINT('',(-0.00995,-0.00644634559672907,0.0404336544032709));
#1135=CARTESIAN_POINT('',(-0.00995,-0.0841915728752538,-0.0373115728752538));
#1136=CARTESIAN_POINT('',(-0.00995,-0.0829894913472367,-0.0361094913472367));
#1137=CARTESIAN_POINT('',(-0.1655,-0.0076484271247462,0.0392315728752538));
#1138=CARTESIAN_POINT('',(-0.1655,-0.00644634559672907,0.0404336544032709));
#1139=CARTESIAN_POINT('',(-0.1655,-0.0842622835533725,-0.0373822835533725));
#1140=CARTESIAN_POINT('',(-0.1655,-0.0830602020253554,-0.0361802020253553));
#1141=CARTESIAN_POINT('',(-0.1655,-0.0877978174593052,-0.0338467496474397));
#1142=CARTESIAN_POINT('',(-0.1655,-0.0870907106781187,-0.0345538564286262));
#1143=CARTESIAN_POINT('',(-0.1655,-0.0858886291501016,-0.0333517749006091));
#1144=CARTESIAN_POINT('',(-0.1655,-0.0877978174593052,-0.0338467496474397));
#1145=CARTESIAN_POINT('',(-0.1655,-0.0111839610306789,0.0427671067811866));
#1146=CARTESIAN_POINT('',(-0.1655,-0.0104768542494924,0.04206));
#1147=CARTESIAN_POINT('',(-0.1655,-0.00927477272147527,0.0432620815280171));
#1148=CARTESIAN_POINT('',(-0.1655,-0.0111839610306789,0.0427671067811866));
#1149=CARTESIAN_POINT('',(-0.00995,-0.0877271067811866,-0.033776038969321));
#1150=CARTESIAN_POINT('',(-0.00995,-0.08702,-0.0344831457505076));
#1151=CARTESIAN_POINT('',(-0.00995,-0.0858179184719829,-0.0332810642224905));
#1152=CARTESIAN_POINT('',(-0.00995,-0.0877271067811866,-0.033776038969321));
#1153=CARTESIAN_POINT('',(-0.00995,-0.0111839610306789,0.0427671067811866));
#1154=CARTESIAN_POINT('',(-0.00995,-0.0104768542494924,0.04206));
#1155=CARTESIAN_POINT('',(-0.00995,-0.00927477272147527,0.0432620815280171));
#1156=CARTESIAN_POINT('',(-0.00995,-0.0111839610306789,0.0427671067811866));
#1157=CARTESIAN_POINT('',(-0.0847491996797437,-0.0873735533905933,-0.0341295923599143));
#1158=CARTESIAN_POINT('',(-0.08475,-0.0108304076400857,0.0424135533905932));
#1159=CARTESIAN_POINT('',(-0.02825,-0.0440644263558534,0.00917953467482556));
#1160=CARTESIAN_POINT('',(-0.08075,-0.0440644263558534,0.00917953467482554));
#1161=CARTESIAN_POINT('',(-0.09725,-0.0440644263558534,0.00917953467482555));
#1162=CARTESIAN_POINT('',(-0.14975,-0.0440644263558534,0.00917953467482554));
#1163=CARTESIAN_POINT('',(-0.015,-0.0155326677349763,0.0377112932957028));
#1164=CARTESIAN_POINT('',(-0.015,-0.0506758747599476,0.00256808627073131));
#1165=CARTESIAN_POINT('',(-0.0310000000000007,-0.0753527381104214,-0.0221087770797425));
#1166=CARTESIAN_POINT('',(-0.093,-0.0753527381104219,-0.0221087770797429));
#1167=MECHANICAL_DESIGN_GEOMETRIC_PRESENTATION_REPRESENTATION('',(#682),#1168);
#1168=(
GEOMETRIC_REPRESENTATION_CONTEXT(3)
GLOBAL_UNCERTAINTY_ASSIGNED_CONTEXT((#1169))
GLOBAL_UNIT_ASSIGNED_CONTEXT((#1172,#1171,#1170))
REPRESENTATION_CONTEXT('leftPlate','TOP_LEVEL_ASSEMBLY_PART')
);
#1169=UNCERTAINTY_MEASURE_WITH_UNIT(LENGTH_MEASURE(1.E-08),#1172,'DISTANCE_ACCURACY_VALUE','Maximum Tolerance applied to model');
#1170=(
NAMED_UNIT(*)
SI_UNIT($,.STERADIAN.)
SOLID_ANGLE_UNIT()
);
#1171=(
NAMED_UNIT(*)
PLANE_ANGLE_UNIT()
SI_UNIT($,.RADIAN.)
);
#1172=(
LENGTH_UNIT()
NAMED_UNIT(*)
SI_UNIT($,.METRE.)
);
#1173=PRODUCT_DEFINITION_SHAPE('','',#1174);
#1174=PRODUCT_DEFINITION('','',#1176,#1175);
#1175=PRODUCT_DEFINITION_CONTEXT('',#1182,'design');
#1176=PRODUCT_DEFINITION_FORMATION_WITH_SPECIFIED_SOURCE('','',#1178,.NOT_KNOWN.);
#1177=PRODUCT_RELATED_PRODUCT_CATEGORY('','',(#1178));
#1178=PRODUCT('leftPlate','leftPlate','leftPlate',(#1180));
#1179=PRODUCT_CATEGORY('','');
#1180=PRODUCT_CONTEXT('',#1182,'mechanical');
#1181=APPLICATION_PROTOCOL_DEFINITION('international standard','ap242_managed_model_based_3d_engineering',2020,#1182);
#1182=APPLICATION_CONTEXT('managed model based 3d engineering');
#1183=COMPOSITE_SHAPE_ASPECT('hole_callout.FgTuungF8aKxg06_3.JrD.0',$,#1173,$);
#1184=SHAPE_ASPECT('hole_callout.FgTuungF8aKxg06_3.JrD.0',$,#1173,.T.);
#1185=GEOMETRIC_ITEM_SPECIFIC_USAGE('','',#1184,#11,#668);
#1186=SHAPE_ASPECT_RELATIONSHIP('','',#1183,#1184);
#1187=SHAPE_ASPECT('hole_callout.FgTuungF8aKxg06_3.JrD.0',$,#1173,.T.);
#1188=GEOMETRIC_ITEM_SPECIFIC_USAGE('','',#1187,#11,#667);
#1189=SHAPE_ASPECT_RELATIONSHIP('','',#1183,#1187);
#1190=SHAPE_ASPECT('hole_callout.FgTuungF8aKxg06_3.JrD.0',$,#1173,.T.);
#1191=GEOMETRIC_ITEM_SPECIFIC_USAGE('','',#1190,#11,#670);
#1192=SHAPE_ASPECT_RELATIONSHIP('','',#1183,#1190);
#1193=SHAPE_ASPECT('hole_callout.FgTuungF8aKxg06_3.JrD.0',$,#1173,.T.);
#1194=GEOMETRIC_ITEM_SPECIFIC_USAGE('','',#1193,#11,#669);
#1195=SHAPE_ASPECT_RELATIONSHIP('','',#1183,#1193);
#1196=SHAPE_ASPECT('hole_callout.FgTuungF8aKxg06_3.JrD.0',$,#1173,.T.);
#1197=GEOMETRIC_ITEM_SPECIFIC_USAGE('','',#1196,#11,#666);
#1198=SHAPE_ASPECT_RELATIONSHIP('','',#1183,#1196);
#1199=SHAPE_ASPECT('hole_callout.FgTuungF8aKxg06_3.JrD.0',$,#1173,.T.);
#1200=GEOMETRIC_ITEM_SPECIFIC_USAGE('','',#1199,#11,#665);
#1201=SHAPE_ASPECT_RELATIONSHIP('','',#1183,#1199);
#1202=SHAPE_ASPECT('hole_callout.FgTuungF8aKxg06_3.JrD.0',$,#1173,.T.);
#1203=GEOMETRIC_ITEM_SPECIFIC_USAGE('','',#1202,#11,#664);
#1204=SHAPE_ASPECT_RELATIONSHIP('','',#1183,#1202);
#1205=SHAPE_ASPECT('hole_callout.FgTuungF8aKxg06_3.JrD.0',$,#1173,.T.);
#1206=GEOMETRIC_ITEM_SPECIFIC_USAGE('','',#1205,#11,#663);
#1207=SHAPE_ASPECT_RELATIONSHIP('','',#1183,#1205);
#1208=DIMENSIONAL_SIZE(#1183,'diameter');
#1209=(
LENGTH_UNIT()
NAMED_UNIT(*)
SI_UNIT(.MILLI.,.METRE.)
);
#1211=PRECISION_QUALIFIER(3);
#1210=(
LENGTH_MEASURE_WITH_UNIT()
MEASURE_REPRESENTATION_ITEM()
MEASURE_WITH_UNIT(POSITIVE_LENGTH_MEASURE(3.4),#1209)
QUALIFIED_REPRESENTATION_ITEM((#1211))
REPRESENTATION_ITEM('nominal value')
);
#1212=COMPOUND_REPRESENTATION_ITEM('modifiers',SET_REPRESENTATION_ITEM((#1213)));
#1213=DESCRIPTIVE_REPRESENTATION_ITEM('dimensional note','diameter');
#1214=SHAPE_DIMENSION_REPRESENTATION('',(#1210,#1212),#1168);
#1215=DIMENSIONAL_CHARACTERISTIC_REPRESENTATION(#1208,#1214);
#1216=ANGULAR_SIZE(#1183,'angle',.EQUAL.);
#1218=(
NAMED_UNIT(*)
PLANE_ANGLE_UNIT()
SI_UNIT($,.RADIAN.)
);
#1219=LENGTH_MEASURE_WITH_UNIT(LENGTH_MEASURE(57.2957795130823),#1218);
#1217=(
CONVERSION_BASED_UNIT('degree',#1219)
NAMED_UNIT($)
PLANE_ANGLE_UNIT()
);
#1221=PRECISION_QUALIFIER(3);
#1220=(
MEASURE_REPRESENTATION_ITEM()
MEASURE_WITH_UNIT(PLANE_ANGLE_MEASURE(90.),#1217)
PLANE_ANGLE_MEASURE_WITH_UNIT()
QUALIFIED_REPRESENTATION_ITEM((#1221))
REPRESENTATION_ITEM('nominal value')
);
#1222=SHAPE_DIMENSION_REPRESENTATION('',(#1220),#1168);
#1223=DIMENSIONAL_CHARACTERISTIC_REPRESENTATION(#1216,#1222);
#1224=DIMENSIONAL_SIZE(#1183,'diameter');
#1225=(
LENGTH_UNIT()
NAMED_UNIT(*)
SI_UNIT(.MILLI.,.METRE.)
);
#1227=PRECISION_QUALIFIER(3);
#1226=(
LENGTH_MEASURE_WITH_UNIT()
MEASURE_REPRESENTATION_ITEM()
MEASURE_WITH_UNIT(POSITIVE_LENGTH_MEASURE(5.4),#1225)
QUALIFIED_REPRESENTATION_ITEM((#1227))
REPRESENTATION_ITEM('nominal value')
);
#1228=(
LENGTH_UNIT()
NAMED_UNIT(*)
SI_UNIT(.MILLI.,.METRE.)
);
#1230=PRECISION_QUALIFIER(3);
#1229=(
LENGTH_MEASURE_WITH_UNIT()
MEASURE_REPRESENTATION_ITEM()
MEASURE_WITH_UNIT(LENGTH_MEASURE(0.2),#1228)
QUALIFIED_REPRESENTATION_ITEM((#1230))
REPRESENTATION_ITEM('lower limit')
);
#1231=(
LENGTH_UNIT()
NAMED_UNIT(*)
SI_UNIT(.MILLI.,.METRE.)
);
#1233=PRECISION_QUALIFIER(3);
#1232=(
LENGTH_MEASURE_WITH_UNIT()
MEASURE_REPRESENTATION_ITEM()
MEASURE_WITH_UNIT(LENGTH_MEASURE(10.9),#1231)
QUALIFIED_REPRESENTATION_ITEM((#1233))
REPRESENTATION_ITEM('upper limit')
);
#1234=COMPOUND_REPRESENTATION_ITEM('modifiers',SET_REPRESENTATION_ITEM((#1235,#1236)));
#1235=DESCRIPTIVE_REPRESENTATION_ITEM('dimensional note','countersink');
#1236=DESCRIPTIVE_REPRESENTATION_ITEM('dimensional note','diameter');
#1237=SHAPE_DIMENSION_REPRESENTATION('',(#1226,#1229,#1232,#1234),#1168);
#1238=DIMENSIONAL_CHARACTERISTIC_REPRESENTATION(#1224,#1237);
#1239=PRESENTATION_STYLE_ASSIGNMENT((NULL_STYLE(.NULL.)));
#1240=CARTESIAN_POINT('',(-0.00995000000000001,-0.0877271067811865,-0.0337760389693211));
#1241=DIRECTION('',(0.,-0.707106781186548,0.707106781186547));
#1242=DIRECTION('',(1.,0.,0.));
#1243=AXIS2_PLACEMENT_3D('',#1240,#1241,#1242);
#1244=PLANE('',#1243);
#1245=ANNOTATION_PLANE('',(#1239),#1244,(#1272));
#1246=CARTESIAN_POINT('',(0.,0.,0.));
#1247=DIRECTION('',(0.,0.,1.));
#1248=DIRECTION('',(1.,0.,0.));
#1249=AXIS2_PLACEMENT_3D('',#1246,#1247,#1248);
#1250=CARTESIAN_POINT('',(0.,0.,0.));
#1251=DIRECTION('',(0.,0.,1.));
#1252=DIRECTION('',(1.,0.,0.));
#1253=AXIS2_PLACEMENT_3D('',#1250,#1251,#1252);
#1254=SHAPE_REPRESENTATION('',(#1253,#690),#1168);
#1255=REPRESENTATION_MAP(#1249,#1254);
#1256=MAPPED_ITEM('',#1255,#1249);
#1257=PRESENTATION_STYLE_ASSIGNMENT((NULL_STYLE(.NULL.)));
#1258=STYLED_ITEM('',(#1257),#1256);
#1259=DRAUGHTING_MODEL('',(#1245,#1249,#1256,#1258),#1168);
#1260=DRAUGHTING_PRE_DEFINED_CURVE_FONT('continuous');
#1261=COLOUR_RGB('',0.,0.,0.);
#1262=CURVE_STYLE('',#1260,POSITIVE_LENGTH_MEASURE(0.02),#1261);
#1263=PRESENTATION_STYLE_ASSIGNMENT((#1262));
#1264=COORDINATES_LIST('coordinates',6636,((-0.0080408,-0.0863771,-0.0324260),(-0.0066266,-0.0843771,-0.0304260),(-0.0052124,-0.0853771,-0.0314260),(0.0089832,-0.0776263,-0.0236753),(0.0090555,-0.0775904,-0.0236393),(0.0126802,-0.0750258,-0.0210747),(0.0089832,-0.0776263,-0.0236753),(0.0126802,-0.0750258,-0.0210747),(0.0127295,-0.0749764,-0.0210253),(0.0089832,-0.0776263,-0.0236753),(0.0127295,-0.0749764,-0.0210253),(0.0127459,-0.0749180,-0.0209670),(0.0089832,-0.0776263,-0.0236753),(0.0127459,-0.0749180,-0.0209670),(0.0127297,-0.0748597,-0.0209086),(0.0089832,-0.0776263,-0.0236753),(0.0127297,-0.0748597,-0.0209086),(0.0126813,-0.0748103,-0.0208592),(0.0089832,-0.0776263,-0.0236753),(0.0126813,-0.0748103,-0.0208592),(0.0126115,-0.0747766,-0.0208255),(0.0089832,-0.0776263,-0.0236753),(0.0126115,-0.0747766,-0.0208255),(0.0125289,-0.0747654,-0.0208143),(0.0089832,-0.0776263,-0.0236753),(0.0125289,-0.0747654,-0.0208143),(0.0124466,-0.0747764,-0.0208253),(0.0089832,-0.0776263,-0.0236753),(0.0124466,-0.0747764,-0.0208253),(0.0123776,-0.0748095,-0.0208585),(0.0089832,-0.0776263,-0.0236753),(0.0123776,-0.0748095,-0.0208585),(0.0089020,-0.0772664,-0.0233153),(0.0089832,-0.0776263,-0.0236753),(0.0089020,-0.0772664,-0.0233153),(0.0054275,-0.0748095,-0.0208585),(0.0089832,-0.0776263,-0.0236753),(0.0054275,-0.0748095,-0.0208585),(0.0053571,-0.0747764,-0.0208253),(0.0089832,-0.0776263,-0.0236753),(0.0053571,-0.0747764,-0.0208253),(0.0052751,-0.0747654,-0.0208143),(0.0089832,-0.0776263,-0.0236753),(0.0052751,-0.0747654,-0.0208143),(0.0051931,-0.0747766,-0.0208255),(0.0089832,-0.0776263,-0.0236753),(0.0051931,-0.0747766,-0.0208255),(0.0051227,-0.0748103,-0.0208592),(0.0089832,-0.0776263,-0.0236753),(0.0051227,-0.0748103,-0.0208592),(0.0050751,-0.0748597,-0.0209086),(0.0089832,-0.0776263,-0.0236753),(0.0050751,-0.0748597,-0.0209086),(0.0050592,-0.0749180,-0.0209670),(0.0089832,-0.0776263,-0.0236753),(0.0050592,-0.0749180,-0.0209670),(0.0050748,-0.0749764,-0.0210253),(0.0089832,-0.0776263,-0.0236753),(0.0050748,-0.0749764,-0.0210253),(0.0051216,-0.0750258,-0.0210747),(0.0089832,-0.0776263,-0.0236753),(0.0051216,-0.0750258,-0.0210747),(0.0087496,-0.0775904,-0.0236393),(0.0089832,-0.0776263,-0.0236753),(0.0087496,-0.0775904,-0.0236393),(0.0088216,-0.0776263,-0.0236753),(0.0089832,-0.0776263,-0.0236753),(0.0088216,-0.0776263,-0.0236753),(0.0089020,-0.0776383,-0.0236872),(0.0146019,-0.0775122,-0.0235611),(0.0146989,-0.0775410,-0.0235899),(0.0147970,-0.0775659,-0.0236148),(0.0146019,-0.0775122,-0.0235611),(0.0147970,-0.0775659,-0.0236148),(0.0148959,-0.0775870,-0.0236359),(0.0146019,-0.0775122,-0.0235611),(0.0148959,-0.0775870,-0.0236359),(0.0149959,-0.0776043,-0.0236532),(0.0146019,-0.0775122,-0.0235611),(0.0149959,-0.0776043,-0.0236532),(0.0150967,-0.0776177,-0.0236666),(0.0146019,-0.0775122,-0.0235611),(0.0150967,-0.0776177,-0.0236666),(0.0151986,-0.0776273,-0.0236762),(0.0146019,-0.0775122,-0.0235611),(0.0151986,-0.0776273,-0.0236762),(0.0153014,-0.0776330,-0.0236820),(0.0146019,-0.0775122,-0.0235611),(0.0153014,-0.0776330,-0.0236820),(0.0154052,-0.0776349,-0.0236839),(0.0146019,-0.0775122,-0.0235611),(0.0154052,-0.0776349,-0.0236839),(0.0155409,-0.0776319,-0.0236808),(0.0146019,-0.0775122,-0.0235611),(0.0155409,-0.0776319,-0.0236808),(0.0156742,-0.0776227,-0.0236717),(0.0146019,-0.0775122,-0.0235611),(0.0156742,-0.0776227,-0.0236717),(0.0158049,-0.0776075,-0.0236564),(0.0146019,-0.0775122,-0.0235611),(0.0158049,-0.0776075,-0.0236564),(0.0159330,-0.0775861,-0.0236350),(0.0146019,-0.0775122,-0.0235611),(0.0159330,-0.0775861,-0.0236350),(0.0160586,-0.0775586,-0.0236076),(0.0146019,-0.0775122,-0.0235611),(0.0160586,-0.0775586,-0.0236076),(0.0161816,-0.0775251,-0.0235740),(0.0146019,-0.0775122,-0.0235611),(0.0161816,-0.0775251,-0.0235740),(0.0163022,-0.0774854,-0.0235343),(0.0146019,-0.0775122,-0.0235611),(0.0163022,-0.0774854,-0.0235343),(0.0164201,-0.0774396,-0.0234885),(0.0146019,-0.0775122,-0.0235611),(0.0164201,-0.0774396,-0.0234885),(0.0165337,-0.0773884,-0.0234374),(0.0146019,-0.0775122,-0.0235611),(0.0165337,-0.0773884,-0.0234374),(0.0166410,-0.0773329,-0.0233818),(0.0146019,-0.0775122,-0.0235611),(0.0166410,-0.0773329,-0.0233818),(0.0167422,-0.0772730,-0.0233219),(0.0146019,-0.0775122,-0.0235611),(0.0167422,-0.0772730,-0.0233219),(0.0168371,-0.0772087,-0.0232577),(0.0146019,-0.0775122,-0.0235611),(0.0168371,-0.0772087,-0.0232577),(0.0169258,-0.0771402,-0.0231891),(0.0169258,-0.0771402,-0.0231891),(0.0170083,-0.0770672,-0.0231161),(0.0170845,-0.0769899,-0.0230389),(0.0169258,-0.0771402,-0.0231891),(0.0170845,-0.0769899,-0.0230389),(0.0171546,-0.0769083,-0.0229572),(0.0169258,-0.0771402,-0.0231891),(0.0171546,-0.0769083,-0.0229572),(0.0172176,-0.0768236,-0.0228725),(0.0169258,-0.0771402,-0.0231891),(0.0172176,-0.0768236,-0.0228725),(0.0172722,-0.0767371,-0.0227861),(0.0169258,-0.0771402,-0.0231891),(0.0172722,-0.0767371,-0.0227861),(0.0173184,-0.0766489,-0.0226979),(0.0169258,-0.0771402,-0.0231891),(0.0173184,-0.0766489,-0.0226979),(0.0173562,-0.0765590,-0.0226079),(0.0169258,-0.0771402,-0.0231891),(0.0173562,-0.0765590,-0.0226079),(0.0173856,-0.0764673,-0.0225162),(0.0169258,-0.0771402,-0.0231891),(0.0173856,-0.0764673,-0.0225162),(0.0174066,-0.0763738,-0.0224228),(0.0169258,-0.0771402,-0.0231891),(0.0174066,-0.0763738,-0.0224228),(0.0174192,-0.0762786,-0.0223275),(0.0169258,-0.0771402,-0.0231891),(0.0174192,-0.0762786,-0.0223275),(0.0174234,-0.0761816,-0.0222306),(0.0169258,-0.0771402,-0.0231891),(0.0174234,-0.0761816,-0.0222306),(0.0174192,-0.0760886,-0.0221375),(0.0169258,-0.0771402,-0.0231891),(0.0174192,-0.0760886,-0.0221375),(0.0174066,-0.0759960,-0.0220450),(0.0169258,-0.0771402,-0.0231891),(0.0174066,-0.0759960,-0.0220450),(0.0173856,-0.0759041,-0.0219530),(0.0169258,-0.0771402,-0.0231891),(0.0173856,-0.0759041,-0.0219530),(0.0173562,-0.0758127,-0.0218616),(0.0169258,-0.0771402,-0.0231891),(0.0173562,-0.0758127,-0.0218616),(0.0173184,-0.0757219,-0.0217708),(0.0169258,-0.0771402,-0.0231891),(0.0173184,-0.0757219,-0.0217708),(0.0172722,-0.0756316,-0.0216805),(0.0172722,-0.0756316,-0.0216805),(0.0168804,-0.0757316,-0.0217806),(0.0169170,-0.0758008,-0.0218498),(0.0172722,-0.0756316,-0.0216805),(0.0169170,-0.0758008,-0.0218498),(0.0169469,-0.0758724,-0.0219213),(0.0172722,-0.0756316,-0.0216805),(0.0169469,-0.0758724,-0.0219213),(0.0169702,-0.0759462,-0.0219951),(0.0172722,-0.0756316,-0.0216805),(0.0169702,-0.0759462,-0.0219951),(0.0169868,-0.0760224,-0.0220713),(0.0172722,-0.0756316,-0.0216805),(0.0169868,-0.0760224,-0.0220713),(0.0169967,-0.0761008,-0.0221498),(0.0172722,-0.0756316,-0.0216805),(0.0169967,-0.0761008,-0.0221498),(0.0170001,-0.0761816,-0.0222306),(0.0172722,-0.0756316,-0.0216805),(0.0170001,-0.0761816,-0.0222306),(0.0169967,-0.0762594,-0.0223084),(0.0169258,-0.0771402,-0.0231891),(0.0172722,-0.0756316,-0.0216805),(0.0169967,-0.0762594,-0.0223084),(0.0169258,-0.0771402,-0.0231891),(0.0169967,-0.0762594,-0.0223084),(0.0169866,-0.0763357,-0.0223846),(0.0169258,-0.0771402,-0.0231891),(0.0169866,-0.0763357,-0.0223846),(0.0169699,-0.0764104,-0.0224593),(0.0169258,-0.0771402,-0.0231891),(0.0169699,-0.0764104,-0.0224593),(0.0169464,-0.0764836,-0.0225325),(0.0169258,-0.0771402,-0.0231891),(0.0169464,-0.0764836,-0.0225325),(0.0169161,-0.0765552,-0.0226042),(0.0169258,-0.0771402,-0.0231891),(0.0169161,-0.0765552,-0.0226042),(0.0168792,-0.0766253,-0.0226742),(0.0169258,-0.0771402,-0.0231891),(0.0168792,-0.0766253,-0.0226742),(0.0168356,-0.0766939,-0.0227428),(0.0169258,-0.0771402,-0.0231891),(0.0168356,-0.0766939,-0.0227428),(0.0167852,-0.0767609,-0.0228098),(0.0169258,-0.0771402,-0.0231891),(0.0167852,-0.0767609,-0.0228098),(0.0167294,-0.0768254,-0.0228743),(0.0169258,-0.0771402,-0.0231891),(0.0167294,-0.0768254,-0.0228743),(0.0166687,-0.0768864,-0.0229353),(0.0169258,-0.0771402,-0.0231891),(0.0166687,-0.0768864,-0.0229353),(0.0166033,-0.0769440,-0.0229929),(0.0169258,-0.0771402,-0.0231891),(0.0166033,-0.0769440,-0.0229929),(0.0165331,-0.0769981,-0.0230470),(0.0169258,-0.0771402,-0.0231891),(0.0165331,-0.0769981,-0.0230470),(0.0164581,-0.0770487,-0.0230977),(0.0169258,-0.0771402,-0.0231891),(0.0164581,-0.0770487,-0.0230977),(0.0163782,-0.0770959,-0.0231449),(0.0169258,-0.0771402,-0.0231891),(0.0163782,-0.0770959,-0.0231449),(0.0162936,-0.0771397,-0.0231886),(0.0169258,-0.0771402,-0.0231891),(0.0162936,-0.0771397,-0.0231886),(0.0162042,-0.0771799,-0.0232289),(0.0169258,-0.0771402,-0.0231891),(0.0162042,-0.0771799,-0.0232289),(0.0161116,-0.0772161,-0.0232650),(0.0169258,-0.0771402,-0.0231891),(0.0161116,-0.0772161,-0.0232650),(0.0160169,-0.0772474,-0.0232963),(0.0169258,-0.0771402,-0.0231891),(0.0160169,-0.0772474,-0.0232963),(0.0159202,-0.0772739,-0.0233228),(0.0169258,-0.0771402,-0.0231891),(0.0159202,-0.0772739,-0.0233228),(0.0158214,-0.0772956,-0.0233445),(0.0146019,-0.0775122,-0.0235611),(0.0169258,-0.0771402,-0.0231891),(0.0158214,-0.0772956,-0.0233445),(0.0146019,-0.0775122,-0.0235611),(0.0158214,-0.0772956,-0.0233445),(0.0157204,-0.0773124,-0.0233614),(0.0146019,-0.0775122,-0.0235611),(0.0157204,-0.0773124,-0.0233614),(0.0156174,-0.0773245,-0.0233734),(0.0146019,-0.0775122,-0.0235611),(0.0156174,-0.0773245,-0.0233734),(0.0155123,-0.0773317,-0.0233806),(0.0146019,-0.0775122,-0.0235611),(0.0155123,-0.0773317,-0.0233806),(0.0154052,-0.0773341,-0.0233830),(0.0146019,-0.0775122,-0.0235611),(0.0154052,-0.0773341,-0.0233830),(0.0152516,-0.0773291,-0.0233780),(0.0146019,-0.0775122,-0.0235611),(0.0152516,-0.0773291,-0.0233780),(0.0151020,-0.0773141,-0.0233630),(0.0146019,-0.0775122,-0.0235611),(0.0151020,-0.0773141,-0.0233630),(0.0149563,-0.0772891,-0.0233380),(0.0146019,-0.0775122,-0.0235611),(0.0149563,-0.0772891,-0.0233380),(0.0148146,-0.0772540,-0.0233030),(0.0146019,-0.0775122,-0.0235611),(0.0148146,-0.0772540,-0.0233030),(0.0164116,-0.0752859,-0.0213348),(0.0140410,-0.0782014,-0.0242504),(0.0146019,-0.0775122,-0.0235611),(0.0164116,-0.0752859,-0.0213348),(0.0168372,-0.0756647,-0.0217137),(0.0168804,-0.0757316,-0.0217806),(0.0172722,-0.0756316,-0.0216805),(0.0167873,-0.0756002,-0.0216491),(0.0168372,-0.0756647,-0.0217137),(0.0172722,-0.0756316,-0.0216805),(0.0167194,-0.0755266,-0.0215756),(0.0167873,-0.0756002,-0.0216491),(0.0172722,-0.0756316,-0.0216805),(0.0166342,-0.0754497,-0.0214987),(0.0167194,-0.0755266,-0.0215756),(0.0172722,-0.0756316,-0.0216805),(0.0165850,-0.0754100,-0.0214590),(0.0166342,-0.0754497,-0.0214987),(0.0172722,-0.0756316,-0.0216805),(0.0165316,-0.0753695,-0.0214184),(0.0165850,-0.0754100,-0.0214590),(0.0172722,-0.0756316,-0.0216805),(0.0164738,-0.0753281,-0.0213770),(0.0165316,-0.0753695,-0.0214184),(0.0172722,-0.0756316,-0.0216805),(0.0164116,-0.0752859,-0.0213348),(0.0164738,-0.0753281,-0.0213770),(0.0172722,-0.0756316,-0.0216805),(0.0164116,-0.0752859,-0.0213348),(0.0172722,-0.0756316,-0.0216805),(0.0172176,-0.0755419,-0.0215908),(0.0164116,-0.0752859,-0.0213348),(0.0172176,-0.0755419,-0.0215908),(0.0171546,-0.0754527,-0.0215017),(0.0164116,-0.0752859,-0.0213348),(0.0171546,-0.0754527,-0.0215017),(0.0171044,-0.0753914,-0.0214403),(0.0164116,-0.0752859,-0.0213348),(0.0171044,-0.0753914,-0.0214403),(0.0170496,-0.0753324,-0.0213814),(0.0164116,-0.0752859,-0.0213348),(0.0170496,-0.0753324,-0.0213814),(0.0169902,-0.0752758,-0.0213247),(0.0164116,-0.0752859,-0.0213348),(0.0169902,-0.0752758,-0.0213247),(0.0169263,-0.0752215,-0.0212704),(0.0164116,-0.0752859,-0.0213348),(0.0169263,-0.0752215,-0.0212704),(0.0168577,-0.0751695,-0.0212185),(0.0164116,-0.0752859,-0.0213348),(0.0168577,-0.0751695,-0.0212185),(0.0167845,-0.0751199,-0.0211688),(0.0164116,-0.0752859,-0.0213348),(0.0167845,-0.0751199,-0.0211688),(0.0167067,-0.0750726,-0.0211215),(0.0164116,-0.0752859,-0.0213348),(0.0167067,-0.0750726,-0.0211215),(0.0166244,-0.0750277,-0.0210766),(0.0164116,-0.0752859,-0.0213348),(0.0166244,-0.0750277,-0.0210766),(0.0171662,-0.0743541,-0.0204031),(0.0140410,-0.0782014,-0.0242504),(0.0164116,-0.0752859,-0.0213348),(0.0171662,-0.0743541,-0.0204031),(0.0140410,-0.0782014,-0.0242504),(0.0171662,-0.0743541,-0.0204031),(0.0171948,-0.0742808,-0.0203297),(0.0140410,-0.0782014,-0.0242504),(0.0171948,-0.0742808,-0.0203297),(0.0171874,-0.0742382,-0.0202871),(0.0140410,-0.0782014,-0.0242504),(0.0171874,-0.0742382,-0.0202871),(0.0171488,-0.0741850,-0.0202340),(0.0140410,-0.0782014,-0.0242504),(0.0171488,-0.0741850,-0.0202340),(0.0170837,-0.0741469,-0.0201958),(0.0140410,-0.0782014,-0.0242504),(0.0170837,-0.0741469,-0.0201958),(0.0169810,-0.0741252,-0.0201741),(0.0140410,-0.0782014,-0.0242504),(0.0169810,-0.0741252,-0.0201741),(0.0169207,-0.0741304,-0.0201793),(0.0140410,-0.0782014,-0.0242504),(0.0169207,-0.0741304,-0.0201793),(0.0168450,-0.0741577,-0.0202066),(0.0140410,-0.0782014,-0.0242504),(0.0168450,-0.0741577,-0.0202066),(0.0167895,-0.0742037,-0.0202527),(0.0140410,-0.0782014,-0.0242504),(0.0167895,-0.0742037,-0.0202527),(0.0162539,-0.0748600,-0.0209090),(0.0162539,-0.0748600,-0.0209090),(0.0161533,-0.0748286,-0.0208776),(0.0160494,-0.0748014,-0.0208504),(0.0162539,-0.0748600,-0.0209090),(0.0160494,-0.0748014,-0.0208504),(0.0159422,-0.0747784,-0.0208273),(0.0162539,-0.0748600,-0.0209090),(0.0159422,-0.0747784,-0.0208273),(0.0158317,-0.0747596,-0.0208085),(0.0162539,-0.0748600,-0.0209090),(0.0158317,-0.0747596,-0.0208085),(0.0157178,-0.0747449,-0.0207939),(0.0162539,-0.0748600,-0.0209090),(0.0157178,-0.0747449,-0.0207939),(0.0156007,-0.0747345,-0.0207834),(0.0162539,-0.0748600,-0.0209090),(0.0156007,-0.0747345,-0.0207834),(0.0154802,-0.0747282,-0.0207771),(0.0162539,-0.0748600,-0.0209090),(0.0154802,-0.0747282,-0.0207771),(0.0153565,-0.0747261,-0.0207750),(0.0162539,-0.0748600,-0.0209090),(0.0153565,-0.0747261,-0.0207750),(0.0152319,-0.0747291,-0.0207781),(0.0162539,-0.0748600,-0.0209090),(0.0152319,-0.0747291,-0.0207781),(0.0151084,-0.0747383,-0.0207873),(0.0162539,-0.0748600,-0.0209090),(0.0151084,-0.0747383,-0.0207873),(0.0149859,-0.0747537,-0.0208026),(0.0162539,-0.0748600,-0.0209090),(0.0149859,-0.0747537,-0.0208026),(0.0148646,-0.0747751,-0.0208240),(0.0162539,-0.0748600,-0.0209090),(0.0148646,-0.0747751,-0.0208240),(0.0147444,-0.0748027,-0.0208516),(0.0162539,-0.0748600,-0.0209090),(0.0147444,-0.0748027,-0.0208516),(0.0146252,-0.0748364,-0.0208853),(0.0162539,-0.0748600,-0.0209090),(0.0146252,-0.0748364,-0.0208853),(0.0145072,-0.0748762,-0.0209251),(0.0162539,-0.0748600,-0.0209090),(0.0145072,-0.0748762,-0.0209251),(0.0143902,-0.0749222,-0.0209711),(0.0162539,-0.0748600,-0.0209090),(0.0143902,-0.0749222,-0.0209711),(0.0142771,-0.0749732,-0.0210221),(0.0162539,-0.0748600,-0.0209090),(0.0142771,-0.0749732,-0.0210221),(0.0141701,-0.0750286,-0.0210775),(0.0162539,-0.0748600,-0.0209090),(0.0141701,-0.0750286,-0.0210775),(0.0140691,-0.0750884,-0.0211374),(0.0162539,-0.0748600,-0.0209090),(0.0140691,-0.0750884,-0.0211374),(0.0139743,-0.0751526,-0.0212016),(0.0162539,-0.0748600,-0.0209090),(0.0139743,-0.0751526,-0.0212016),(0.0138855,-0.0752213,-0.0212702),(0.0138855,-0.0752213,-0.0212702),(0.0138028,-0.0752943,-0.0213432),(0.0137262,-0.0753717,-0.0214206),(0.0138855,-0.0752213,-0.0212702),(0.0137262,-0.0753717,-0.0214206),(0.0136557,-0.0754535,-0.0215024),(0.0138855,-0.0752213,-0.0212702),(0.0136557,-0.0754535,-0.0215024),(0.0135925,-0.0755382,-0.0215871),(0.0138855,-0.0752213,-0.0212702),(0.0135925,-0.0755382,-0.0215871),(0.0135377,-0.0756247,-0.0216736),(0.0138855,-0.0752213,-0.0212702),(0.0135377,-0.0756247,-0.0216736),(0.0134913,-0.0757130,-0.0217620),(0.0138855,-0.0752213,-0.0212702),(0.0134913,-0.0757130,-0.0217620),(0.0134533,-0.0758032,-0.0218521),(0.0138855,-0.0752213,-0.0212702),(0.0134533,-0.0758032,-0.0218521),(0.0134238,-0.0758951,-0.0219440),(0.0138855,-0.0752213,-0.0212702),(0.0134238,-0.0758951,-0.0219440),(0.0134027,-0.0759888,-0.0220377),(0.0138855,-0.0752213,-0.0212702),(0.0134027,-0.0759888,-0.0220377),(0.0133901,-0.0760843,-0.0221332),(0.0138855,-0.0752213,-0.0212702),(0.0133901,-0.0760843,-0.0221332),(0.0133859,-0.0761816,-0.0222306),(0.0138855,-0.0752213,-0.0212702),(0.0133859,-0.0761816,-0.0222306),(0.0133901,-0.0762793,-0.0223282),(0.0138855,-0.0752213,-0.0212702),(0.0133901,-0.0762793,-0.0223282),(0.0134027,-0.0763749,-0.0224239),(0.0138855,-0.0752213,-0.0212702),(0.0134027,-0.0763749,-0.0224239),(0.0134237,-0.0764687,-0.0225176),(0.0138855,-0.0752213,-0.0212702),(0.0134237,-0.0764687,-0.0225176),(0.0134531,-0.0765605,-0.0226094),(0.0138855,-0.0752213,-0.0212702),(0.0134531,-0.0765605,-0.0226094),(0.0134909,-0.0766503,-0.0226993),(0.0138855,-0.0752213,-0.0212702),(0.0134909,-0.0766503,-0.0226993),(0.0135371,-0.0767383,-0.0227872),(0.0138855,-0.0752213,-0.0212702),(0.0135371,-0.0767383,-0.0227872),(0.0135917,-0.0768242,-0.0228732),(0.0138855,-0.0752213,-0.0212702),(0.0135917,-0.0768242,-0.0228732),(0.0136547,-0.0769083,-0.0229572),(0.0136547,-0.0769083,-0.0229572),(0.0140230,-0.0767609,-0.0228098),(0.0139736,-0.0766939,-0.0227428),(0.0136547,-0.0769083,-0.0229572),(0.0139736,-0.0766939,-0.0227428),(0.0139308,-0.0766254,-0.0226743),(0.0136547,-0.0769083,-0.0229572),(0.0139308,-0.0766254,-0.0226743),(0.0138946,-0.0765553,-0.0226043),(0.0136547,-0.0769083,-0.0229572),(0.0138946,-0.0765553,-0.0226043),(0.0138650,-0.0764838,-0.0225327),(0.0136547,-0.0769083,-0.0229572),(0.0138650,-0.0764838,-0.0225327),(0.0138420,-0.0764107,-0.0224596),(0.0136547,-0.0769083,-0.0229572),(0.0138420,-0.0764107,-0.0224596),(0.0138255,-0.0763361,-0.0223851),(0.0136547,-0.0769083,-0.0229572),(0.0138255,-0.0763361,-0.0223851),(0.0138157,-0.0762600,-0.0223089),(0.0136547,-0.0769083,-0.0229572),(0.0138157,-0.0762600,-0.0223089),(0.0138124,-0.0761824,-0.0222313),(0.0136547,-0.0769083,-0.0229572),(0.0138124,-0.0761824,-0.0222313),(0.0138157,-0.0761047,-0.0221537),(0.0138855,-0.0752213,-0.0212702),(0.0136547,-0.0769083,-0.0229572),(0.0138157,-0.0761047,-0.0221537),(0.0138855,-0.0752213,-0.0212702),(0.0138157,-0.0761047,-0.0221537),(0.0138257,-0.0760285,-0.0220775),(0.0138855,-0.0752213,-0.0212702),(0.0138257,-0.0760285,-0.0220775),(0.0138424,-0.0759538,-0.0220028),(0.0138855,-0.0752213,-0.0212702),(0.0138424,-0.0759538,-0.0220028),(0.0138658,-0.0758806,-0.0219295),(0.0138855,-0.0752213,-0.0212702),(0.0138658,-0.0758806,-0.0219295),(0.0138959,-0.0758088,-0.0218578),(0.0138855,-0.0752213,-0.0212702),(0.0138959,-0.0758088,-0.0218578),(0.0139326,-0.0757386,-0.0217875),(0.0138855,-0.0752213,-0.0212702),(0.0139326,-0.0757386,-0.0217875),(0.0139760,-0.0756697,-0.0217187),(0.0138855,-0.0752213,-0.0212702),(0.0139760,-0.0756697,-0.0217187),(0.0140262,-0.0756024,-0.0216513),(0.0138855,-0.0752213,-0.0212702),(0.0140262,-0.0756024,-0.0216513),(0.0140820,-0.0755374,-0.0215863),(0.0138855,-0.0752213,-0.0212702),(0.0140820,-0.0755374,-0.0215863),(0.0141426,-0.0754759,-0.0215249),(0.0138855,-0.0752213,-0.0212702),(0.0141426,-0.0754759,-0.0215249),(0.0142081,-0.0754180,-0.0214670),(0.0138855,-0.0752213,-0.0212702),(0.0142081,-0.0754180,-0.0214670),(0.0142783,-0.0753637,-0.0214126),(0.0138855,-0.0752213,-0.0212702),(0.0142783,-0.0753637,-0.0214126),(0.0143533,-0.0753129,-0.0213618),(0.0138855,-0.0752213,-0.0212702),(0.0143533,-0.0753129,-0.0213618),(0.0144332,-0.0752656,-0.0213146),(0.0138855,-0.0752213,-0.0212702),(0.0144332,-0.0752656,-0.0213146),(0.0145178,-0.0752220,-0.0212709),(0.0138855,-0.0752213,-0.0212702),(0.0145178,-0.0752220,-0.0212709),(0.0146072,-0.0751818,-0.0212308),(0.0138855,-0.0752213,-0.0212702),(0.0146072,-0.0751818,-0.0212308),(0.0146993,-0.0751457,-0.0211946),(0.0138855,-0.0752213,-0.0212702),(0.0146993,-0.0751457,-0.0211946),(0.0147919,-0.0751144,-0.0211633),(0.0138855,-0.0752213,-0.0212702),(0.0147919,-0.0751144,-0.0211633),(0.0148850,-0.0750879,-0.0211368),(0.0138855,-0.0752213,-0.0212702),(0.0148850,-0.0750879,-0.0211368),(0.0149787,-0.0750662,-0.0211151),(0.0138855,-0.0752213,-0.0212702),(0.0149787,-0.0750662,-0.0211151),(0.0150728,-0.0750493,-0.0210983),(0.0162539,-0.0748600,-0.0209090),(0.0138855,-0.0752213,-0.0212702),(0.0150728,-0.0750493,-0.0210983),(0.0162539,-0.0748600,-0.0209090),(0.0150728,-0.0750493,-0.0210983),(0.0151676,-0.0750373,-0.0210862),(0.0162539,-0.0748600,-0.0209090),(0.0151676,-0.0750373,-0.0210862),(0.0152628,-0.0750301,-0.0210790),(0.0162539,-0.0748600,-0.0209090),(0.0152628,-0.0750301,-0.0210790),(0.0153586,-0.0750277,-0.0210766),(0.0162539,-0.0748600,-0.0209090),(0.0153586,-0.0750277,-0.0210766),(0.0153649,-0.0750277,-0.0210766),(0.0162539,-0.0748600,-0.0209090),(0.0153649,-0.0750277,-0.0210766),(0.0154587,-0.0750291,-0.0210781),(0.0162539,-0.0748600,-0.0209090),(0.0154587,-0.0750291,-0.0210781),(0.0155498,-0.0750336,-0.0210825),(0.0162539,-0.0748600,-0.0209090),(0.0155498,-0.0750336,-0.0210825),(0.0156384,-0.0750409,-0.0210899),(0.0162539,-0.0748600,-0.0209090),(0.0156384,-0.0750409,-0.0210899),(0.0157245,-0.0750512,-0.0211002),(0.0162539,-0.0748600,-0.0209090),(0.0157245,-0.0750512,-0.0211002),(0.0158080,-0.0750645,-0.0211134),(0.0162539,-0.0748600,-0.0209090),(0.0158080,-0.0750645,-0.0211134),(0.0158890,-0.0750807,-0.0211296),(0.0162539,-0.0748600,-0.0209090),(0.0158890,-0.0750807,-0.0211296),(0.0159675,-0.0750999,-0.0211488),(0.0162539,-0.0748600,-0.0209090),(0.0159675,-0.0750999,-0.0211488),(0.0160433,-0.0751220,-0.0211709),(0.0140410,-0.0782014,-0.0242504),(0.0162539,-0.0748600,-0.0209090),(0.0160433,-0.0751220,-0.0211709),(0.0140410,-0.0782014,-0.0242504),(0.0160433,-0.0751220,-0.0211709),(0.0144389,-0.0770984,-0.0231473),(0.0140410,-0.0782014,-0.0242504),(0.0144389,-0.0770984,-0.0231473),(0.0143185,-0.0770256,-0.0230746),(0.0140654,-0.0768098,-0.0228588),(0.0140230,-0.0767609,-0.0228098),(0.0136547,-0.0769083,-0.0229572),(0.0141105,-0.0768569,-0.0229058),(0.0140654,-0.0768098,-0.0228588),(0.0136547,-0.0769083,-0.0229572),(0.0142090,-0.0769451,-0.0229941),(0.0141105,-0.0768569,-0.0229058),(0.0136547,-0.0769083,-0.0229572),(0.0143185,-0.0770256,-0.0230746),(0.0142090,-0.0769451,-0.0229941),(0.0136547,-0.0769083,-0.0229572),(0.0143185,-0.0770256,-0.0230746),(0.0136547,-0.0769083,-0.0229572),(0.0137126,-0.0769755,-0.0230244),(0.0143185,-0.0770256,-0.0230746),(0.0137126,-0.0769755,-0.0230244),(0.0137743,-0.0770398,-0.0230887),(0.0143185,-0.0770256,-0.0230746),(0.0137743,-0.0770398,-0.0230887),(0.0138396,-0.0771012,-0.0231502),(0.0143185,-0.0770256,-0.0230746),(0.0138396,-0.0771012,-0.0231502),(0.0139087,-0.0771597,-0.0232087),(0.0143185,-0.0770256,-0.0230746),(0.0139087,-0.0771597,-0.0232087),(0.0139814,-0.0772153,-0.0232643),(0.0143185,-0.0770256,-0.0230746),(0.0139814,-0.0772153,-0.0232643),(0.0140579,-0.0772681,-0.0233170),(0.0143185,-0.0770256,-0.0230746),(0.0140579,-0.0772681,-0.0233170),(0.0141381,-0.0773179,-0.0233668),(0.0143185,-0.0770256,-0.0230746),(0.0141381,-0.0773179,-0.0233668),(0.0142219,-0.0773648,-0.0234137),(0.0140410,-0.0782014,-0.0242504),(0.0143185,-0.0770256,-0.0230746),(0.0142219,-0.0773648,-0.0234137),(0.0140410,-0.0782014,-0.0242504),(0.0142219,-0.0773648,-0.0234137),(0.0136663,-0.0780510,-0.0241000),(0.0140410,-0.0782014,-0.0242504),(0.0136663,-0.0780510,-0.0241000),(0.0136388,-0.0781229,-0.0241718),(0.0140410,-0.0782014,-0.0242504),(0.0136388,-0.0781229,-0.0241718),(0.0136452,-0.0781655,-0.0242145),(0.0140410,-0.0782014,-0.0242504),(0.0136452,-0.0781655,-0.0242145),(0.0136843,-0.0782200,-0.0242689),(0.0140410,-0.0782014,-0.0242504),(0.0136843,-0.0782200,-0.0242689),(0.0137468,-0.0782591,-0.0243080),(0.0140410,-0.0782014,-0.0242504),(0.0137468,-0.0782591,-0.0243080),(0.0138515,-0.0782785,-0.0243275),(0.0140410,-0.0782014,-0.0242504),(0.0138515,-0.0782785,-0.0243275),(0.0139119,-0.0782733,-0.0243222),(0.0140410,-0.0782014,-0.0242504),(0.0139119,-0.0782733,-0.0243222),(0.0139844,-0.0782482,-0.0242971),(0.0291473,-0.0750124,-0.0210613),(0.0291526,-0.0749188,-0.0209677),(0.0291526,-0.0737237,-0.0197726),(0.0291473,-0.0750124,-0.0210613),(0.0291526,-0.0737237,-0.0197726),(0.0291473,-0.0736313,-0.0196802),(0.0291473,-0.0750124,-0.0210613),(0.0291473,-0.0736313,-0.0196802),(0.0291314,-0.0735432,-0.0195921),(0.0291473,-0.0750124,-0.0210613),(0.0291314,-0.0735432,-0.0195921),(0.0291048,-0.0734593,-0.0195082),(0.0291473,-0.0750124,-0.0210613),(0.0291048,-0.0734593,-0.0195082),(0.0290677,-0.0733796,-0.0194285),(0.0291473,-0.0750124,-0.0210613),(0.0290677,-0.0733796,-0.0194285),(0.0290199,-0.0733042,-0.0193531),(0.0291473,-0.0750124,-0.0210613),(0.0290199,-0.0733042,-0.0193531),(0.0289615,-0.0732330,-0.0192819),(0.0291473,-0.0750124,-0.0210613),(0.0289615,-0.0732330,-0.0192819),(0.0288925,-0.0731660,-0.0192149),(0.0291473,-0.0750124,-0.0210613),(0.0288925,-0.0731660,-0.0192149),(0.0288129,-0.0731033,-0.0191522),(0.0291473,-0.0750124,-0.0210613),(0.0288129,-0.0731033,-0.0191522),(0.0287362,-0.0730526,-0.0191015),(0.0291473,-0.0750124,-0.0210613),(0.0287362,-0.0730526,-0.0191015),(0.0286565,-0.0730087,-0.0190576),(0.0291473,-0.0750124,-0.0210613),(0.0286565,-0.0730087,-0.0190576),(0.0285736,-0.0729715,-0.0190204),(0.0285736,-0.0729715,-0.0190204),(0.0284877,-0.0729411,-0.0189900),(0.0283987,-0.0729174,-0.0189663),(0.0285736,-0.0729715,-0.0190204),(0.0283987,-0.0729174,-0.0189663),(0.0283067,-0.0729005,-0.0189494),(0.0285736,-0.0729715,-0.0190204),(0.0283067,-0.0729005,-0.0189494),(0.0282115,-0.0728904,-0.0189393),(0.0285736,-0.0729715,-0.0190204),(0.0282115,-0.0728904,-0.0189393),(0.0281133,-0.0728870,-0.0189359),(0.0285736,-0.0729715,-0.0190204),(0.0281133,-0.0728870,-0.0189359),(0.0280163,-0.0728904,-0.0189393),(0.0285736,-0.0729715,-0.0190204),(0.0280163,-0.0728904,-0.0189393),(0.0279218,-0.0729005,-0.0189494),(0.0285736,-0.0729715,-0.0190204),(0.0279218,-0.0729005,-0.0189494),(0.0278301,-0.0729174,-0.0189663),(0.0285736,-0.0729715,-0.0190204),(0.0278301,-0.0729174,-0.0189663),(0.0277411,-0.0729411,-0.0189900),(0.0285736,-0.0729715,-0.0190204),(0.0277411,-0.0729411,-0.0189900),(0.0276547,-0.0729715,-0.0190204),(0.0285736,-0.0729715,-0.0190204),(0.0276547,-0.0729715,-0.0190204),(0.0275710,-0.0730087,-0.0190576),(0.0285736,-0.0729715,-0.0190204),(0.0275710,-0.0730087,-0.0190576),(0.0274900,-0.0730526,-0.0191015),(0.0285736,-0.0729715,-0.0190204),(0.0274900,-0.0730526,-0.0191015),(0.0274117,-0.0731033,-0.0191522),(0.0285736,-0.0729715,-0.0190204),(0.0274117,-0.0731033,-0.0191522),(0.0273320,-0.0731648,-0.0192137),(0.0285736,-0.0729715,-0.0190204),(0.0273320,-0.0731648,-0.0192137),(0.0272630,-0.0732307,-0.0192796),(0.0285736,-0.0729715,-0.0190204),(0.0272630,-0.0732307,-0.0192796),(0.0272046,-0.0733010,-0.0193499),(0.0285736,-0.0729715,-0.0190204),(0.0272046,-0.0733010,-0.0193499),(0.0271569,-0.0733757,-0.0194246),(0.0285736,-0.0729715,-0.0190204),(0.0271569,-0.0733757,-0.0194246),(0.0271197,-0.0734548,-0.0195037),(0.0271197,-0.0734548,-0.0195037),(0.0270932,-0.0735383,-0.0195872),(0.0270772,-0.0736261,-0.0196751),(0.0271197,-0.0734548,-0.0195037),(0.0270772,-0.0736261,-0.0196751),(0.0270719,-0.0737184,-0.0197674),(0.0271197,-0.0734548,-0.0195037),(0.0270719,-0.0737184,-0.0197674),(0.0270719,-0.0737237,-0.0197726),(0.0271197,-0.0734548,-0.0195037),(0.0270719,-0.0737237,-0.0197726),(0.0270719,-0.0749218,-0.0209707),(0.0271197,-0.0734548,-0.0195037),(0.0270719,-0.0749218,-0.0209707),(0.0270772,-0.0750146,-0.0210636),(0.0271197,-0.0734548,-0.0195037),(0.0270772,-0.0750146,-0.0210636),(0.0270932,-0.0751031,-0.0211520),(0.0271197,-0.0734548,-0.0195037),(0.0270932,-0.0751031,-0.0211520),(0.0271197,-0.0751872,-0.0212362),(0.0271197,-0.0734548,-0.0195037),(0.0271197,-0.0751872,-0.0212362),(0.0271569,-0.0752670,-0.0213159),(0.0271197,-0.0734548,-0.0195037),(0.0271569,-0.0752670,-0.0213159),(0.0272046,-0.0753423,-0.0213912),(0.0271197,-0.0734548,-0.0195037),(0.0272046,-0.0753423,-0.0213912),(0.0272630,-0.0754133,-0.0214622),(0.0271197,-0.0734548,-0.0195037),(0.0272630,-0.0754133,-0.0214622),(0.0273320,-0.0754799,-0.0215289),(0.0271197,-0.0734548,-0.0195037),(0.0273320,-0.0754799,-0.0215289),(0.0274117,-0.0755422,-0.0215911),(0.0274117,-0.0755422,-0.0215911),(0.0277154,-0.0753326,-0.0213816),(0.0276214,-0.0752504,-0.0212993),(0.0274117,-0.0755422,-0.0215911),(0.0276214,-0.0752504,-0.0212993),(0.0275543,-0.0751540,-0.0212029),(0.0274117,-0.0755422,-0.0215911),(0.0275543,-0.0751540,-0.0212029),(0.0275140,-0.0750434,-0.0210924),(0.0271197,-0.0734548,-0.0195037),(0.0274117,-0.0755422,-0.0215911),(0.0275140,-0.0750434,-0.0210924),(0.0271197,-0.0734548,-0.0195037),(0.0275140,-0.0750434,-0.0210924),(0.0275039,-0.0749829,-0.0210318),(0.0271197,-0.0734548,-0.0195037),(0.0275039,-0.0749829,-0.0210318),(0.0275006,-0.0749188,-0.0209677),(0.0271197,-0.0734548,-0.0195037),(0.0275006,-0.0749188,-0.0209677),(0.0275006,-0.0737184,-0.0197674),(0.0271197,-0.0734548,-0.0195037),(0.0275006,-0.0737184,-0.0197674),(0.0275039,-0.0736560,-0.0197049),(0.0271197,-0.0734548,-0.0195037),(0.0275039,-0.0736560,-0.0197049),(0.0275139,-0.0735970,-0.0196459),(0.0271197,-0.0734548,-0.0195037),(0.0275139,-0.0735970,-0.0196459),(0.0275305,-0.0735415,-0.0195904),(0.0271197,-0.0734548,-0.0195037),(0.0275305,-0.0735415,-0.0195904),(0.0275537,-0.0734894,-0.0195384),(0.0271197,-0.0734548,-0.0195037),(0.0275537,-0.0734894,-0.0195384),(0.0276202,-0.0733957,-0.0194446),(0.0271197,-0.0734548,-0.0195037),(0.0276202,-0.0733957,-0.0194446),(0.0277133,-0.0733158,-0.0193647),(0.0271197,-0.0734548,-0.0195037),(0.0277133,-0.0733158,-0.0193647),(0.0278085,-0.0732601,-0.0193091),(0.0271197,-0.0734548,-0.0195037),(0.0278085,-0.0732601,-0.0193091),(0.0279070,-0.0732204,-0.0192693),(0.0285736,-0.0729715,-0.0190204),(0.0271197,-0.0734548,-0.0195037),(0.0279070,-0.0732204,-0.0192693),(0.0285736,-0.0729715,-0.0190204),(0.0279070,-0.0732204,-0.0192693),(0.0280086,-0.0731965,-0.0192455),(0.0285736,-0.0729715,-0.0190204),(0.0280086,-0.0731965,-0.0192455),(0.0281133,-0.0731886,-0.0192375),(0.0285736,-0.0729715,-0.0190204),(0.0281133,-0.0731886,-0.0192375),(0.0282224,-0.0731965,-0.0192455),(0.0285736,-0.0729715,-0.0190204),(0.0282224,-0.0731965,-0.0192455),(0.0283253,-0.0732204,-0.0192693),(0.0285736,-0.0729715,-0.0190204),(0.0283253,-0.0732204,-0.0192693),(0.0284219,-0.0732601,-0.0193091),(0.0285736,-0.0729715,-0.0190204),(0.0284219,-0.0732601,-0.0193091),(0.0285123,-0.0733158,-0.0193647),(0.0285736,-0.0729715,-0.0190204),(0.0285123,-0.0733158,-0.0193647),(0.0286054,-0.0733997,-0.0194486),(0.0285736,-0.0729715,-0.0190204),(0.0286054,-0.0733997,-0.0194486),(0.0286719,-0.0734956,-0.0195445),(0.0285736,-0.0729715,-0.0190204),(0.0286719,-0.0734956,-0.0195445),(0.0287118,-0.0736036,-0.0196525),(0.0291473,-0.0750124,-0.0210613),(0.0285736,-0.0729715,-0.0190204),(0.0287118,-0.0736036,-0.0196525),(0.0291473,-0.0750124,-0.0210613),(0.0287118,-0.0736036,-0.0196525),(0.0287217,-0.0736621,-0.0197111),(0.0291473,-0.0750124,-0.0210613),(0.0287217,-0.0736621,-0.0197111),(0.0287251,-0.0737237,-0.0197726),(0.0291473,-0.0750124,-0.0210613),(0.0287251,-0.0737237,-0.0197726),(0.0287251,-0.0749188,-0.0209677),(0.0291473,-0.0750124,-0.0210613),(0.0287251,-0.0749188,-0.0209677),(0.0287217,-0.0749822,-0.0210311),(0.0291473,-0.0750124,-0.0210613),(0.0287217,-0.0749822,-0.0210311),(0.0287118,-0.0750421,-0.0210911),(0.0291473,-0.0750124,-0.0210613),(0.0287118,-0.0750421,-0.0210911),(0.0286951,-0.0750986,-0.0211476),(0.0291473,-0.0750124,-0.0210613),(0.0286951,-0.0750986,-0.0211476),(0.0286719,-0.0751517,-0.0212006),(0.0291473,-0.0750124,-0.0210613),(0.0286719,-0.0751517,-0.0212006),(0.0286054,-0.0752475,-0.0212965),(0.0291473,-0.0750124,-0.0210613),(0.0286054,-0.0752475,-0.0212965),(0.0285123,-0.0753296,-0.0213786),(0.0291473,-0.0750124,-0.0210613),(0.0285123,-0.0753296,-0.0213786),(0.0284211,-0.0753846,-0.0214336),(0.0278070,-0.0753863,-0.0214352),(0.0277154,-0.0753326,-0.0213816),(0.0274117,-0.0755422,-0.0215911),(0.0279038,-0.0754247,-0.0214736),(0.0278070,-0.0753863,-0.0214352),(0.0274117,-0.0755422,-0.0215911),(0.0280059,-0.0754477,-0.0214966),(0.0279038,-0.0754247,-0.0214736),(0.0274117,-0.0755422,-0.0215911),(0.0281133,-0.0754554,-0.0215043),(0.0280059,-0.0754477,-0.0214966),(0.0274117,-0.0755422,-0.0215911),(0.0282216,-0.0754475,-0.0214964),(0.0281133,-0.0754554,-0.0215043),(0.0274117,-0.0755422,-0.0215911),(0.0282216,-0.0754475,-0.0214964),(0.0274117,-0.0755422,-0.0215911),(0.0274885,-0.0755922,-0.0216411),(0.0282216,-0.0754475,-0.0214964),(0.0274885,-0.0755922,-0.0216411),(0.0275684,-0.0756355,-0.0216844),(0.0283242,-0.0754239,-0.0214729),(0.0282216,-0.0754475,-0.0214964),(0.0275684,-0.0756355,-0.0216844),(0.0283242,-0.0754239,-0.0214729),(0.0275684,-0.0756355,-0.0216844),(0.0276511,-0.0756721,-0.0217211),(0.0283242,-0.0754239,-0.0214729),(0.0276511,-0.0756721,-0.0217211),(0.0277368,-0.0757021,-0.0217511),(0.0284211,-0.0753846,-0.0214336),(0.0283242,-0.0754239,-0.0214729),(0.0277368,-0.0757021,-0.0217511),(0.0284211,-0.0753846,-0.0214336),(0.0277368,-0.0757021,-0.0217511),(0.0278255,-0.0757255,-0.0217744),(0.0291473,-0.0750124,-0.0210613),(0.0284211,-0.0753846,-0.0214336),(0.0278255,-0.0757255,-0.0217744),(0.0291473,-0.0750124,-0.0210613),(0.0278255,-0.0757255,-0.0217744),(0.0279171,-0.0757421,-0.0217910),(0.0291473,-0.0750124,-0.0210613),(0.0279171,-0.0757421,-0.0217910),(0.0280116,-0.0757521,-0.0218010),(0.0291473,-0.0750124,-0.0210613),(0.0280116,-0.0757521,-0.0218010),(0.0281091,-0.0757554,-0.0218044),(0.0291473,-0.0750124,-0.0210613),(0.0281091,-0.0757554,-0.0218044),(0.0282083,-0.0757522,-0.0218011),(0.0291473,-0.0750124,-0.0210613),(0.0282083,-0.0757522,-0.0218011),(0.0283042,-0.0757423,-0.0217913),(0.0291473,-0.0750124,-0.0210613),(0.0283042,-0.0757423,-0.0217913),(0.0283968,-0.0757260,-0.0217749),(0.0291473,-0.0750124,-0.0210613),(0.0283968,-0.0757260,-0.0217749),(0.0284861,-0.0757031,-0.0217520),(0.0291473,-0.0750124,-0.0210613),(0.0284861,-0.0757031,-0.0217520),(0.0285722,-0.0756736,-0.0217225),(0.0291473,-0.0750124,-0.0210613),(0.0285722,-0.0756736,-0.0217225),(0.0286550,-0.0756376,-0.0216865),(0.0291473,-0.0750124,-0.0210613),(0.0286550,-0.0756376,-0.0216865),(0.0287345,-0.0755950,-0.0216439),(0.0291473,-0.0750124,-0.0210613),(0.0287345,-0.0755950,-0.0216439),(0.0288108,-0.0755459,-0.0215948),(0.0291473,-0.0750124,-0.0210613),(0.0288108,-0.0755459,-0.0215948),(0.0288909,-0.0754827,-0.0215317),(0.0291473,-0.0750124,-0.0210613),(0.0288909,-0.0754827,-0.0215317),(0.0289603,-0.0754152,-0.0214642),(0.0291473,-0.0750124,-0.0210613),(0.0289603,-0.0754152,-0.0214642),(0.0290191,-0.0753434,-0.0213923),(0.0291473,-0.0750124,-0.0210613),(0.0290191,-0.0753434,-0.0213923),(0.0290672,-0.0752671,-0.0213161),(0.0291473,-0.0750124,-0.0210613),(0.0290672,-0.0752671,-0.0213161),(0.0291046,-0.0751866,-0.0212355),(0.0291473,-0.0750124,-0.0210613),(0.0291046,-0.0751866,-0.0212355),(0.0291313,-0.0751017,-0.0211506),(0.0291473,-0.0786524,-0.0247013),(0.0291526,-0.0785588,-0.0246077),(0.0291526,-0.0773637,-0.0234126),(0.0291473,-0.0786524,-0.0247013),(0.0291526,-0.0773637,-0.0234126),(0.0291473,-0.0772713,-0.0233202),(0.0291473,-0.0786524,-0.0247013),(0.0291473,-0.0772713,-0.0233202),(0.0291314,-0.0771832,-0.0232321),(0.0291473,-0.0786524,-0.0247013),(0.0291314,-0.0771832,-0.0232321),(0.0291048,-0.0770993,-0.0231482),(0.0291473,-0.0786524,-0.0247013),(0.0291048,-0.0770993,-0.0231482),(0.0290677,-0.0770196,-0.0230685),(0.0291473,-0.0786524,-0.0247013),(0.0290677,-0.0770196,-0.0230685),(0.0290199,-0.0769442,-0.0229931),(0.0291473,-0.0786524,-0.0247013),(0.0290199,-0.0769442,-0.0229931),(0.0289615,-0.0768730,-0.0229219),(0.0291473,-0.0786524,-0.0247013),(0.0289615,-0.0768730,-0.0229219),(0.0288925,-0.0768060,-0.0228549),(0.0291473,-0.0786524,-0.0247013),(0.0288925,-0.0768060,-0.0228549),(0.0288129,-0.0767433,-0.0227922),(0.0291473,-0.0786524,-0.0247013),(0.0288129,-0.0767433,-0.0227922),(0.0287362,-0.0766926,-0.0227415),(0.0291473,-0.0786524,-0.0247013),(0.0287362,-0.0766926,-0.0227415),(0.0286565,-0.0766487,-0.0226976),(0.0291473,-0.0786524,-0.0247013),(0.0286565,-0.0766487,-0.0226976),(0.0285736,-0.0766115,-0.0226604),(0.0285736,-0.0766115,-0.0226604),(0.0284877,-0.0765811,-0.0226300),(0.0283987,-0.0765574,-0.0226063),(0.0285736,-0.0766115,-0.0226604),(0.0283987,-0.0765574,-0.0226063),(0.0283067,-0.0765405,-0.0225894),(0.0285736,-0.0766115,-0.0226604),(0.0283067,-0.0765405,-0.0225894),(0.0282115,-0.0765304,-0.0225793),(0.0285736,-0.0766115,-0.0226604),(0.0282115,-0.0765304,-0.0225793),(0.0281133,-0.0765270,-0.0225759),(0.0285736,-0.0766115,-0.0226604),(0.0281133,-0.0765270,-0.0225759),(0.0280163,-0.0765304,-0.0225793),(0.0285736,-0.0766115,-0.0226604),(0.0280163,-0.0765304,-0.0225793),(0.0279218,-0.0765405,-0.0225894),(0.0285736,-0.0766115,-0.0226604),(0.0279218,-0.0765405,-0.0225894),(0.0278301,-0.0765574,-0.0226063),(0.0285736,-0.0766115,-0.0226604),(0.0278301,-0.0765574,-0.0226063),(0.0277411,-0.0765811,-0.0226300),(0.0285736,-0.0766115,-0.0226604),(0.0277411,-0.0765811,-0.0226300),(0.0276547,-0.0766115,-0.0226604),(0.0285736,-0.0766115,-0.0226604),(0.0276547,-0.0766115,-0.0226604),(0.0275710,-0.0766487,-0.0226976),(0.0285736,-0.0766115,-0.0226604),(0.0275710,-0.0766487,-0.0226976),(0.0274900,-0.0766926,-0.0227415),(0.0285736,-0.0766115,-0.0226604),(0.0274900,-0.0766926,-0.0227415),(0.0274117,-0.0767433,-0.0227922),(0.0285736,-0.0766115,-0.0226604),(0.0274117,-0.0767433,-0.0227922),(0.0273320,-0.0768048,-0.0228537),(0.0285736,-0.0766115,-0.0226604),(0.0273320,-0.0768048,-0.0228537),(0.0272630,-0.0768707,-0.0229196),(0.0285736,-0.0766115,-0.0226604),(0.0272630,-0.0768707,-0.0229196),(0.0272046,-0.0769410,-0.0229899),(0.0285736,-0.0766115,-0.0226604),(0.0272046,-0.0769410,-0.0229899),(0.0271569,-0.0770157,-0.0230646),(0.0285736,-0.0766115,-0.0226604),(0.0271569,-0.0770157,-0.0230646),(0.0271197,-0.0770948,-0.0231437),(0.0271197,-0.0770948,-0.0231437),(0.0270932,-0.0771783,-0.0232272),(0.0270772,-0.0772661,-0.0233151),(0.0271197,-0.0770948,-0.0231437),(0.0270772,-0.0772661,-0.0233151),(0.0270719,-0.0773584,-0.0234074),(0.0271197,-0.0770948,-0.0231437),(0.0270719,-0.0773584,-0.0234074),(0.0270719,-0.0773637,-0.0234126),(0.0271197,-0.0770948,-0.0231437),(0.0270719,-0.0773637,-0.0234126),(0.0270719,-0.0785618,-0.0246107),(0.0271197,-0.0770948,-0.0231437),(0.0270719,-0.0785618,-0.0246107),(0.0270772,-0.0786546,-0.0247036),(0.0271197,-0.0770948,-0.0231437),(0.0270772,-0.0786546,-0.0247036),(0.0270932,-0.0787431,-0.0247920),(0.0271197,-0.0770948,-0.0231437),(0.0270932,-0.0787431,-0.0247920),(0.0271197,-0.0788272,-0.0248761),(0.0271197,-0.0770948,-0.0231437),(0.0271197,-0.0788272,-0.0248761),(0.0271569,-0.0789070,-0.0249559),(0.0271197,-0.0770948,-0.0231437),(0.0271569,-0.0789070,-0.0249559),(0.0272046,-0.0789823,-0.0250312),(0.0271197,-0.0770948,-0.0231437),(0.0272046,-0.0789823,-0.0250312),(0.0272630,-0.0790533,-0.0251022),(0.0271197,-0.0770948,-0.0231437),(0.0272630,-0.0790533,-0.0251022),(0.0273320,-0.0791199,-0.0251688),(0.0271197,-0.0770948,-0.0231437),(0.0273320,-0.0791199,-0.0251688),(0.0274117,-0.0791822,-0.0252311),(0.0274117,-0.0791822,-0.0252311),(0.0277154,-0.0789726,-0.0250216),(0.0276214,-0.0788903,-0.0249393),(0.0274117,-0.0791822,-0.0252311),(0.0276214,-0.0788903,-0.0249393),(0.0275543,-0.0787940,-0.0248429),(0.0274117,-0.0791822,-0.0252311),(0.0275543,-0.0787940,-0.0248429),(0.0275140,-0.0786834,-0.0247324),(0.0271197,-0.0770948,-0.0231437),(0.0274117,-0.0791822,-0.0252311),(0.0275140,-0.0786834,-0.0247324),(0.0271197,-0.0770948,-0.0231437),(0.0275140,-0.0786834,-0.0247324),(0.0275039,-0.0786229,-0.0246718),(0.0271197,-0.0770948,-0.0231437),(0.0275039,-0.0786229,-0.0246718),(0.0275006,-0.0785588,-0.0246077),(0.0271197,-0.0770948,-0.0231437),(0.0275006,-0.0785588,-0.0246077),(0.0275006,-0.0773584,-0.0234074),(0.0271197,-0.0770948,-0.0231437),(0.0275006,-0.0773584,-0.0234074),(0.0275039,-0.0772960,-0.0233449),(0.0271197,-0.0770948,-0.0231437),(0.0275039,-0.0772960,-0.0233449),(0.0275139,-0.0772370,-0.0232859),(0.0271197,-0.0770948,-0.0231437),(0.0275139,-0.0772370,-0.0232859),(0.0275305,-0.0771815,-0.0232304),(0.0271197,-0.0770948,-0.0231437),(0.0275305,-0.0771815,-0.0232304),(0.0275537,-0.0771294,-0.0231784),(0.0271197,-0.0770948,-0.0231437),(0.0275537,-0.0771294,-0.0231784),(0.0276202,-0.0770357,-0.0230846),(0.0271197,-0.0770948,-0.0231437),(0.0276202,-0.0770357,-0.0230846),(0.0277133,-0.0769558,-0.0230047),(0.0271197,-0.0770948,-0.0231437),(0.0277133,-0.0769558,-0.0230047),(0.0278085,-0.0769001,-0.0229491),(0.0271197,-0.0770948,-0.0231437),(0.0278085,-0.0769001,-0.0229491),(0.0279070,-0.0768604,-0.0229093),(0.0285736,-0.0766115,-0.0226604),(0.0271197,-0.0770948,-0.0231437),(0.0279070,-0.0768604,-0.0229093),(0.0285736,-0.0766115,-0.0226604),(0.0279070,-0.0768604,-0.0229093),(0.0280086,-0.0768365,-0.0228855),(0.0285736,-0.0766115,-0.0226604),(0.0280086,-0.0768365,-0.0228855),(0.0281133,-0.0768286,-0.0228775),(0.0285736,-0.0766115,-0.0226604),(0.0281133,-0.0768286,-0.0228775),(0.0282224,-0.0768365,-0.0228855),(0.0285736,-0.0766115,-0.0226604),(0.0282224,-0.0768365,-0.0228855),(0.0283253,-0.0768604,-0.0229093),(0.0285736,-0.0766115,-0.0226604),(0.0283253,-0.0768604,-0.0229093),(0.0284219,-0.0769001,-0.0229491),(0.0285736,-0.0766115,-0.0226604),(0.0284219,-0.0769001,-0.0229491),(0.0285123,-0.0769558,-0.0230047),(0.0285736,-0.0766115,-0.0226604),(0.0285123,-0.0769558,-0.0230047),(0.0286054,-0.0770397,-0.0230886),(0.0285736,-0.0766115,-0.0226604),(0.0286054,-0.0770397,-0.0230886),(0.0286719,-0.0771356,-0.0231845),(0.0285736,-0.0766115,-0.0226604),(0.0286719,-0.0771356,-0.0231845),(0.0287118,-0.0772436,-0.0232925),(0.0291473,-0.0786524,-0.0247013),(0.0285736,-0.0766115,-0.0226604),(0.0287118,-0.0772436,-0.0232925),(0.0291473,-0.0786524,-0.0247013),(0.0287118,-0.0772436,-0.0232925),(0.0287217,-0.0773021,-0.0233510),(0.0291473,-0.0786524,-0.0247013),(0.0287217,-0.0773021,-0.0233510),(0.0287251,-0.0773637,-0.0234126),(0.0291473,-0.0786524,-0.0247013),(0.0287251,-0.0773637,-0.0234126),(0.0287251,-0.0785588,-0.0246077),(0.0291473,-0.0786524,-0.0247013),(0.0287251,-0.0785588,-0.0246077),(0.0287217,-0.0786222,-0.0246711),(0.0291473,-0.0786524,-0.0247013),(0.0287217,-0.0786222,-0.0246711),(0.0287118,-0.0786821,-0.0247311),(0.0291473,-0.0786524,-0.0247013),(0.0287118,-0.0786821,-0.0247311),(0.0286951,-0.0787386,-0.0247876),(0.0291473,-0.0786524,-0.0247013),(0.0286951,-0.0787386,-0.0247876),(0.0286719,-0.0787917,-0.0248406),(0.0291473,-0.0786524,-0.0247013),(0.0286719,-0.0787917,-0.0248406),(0.0286054,-0.0788875,-0.0249365),(0.0291473,-0.0786524,-0.0247013),(0.0286054,-0.0788875,-0.0249365),(0.0285123,-0.0789696,-0.0250186),(0.0291473,-0.0786524,-0.0247013),(0.0285123,-0.0789696,-0.0250186),(0.0284211,-0.0790246,-0.0250736),(0.0278070,-0.0790263,-0.0250752),(0.0277154,-0.0789726,-0.0250216),(0.0274117,-0.0791822,-0.0252311),(0.0279038,-0.0790647,-0.0251136),(0.0278070,-0.0790263,-0.0250752),(0.0274117,-0.0791822,-0.0252311),(0.0280059,-0.0790877,-0.0251366),(0.0279038,-0.0790647,-0.0251136),(0.0274117,-0.0791822,-0.0252311),(0.0281133,-0.0790954,-0.0251443),(0.0280059,-0.0790877,-0.0251366),(0.0274117,-0.0791822,-0.0252311),(0.0282216,-0.0790875,-0.0251364),(0.0281133,-0.0790954,-0.0251443),(0.0274117,-0.0791822,-0.0252311),(0.0282216,-0.0790875,-0.0251364),(0.0274117,-0.0791822,-0.0252311),(0.0274885,-0.0792321,-0.0252811),(0.0282216,-0.0790875,-0.0251364),(0.0274885,-0.0792321,-0.0252811),(0.0275684,-0.0792755,-0.0253244),(0.0283242,-0.0790639,-0.0251129),(0.0282216,-0.0790875,-0.0251364),(0.0275684,-0.0792755,-0.0253244),(0.0283242,-0.0790639,-0.0251129),(0.0275684,-0.0792755,-0.0253244),(0.0276511,-0.0793121,-0.0253611),(0.0283242,-0.0790639,-0.0251129),(0.0276511,-0.0793121,-0.0253611),(0.0277368,-0.0793421,-0.0253911),(0.0284211,-0.0790246,-0.0250736),(0.0283242,-0.0790639,-0.0251129),(0.0277368,-0.0793421,-0.0253911),(0.0284211,-0.0790246,-0.0250736),(0.0277368,-0.0793421,-0.0253911),(0.0278255,-0.0793654,-0.0254144),(0.0291473,-0.0786524,-0.0247013),(0.0284211,-0.0790246,-0.0250736),(0.0278255,-0.0793654,-0.0254144),(0.0291473,-0.0786524,-0.0247013),(0.0278255,-0.0793654,-0.0254144),(0.0279171,-0.0793821,-0.0254310),(0.0291473,-0.0786524,-0.0247013),(0.0279171,-0.0793821,-0.0254310),(0.0280116,-0.0793921,-0.0254410),(0.0291473,-0.0786524,-0.0247013),(0.0280116,-0.0793921,-0.0254410),(0.0281091,-0.0793954,-0.0254444),(0.0291473,-0.0786524,-0.0247013),(0.0281091,-0.0793954,-0.0254444),(0.0282083,-0.0793922,-0.0254411),(0.0291473,-0.0786524,-0.0247013),(0.0282083,-0.0793922,-0.0254411),(0.0283042,-0.0793823,-0.0254313),(0.0291473,-0.0786524,-0.0247013),(0.0283042,-0.0793823,-0.0254313),(0.0283968,-0.0793660,-0.0254149),(0.0291473,-0.0786524,-0.0247013),(0.0283968,-0.0793660,-0.0254149),(0.0284861,-0.0793431,-0.0253920),(0.0291473,-0.0786524,-0.0247013),(0.0284861,-0.0793431,-0.0253920),(0.0285722,-0.0793136,-0.0253625),(0.0291473,-0.0786524,-0.0247013),(0.0285722,-0.0793136,-0.0253625),(0.0286550,-0.0792776,-0.0253265),(0.0291473,-0.0786524,-0.0247013),(0.0286550,-0.0792776,-0.0253265),(0.0287345,-0.0792350,-0.0252839),(0.0291473,-0.0786524,-0.0247013),(0.0287345,-0.0792350,-0.0252839),(0.0288108,-0.0791859,-0.0252348),(0.0291473,-0.0786524,-0.0247013),(0.0288108,-0.0791859,-0.0252348),(0.0288909,-0.0791227,-0.0251717),(0.0291473,-0.0786524,-0.0247013),(0.0288909,-0.0791227,-0.0251717),(0.0289603,-0.0790552,-0.0251042),(0.0291473,-0.0786524,-0.0247013),(0.0289603,-0.0790552,-0.0251042),(0.0290191,-0.0789834,-0.0250323),(0.0291473,-0.0786524,-0.0247013),(0.0290191,-0.0789834,-0.0250323),(0.0290672,-0.0789071,-0.0249561),(0.0291473,-0.0786524,-0.0247013),(0.0290672,-0.0789071,-0.0249561),(0.0291046,-0.0788266,-0.0248755),(0.0291473,-0.0786524,-0.0247013),(0.0291046,-0.0788266,-0.0248755),(0.0291313,-0.0787417,-0.0247906),(0.0264379,-0.0786524,-0.0247013),(0.0264433,-0.0785588,-0.0246077),(0.0264433,-0.0773637,-0.0234126),(0.0264379,-0.0786524,-0.0247013),(0.0264433,-0.0773637,-0.0234126),(0.0264380,-0.0772713,-0.0233202),(0.0264379,-0.0786524,-0.0247013),(0.0264380,-0.0772713,-0.0233202),(0.0264221,-0.0771832,-0.0232321),(0.0264379,-0.0786524,-0.0247013),(0.0264221,-0.0771832,-0.0232321),(0.0263955,-0.0770993,-0.0231482),(0.0264379,-0.0786524,-0.0247013),(0.0263955,-0.0770993,-0.0231482),(0.0263584,-0.0770196,-0.0230685),(0.0264379,-0.0786524,-0.0247013),(0.0263584,-0.0770196,-0.0230685),(0.0263106,-0.0769442,-0.0229931),(0.0264379,-0.0786524,-0.0247013),(0.0263106,-0.0769442,-0.0229931),(0.0262522,-0.0768730,-0.0229219),(0.0264379,-0.0786524,-0.0247013),(0.0262522,-0.0768730,-0.0229219),(0.0261832,-0.0768060,-0.0228549),(0.0264379,-0.0786524,-0.0247013),(0.0261832,-0.0768060,-0.0228549),(0.0261036,-0.0767433,-0.0227922),(0.0264379,-0.0786524,-0.0247013),(0.0261036,-0.0767433,-0.0227922),(0.0260269,-0.0766926,-0.0227415),(0.0264379,-0.0786524,-0.0247013),(0.0260269,-0.0766926,-0.0227415),(0.0259471,-0.0766487,-0.0226976),(0.0264379,-0.0786524,-0.0247013),(0.0259471,-0.0766487,-0.0226976),(0.0258643,-0.0766115,-0.0226604),(0.0258643,-0.0766115,-0.0226604),(0.0257784,-0.0765811,-0.0226300),(0.0256894,-0.0765574,-0.0226063),(0.0258643,-0.0766115,-0.0226604),(0.0256894,-0.0765574,-0.0226063),(0.0255973,-0.0765405,-0.0225894),(0.0258643,-0.0766115,-0.0226604),(0.0255973,-0.0765405,-0.0225894),(0.0255022,-0.0765304,-0.0225793),(0.0258643,-0.0766115,-0.0226604),(0.0255022,-0.0765304,-0.0225793),(0.0254040,-0.0765270,-0.0225759),(0.0258643,-0.0766115,-0.0226604),(0.0254040,-0.0765270,-0.0225759),(0.0253069,-0.0765304,-0.0225793),(0.0258643,-0.0766115,-0.0226604),(0.0253069,-0.0765304,-0.0225793),(0.0252125,-0.0765405,-0.0225894),(0.0258643,-0.0766115,-0.0226604),(0.0252125,-0.0765405,-0.0225894),(0.0251208,-0.0765574,-0.0226063),(0.0258643,-0.0766115,-0.0226604),(0.0251208,-0.0765574,-0.0226063),(0.0250317,-0.0765811,-0.0226300),(0.0258643,-0.0766115,-0.0226604),(0.0250317,-0.0765811,-0.0226300),(0.0249454,-0.0766115,-0.0226604),(0.0258643,-0.0766115,-0.0226604),(0.0249454,-0.0766115,-0.0226604),(0.0248617,-0.0766487,-0.0226976),(0.0258643,-0.0766115,-0.0226604),(0.0248617,-0.0766487,-0.0226976),(0.0247807,-0.0766926,-0.0227415),(0.0258643,-0.0766115,-0.0226604),(0.0247807,-0.0766926,-0.0227415),(0.0247023,-0.0767433,-0.0227922),(0.0258643,-0.0766115,-0.0226604),(0.0247023,-0.0767433,-0.0227922),(0.0246227,-0.0768048,-0.0228537),(0.0258643,-0.0766115,-0.0226604),(0.0246227,-0.0768048,-0.0228537),(0.0245537,-0.0768707,-0.0229196),(0.0258643,-0.0766115,-0.0226604),(0.0245537,-0.0768707,-0.0229196),(0.0244953,-0.0769410,-0.0229899),(0.0258643,-0.0766115,-0.0226604),(0.0244953,-0.0769410,-0.0229899),(0.0244475,-0.0770157,-0.0230646),(0.0258643,-0.0766115,-0.0226604),(0.0244475,-0.0770157,-0.0230646),(0.0244104,-0.0770948,-0.0231437),(0.0244104,-0.0770948,-0.0231437),(0.0243838,-0.0771783,-0.0232272),(0.0243679,-0.0772661,-0.0233151),(0.0244104,-0.0770948,-0.0231437),(0.0243679,-0.0772661,-0.0233151),(0.0243626,-0.0773584,-0.0234074),(0.0244104,-0.0770948,-0.0231437),(0.0243626,-0.0773584,-0.0234074),(0.0243626,-0.0773637,-0.0234126),(0.0244104,-0.0770948,-0.0231437),(0.0243626,-0.0773637,-0.0234126),(0.0243626,-0.0785618,-0.0246107),(0.0244104,-0.0770948,-0.0231437),(0.0243626,-0.0785618,-0.0246107),(0.0243679,-0.0786546,-0.0247036),(0.0244104,-0.0770948,-0.0231437),(0.0243679,-0.0786546,-0.0247036),(0.0243838,-0.0787431,-0.0247920),(0.0244104,-0.0770948,-0.0231437),(0.0243838,-0.0787431,-0.0247920),(0.0244104,-0.0788272,-0.0248761),(0.0244104,-0.0770948,-0.0231437),(0.0244104,-0.0788272,-0.0248761),(0.0244475,-0.0789070,-0.0249559),(0.0244104,-0.0770948,-0.0231437),(0.0244475,-0.0789070,-0.0249559),(0.0244953,-0.0789823,-0.0250312),(0.0244104,-0.0770948,-0.0231437),(0.0244953,-0.0789823,-0.0250312),(0.0245537,-0.0790533,-0.0251022),(0.0244104,-0.0770948,-0.0231437),(0.0245537,-0.0790533,-0.0251022),(0.0246227,-0.0791199,-0.0251688),(0.0244104,-0.0770948,-0.0231437),(0.0246227,-0.0791199,-0.0251688),(0.0247023,-0.0791822,-0.0252311),(0.0247023,-0.0791822,-0.0252311),(0.0250061,-0.0789726,-0.0250216),(0.0249121,-0.0788903,-0.0249393),(0.0247023,-0.0791822,-0.0252311),(0.0249121,-0.0788903,-0.0249393),(0.0248449,-0.0787940,-0.0248429),(0.0247023,-0.0791822,-0.0252311),(0.0248449,-0.0787940,-0.0248429),(0.0248047,-0.0786834,-0.0247324),(0.0244104,-0.0770948,-0.0231437),(0.0247023,-0.0791822,-0.0252311),(0.0248047,-0.0786834,-0.0247324),(0.0244104,-0.0770948,-0.0231437),(0.0248047,-0.0786834,-0.0247324),(0.0247946,-0.0786229,-0.0246718),(0.0244104,-0.0770948,-0.0231437),(0.0247946,-0.0786229,-0.0246718),(0.0247912,-0.0785588,-0.0246077),(0.0244104,-0.0770948,-0.0231437),(0.0247912,-0.0785588,-0.0246077),(0.0247912,-0.0773584,-0.0234074),(0.0244104,-0.0770948,-0.0231437),(0.0247912,-0.0773584,-0.0234074),(0.0247946,-0.0772960,-0.0233449),(0.0244104,-0.0770948,-0.0231437),(0.0247946,-0.0772960,-0.0233449),(0.0248045,-0.0772370,-0.0232859),(0.0244104,-0.0770948,-0.0231437),(0.0248045,-0.0772370,-0.0232859),(0.0248211,-0.0771815,-0.0232304),(0.0244104,-0.0770948,-0.0231437),(0.0248211,-0.0771815,-0.0232304),(0.0248444,-0.0771294,-0.0231784),(0.0244104,-0.0770948,-0.0231437),(0.0248444,-0.0771294,-0.0231784),(0.0249109,-0.0770357,-0.0230846),(0.0244104,-0.0770948,-0.0231437),(0.0249109,-0.0770357,-0.0230846),(0.0250040,-0.0769558,-0.0230047),(0.0244104,-0.0770948,-0.0231437),(0.0250040,-0.0769558,-0.0230047),(0.0250992,-0.0769001,-0.0229491),(0.0244104,-0.0770948,-0.0231437),(0.0250992,-0.0769001,-0.0229491),(0.0251976,-0.0768604,-0.0229093),(0.0258643,-0.0766115,-0.0226604),(0.0244104,-0.0770948,-0.0231437),(0.0251976,-0.0768604,-0.0229093),(0.0258643,-0.0766115,-0.0226604),(0.0251976,-0.0768604,-0.0229093),(0.0252992,-0.0768365,-0.0228855),(0.0258643,-0.0766115,-0.0226604),(0.0252992,-0.0768365,-0.0228855),(0.0254040,-0.0768286,-0.0228775),(0.0258643,-0.0766115,-0.0226604),(0.0254040,-0.0768286,-0.0228775),(0.0255131,-0.0768365,-0.0228855),(0.0258643,-0.0766115,-0.0226604),(0.0255131,-0.0768365,-0.0228855),(0.0256159,-0.0768604,-0.0229093),(0.0258643,-0.0766115,-0.0226604),(0.0256159,-0.0768604,-0.0229093),(0.0257126,-0.0769001,-0.0229491),(0.0258643,-0.0766115,-0.0226604),(0.0257126,-0.0769001,-0.0229491),(0.0258030,-0.0769558,-0.0230047),(0.0258643,-0.0766115,-0.0226604),(0.0258030,-0.0769558,-0.0230047),(0.0258961,-0.0770397,-0.0230886),(0.0258643,-0.0766115,-0.0226604),(0.0258961,-0.0770397,-0.0230886),(0.0259625,-0.0771356,-0.0231845),(0.0258643,-0.0766115,-0.0226604),(0.0259625,-0.0771356,-0.0231845),(0.0260024,-0.0772436,-0.0232925),(0.0264379,-0.0786524,-0.0247013),(0.0258643,-0.0766115,-0.0226604),(0.0260024,-0.0772436,-0.0232925),(0.0264379,-0.0786524,-0.0247013),(0.0260024,-0.0772436,-0.0232925),(0.0260124,-0.0773021,-0.0233510),(0.0264379,-0.0786524,-0.0247013),(0.0260124,-0.0773021,-0.0233510),(0.0260157,-0.0773637,-0.0234126),(0.0264379,-0.0786524,-0.0247013),(0.0260157,-0.0773637,-0.0234126),(0.0260157,-0.0785588,-0.0246077),(0.0264379,-0.0786524,-0.0247013),(0.0260157,-0.0785588,-0.0246077),(0.0260124,-0.0786222,-0.0246711),(0.0264379,-0.0786524,-0.0247013),(0.0260124,-0.0786222,-0.0246711),(0.0260024,-0.0786821,-0.0247311),(0.0264379,-0.0786524,-0.0247013),(0.0260024,-0.0786821,-0.0247311),(0.0259858,-0.0787386,-0.0247876),(0.0264379,-0.0786524,-0.0247013),(0.0259858,-0.0787386,-0.0247876),(0.0259625,-0.0787917,-0.0248406),(0.0264379,-0.0786524,-0.0247013),(0.0259625,-0.0787917,-0.0248406),(0.0258961,-0.0788875,-0.0249365),(0.0264379,-0.0786524,-0.0247013),(0.0258961,-0.0788875,-0.0249365),(0.0258030,-0.0789696,-0.0250186),(0.0264379,-0.0786524,-0.0247013),(0.0258030,-0.0789696,-0.0250186),(0.0257118,-0.0790246,-0.0250736),(0.0250976,-0.0790263,-0.0250752),(0.0250061,-0.0789726,-0.0250216),(0.0247023,-0.0791822,-0.0252311),(0.0251945,-0.0790647,-0.0251136),(0.0250976,-0.0790263,-0.0250752),(0.0247023,-0.0791822,-0.0252311),(0.0252966,-0.0790877,-0.0251366),(0.0251945,-0.0790647,-0.0251136),(0.0247023,-0.0791822,-0.0252311),(0.0254040,-0.0790954,-0.0251443),(0.0252966,-0.0790877,-0.0251366),(0.0247023,-0.0791822,-0.0252311),(0.0255123,-0.0790875,-0.0251364),(0.0254040,-0.0790954,-0.0251443),(0.0247023,-0.0791822,-0.0252311),(0.0255123,-0.0790875,-0.0251364),(0.0247023,-0.0791822,-0.0252311),(0.0247792,-0.0792321,-0.0252811),(0.0255123,-0.0790875,-0.0251364),(0.0247792,-0.0792321,-0.0252811),(0.0248590,-0.0792755,-0.0253244),(0.0256149,-0.0790639,-0.0251129),(0.0255123,-0.0790875,-0.0251364),(0.0248590,-0.0792755,-0.0253244),(0.0256149,-0.0790639,-0.0251129),(0.0248590,-0.0792755,-0.0253244),(0.0249418,-0.0793121,-0.0253611),(0.0256149,-0.0790639,-0.0251129),(0.0249418,-0.0793121,-0.0253611),(0.0250275,-0.0793421,-0.0253911),(0.0257118,-0.0790246,-0.0250736),(0.0256149,-0.0790639,-0.0251129),(0.0250275,-0.0793421,-0.0253911),(0.0257118,-0.0790246,-0.0250736),(0.0250275,-0.0793421,-0.0253911),(0.0251162,-0.0793654,-0.0254144),(0.0264379,-0.0786524,-0.0247013),(0.0257118,-0.0790246,-0.0250736),(0.0251162,-0.0793654,-0.0254144),(0.0264379,-0.0786524,-0.0247013),(0.0251162,-0.0793654,-0.0254144),(0.0252078,-0.0793821,-0.0254310),(0.0264379,-0.0786524,-0.0247013),(0.0252078,-0.0793821,-0.0254310),(0.0253023,-0.0793921,-0.0254410),(0.0264379,-0.0786524,-0.0247013),(0.0253023,-0.0793921,-0.0254410),(0.0253998,-0.0793954,-0.0254444),(0.0264379,-0.0786524,-0.0247013),(0.0253998,-0.0793954,-0.0254444),(0.0254989,-0.0793922,-0.0254411),(0.0264379,-0.0786524,-0.0247013),(0.0254989,-0.0793922,-0.0254411),(0.0255948,-0.0793823,-0.0254313),(0.0264379,-0.0786524,-0.0247013),(0.0255948,-0.0793823,-0.0254313),(0.0256875,-0.0793660,-0.0254149),(0.0264379,-0.0786524,-0.0247013),(0.0256875,-0.0793660,-0.0254149),(0.0257768,-0.0793431,-0.0253920),(0.0264379,-0.0786524,-0.0247013),(0.0257768,-0.0793431,-0.0253920),(0.0258629,-0.0793136,-0.0253625),(0.0264379,-0.0786524,-0.0247013),(0.0258629,-0.0793136,-0.0253625),(0.0259457,-0.0792776,-0.0253265),(0.0264379,-0.0786524,-0.0247013),(0.0259457,-0.0792776,-0.0253265),(0.0260252,-0.0792350,-0.0252839),(0.0264379,-0.0786524,-0.0247013),(0.0260252,-0.0792350,-0.0252839),(0.0261014,-0.0791859,-0.0252348),(0.0264379,-0.0786524,-0.0247013),(0.0261014,-0.0791859,-0.0252348),(0.0261816,-0.0791227,-0.0251717),(0.0264379,-0.0786524,-0.0247013),(0.0261816,-0.0791227,-0.0251717),(0.0262510,-0.0790552,-0.0251042),(0.0264379,-0.0786524,-0.0247013),(0.0262510,-0.0790552,-0.0251042),(0.0263098,-0.0789834,-0.0250323),(0.0264379,-0.0786524,-0.0247013),(0.0263098,-0.0789834,-0.0250323),(0.0263578,-0.0789071,-0.0249561),(0.0264379,-0.0786524,-0.0247013),(0.0263578,-0.0789071,-0.0249561),(0.0263952,-0.0788266,-0.0248755),(0.0264379,-0.0786524,-0.0247013),(0.0263952,-0.0788266,-0.0248755),(0.0264219,-0.0787417,-0.0247906),(0.0318566,-0.0750124,-0.0210613),(0.0318620,-0.0749188,-0.0209677),(0.0318620,-0.0737237,-0.0197726),(0.0318566,-0.0750124,-0.0210613),(0.0318620,-0.0737237,-0.0197726),(0.0318566,-0.0736313,-0.0196802),(0.0318566,-0.0750124,-0.0210613),(0.0318566,-0.0736313,-0.0196802),(0.0318407,-0.0735432,-0.0195921),(0.0318566,-0.0750124,-0.0210613),(0.0318407,-0.0735432,-0.0195921),(0.0318142,-0.0734593,-0.0195082),(0.0318566,-0.0750124,-0.0210613),(0.0318142,-0.0734593,-0.0195082),(0.0317770,-0.0733796,-0.0194285),(0.0318566,-0.0750124,-0.0210613),(0.0317770,-0.0733796,-0.0194285),(0.0317292,-0.0733042,-0.0193531),(0.0318566,-0.0750124,-0.0210613),(0.0317292,-0.0733042,-0.0193531),(0.0316709,-0.0732330,-0.0192819),(0.0318566,-0.0750124,-0.0210613),(0.0316709,-0.0732330,-0.0192819),(0.0316019,-0.0731660,-0.0192149),(0.0318566,-0.0750124,-0.0210613),(0.0316019,-0.0731660,-0.0192149),(0.0315222,-0.0731033,-0.0191522),(0.0318566,-0.0750124,-0.0210613),(0.0315222,-0.0731033,-0.0191522),(0.0314456,-0.0730526,-0.0191015),(0.0318566,-0.0750124,-0.0210613),(0.0314456,-0.0730526,-0.0191015),(0.0313658,-0.0730087,-0.0190576),(0.0318566,-0.0750124,-0.0210613),(0.0313658,-0.0730087,-0.0190576),(0.0312830,-0.0729715,-0.0190204),(0.0312830,-0.0729715,-0.0190204),(0.0311971,-0.0729411,-0.0189900),(0.0311081,-0.0729174,-0.0189663),(0.0312830,-0.0729715,-0.0190204),(0.0311081,-0.0729174,-0.0189663),(0.0310160,-0.0729005,-0.0189494),(0.0312830,-0.0729715,-0.0190204),(0.0310160,-0.0729005,-0.0189494),(0.0309209,-0.0728904,-0.0189393),(0.0312830,-0.0729715,-0.0190204),(0.0309209,-0.0728904,-0.0189393),(0.0308227,-0.0728870,-0.0189359),(0.0312830,-0.0729715,-0.0190204),(0.0308227,-0.0728870,-0.0189359),(0.0307256,-0.0728904,-0.0189393),(0.0312830,-0.0729715,-0.0190204),(0.0307256,-0.0728904,-0.0189393),(0.0306312,-0.0729005,-0.0189494),(0.0312830,-0.0729715,-0.0190204),(0.0306312,-0.0729005,-0.0189494),(0.0305395,-0.0729174,-0.0189663),(0.0312830,-0.0729715,-0.0190204),(0.0305395,-0.0729174,-0.0189663),(0.0304504,-0.0729411,-0.0189900),(0.0312830,-0.0729715,-0.0190204),(0.0304504,-0.0729411,-0.0189900),(0.0303640,-0.0729715,-0.0190204),(0.0312830,-0.0729715,-0.0190204),(0.0303640,-0.0729715,-0.0190204),(0.0302803,-0.0730087,-0.0190576),(0.0312830,-0.0729715,-0.0190204),(0.0302803,-0.0730087,-0.0190576),(0.0301993,-0.0730526,-0.0191015),(0.0312830,-0.0729715,-0.0190204),(0.0301993,-0.0730526,-0.0191015),(0.0301210,-0.0731033,-0.0191522),(0.0312830,-0.0729715,-0.0190204),(0.0301210,-0.0731033,-0.0191522),(0.0300414,-0.0731648,-0.0192137),(0.0312830,-0.0729715,-0.0190204),(0.0300414,-0.0731648,-0.0192137),(0.0299724,-0.0732307,-0.0192796),(0.0312830,-0.0729715,-0.0190204),(0.0299724,-0.0732307,-0.0192796),(0.0299140,-0.0733010,-0.0193499),(0.0312830,-0.0729715,-0.0190204),(0.0299140,-0.0733010,-0.0193499),(0.0298662,-0.0733757,-0.0194246),(0.0312830,-0.0729715,-0.0190204),(0.0298662,-0.0733757,-0.0194246),(0.0298290,-0.0734548,-0.0195037),(0.0298290,-0.0734548,-0.0195037),(0.0298025,-0.0735383,-0.0195872),(0.0297866,-0.0736261,-0.0196751),(0.0298290,-0.0734548,-0.0195037),(0.0297866,-0.0736261,-0.0196751),(0.0297813,-0.0737184,-0.0197674),(0.0298290,-0.0734548,-0.0195037),(0.0297813,-0.0737184,-0.0197674),(0.0297813,-0.0737237,-0.0197726),(0.0298290,-0.0734548,-0.0195037),(0.0297813,-0.0737237,-0.0197726),(0.0297813,-0.0749218,-0.0209707),(0.0298290,-0.0734548,-0.0195037),(0.0297813,-0.0749218,-0.0209707),(0.0297866,-0.0750146,-0.0210636),(0.0298290,-0.0734548,-0.0195037),(0.0297866,-0.0750146,-0.0210636),(0.0298025,-0.0751031,-0.0211520),(0.0298290,-0.0734548,-0.0195037),(0.0298025,-0.0751031,-0.0211520),(0.0298290,-0.0751872,-0.0212362),(0.0298290,-0.0734548,-0.0195037),(0.0298290,-0.0751872,-0.0212362),(0.0298662,-0.0752670,-0.0213159),(0.0298290,-0.0734548,-0.0195037),(0.0298662,-0.0752670,-0.0213159),(0.0299140,-0.0753423,-0.0213912),(0.0298290,-0.0734548,-0.0195037),(0.0299140,-0.0753423,-0.0213912),(0.0299724,-0.0754133,-0.0214622),(0.0298290,-0.0734548,-0.0195037),(0.0299724,-0.0754133,-0.0214622),(0.0300414,-0.0754799,-0.0215289),(0.0298290,-0.0734548,-0.0195037),(0.0300414,-0.0754799,-0.0215289),(0.0301210,-0.0755422,-0.0215911),(0.0301210,-0.0755422,-0.0215911),(0.0304247,-0.0753326,-0.0213816),(0.0303307,-0.0752504,-0.0212993),(0.0301210,-0.0755422,-0.0215911),(0.0303307,-0.0752504,-0.0212993),(0.0302636,-0.0751540,-0.0212029),(0.0301210,-0.0755422,-0.0215911),(0.0302636,-0.0751540,-0.0212029),(0.0302233,-0.0750434,-0.0210924),(0.0298290,-0.0734548,-0.0195037),(0.0301210,-0.0755422,-0.0215911),(0.0302233,-0.0750434,-0.0210924),(0.0298290,-0.0734548,-0.0195037),(0.0302233,-0.0750434,-0.0210924),(0.0302133,-0.0749829,-0.0210318),(0.0298290,-0.0734548,-0.0195037),(0.0302133,-0.0749829,-0.0210318),(0.0302099,-0.0749188,-0.0209677),(0.0298290,-0.0734548,-0.0195037),(0.0302099,-0.0749188,-0.0209677),(0.0302099,-0.0737184,-0.0197674),(0.0298290,-0.0734548,-0.0195037),(0.0302099,-0.0737184,-0.0197674),(0.0302132,-0.0736560,-0.0197049),(0.0298290,-0.0734548,-0.0195037),(0.0302132,-0.0736560,-0.0197049),(0.0302232,-0.0735970,-0.0196459),(0.0298290,-0.0734548,-0.0195037),(0.0302232,-0.0735970,-0.0196459),(0.0302398,-0.0735415,-0.0195904),(0.0298290,-0.0734548,-0.0195037),(0.0302398,-0.0735415,-0.0195904),(0.0302631,-0.0734894,-0.0195384),(0.0298290,-0.0734548,-0.0195037),(0.0302631,-0.0734894,-0.0195384),(0.0303296,-0.0733957,-0.0194446),(0.0298290,-0.0734548,-0.0195037),(0.0303296,-0.0733957,-0.0194446),(0.0304226,-0.0733158,-0.0193647),(0.0298290,-0.0734548,-0.0195037),(0.0304226,-0.0733158,-0.0193647),(0.0305179,-0.0732601,-0.0193091),(0.0298290,-0.0734548,-0.0195037),(0.0305179,-0.0732601,-0.0193091),(0.0306163,-0.0732204,-0.0192693),(0.0312830,-0.0729715,-0.0190204),(0.0298290,-0.0734548,-0.0195037),(0.0306163,-0.0732204,-0.0192693),(0.0312830,-0.0729715,-0.0190204),(0.0306163,-0.0732204,-0.0192693),(0.0307179,-0.0731965,-0.0192455),(0.0312830,-0.0729715,-0.0190204),(0.0307179,-0.0731965,-0.0192455),(0.0308227,-0.0731886,-0.0192375),(0.0312830,-0.0729715,-0.0190204),(0.0308227,-0.0731886,-0.0192375),(0.0309317,-0.0731965,-0.0192455),(0.0312830,-0.0729715,-0.0190204),(0.0309317,-0.0731965,-0.0192455),(0.0310346,-0.0732204,-0.0192693),(0.0312830,-0.0729715,-0.0190204),(0.0310346,-0.0732204,-0.0192693),(0.0311312,-0.0732601,-0.0193091),(0.0312830,-0.0729715,-0.0190204),(0.0311312,-0.0732601,-0.0193091),(0.0312217,-0.0733158,-0.0193647),(0.0312830,-0.0729715,-0.0190204),(0.0312217,-0.0733158,-0.0193647),(0.0313147,-0.0733997,-0.0194486),(0.0312830,-0.0729715,-0.0190204),(0.0313147,-0.0733997,-0.0194486),(0.0313812,-0.0734956,-0.0195445),(0.0312830,-0.0729715,-0.0190204),(0.0313812,-0.0734956,-0.0195445),(0.0314211,-0.0736036,-0.0196525),(0.0318566,-0.0750124,-0.0210613),(0.0312830,-0.0729715,-0.0190204),(0.0314211,-0.0736036,-0.0196525),(0.0318566,-0.0750124,-0.0210613),(0.0314211,-0.0736036,-0.0196525),(0.0314311,-0.0736621,-0.0197111),(0.0318566,-0.0750124,-0.0210613),(0.0314311,-0.0736621,-0.0197111),(0.0314344,-0.0737237,-0.0197726),(0.0318566,-0.0750124,-0.0210613),(0.0314344,-0.0737237,-0.0197726),(0.0314344,-0.0749188,-0.0209677),(0.0318566,-0.0750124,-0.0210613),(0.0314344,-0.0749188,-0.0209677),(0.0314311,-0.0749822,-0.0210311),(0.0318566,-0.0750124,-0.0210613),(0.0314311,-0.0749822,-0.0210311),(0.0314211,-0.0750421,-0.0210911),(0.0318566,-0.0750124,-0.0210613),(0.0314211,-0.0750421,-0.0210911),(0.0314045,-0.0750986,-0.0211476),(0.0318566,-0.0750124,-0.0210613),(0.0314045,-0.0750986,-0.0211476),(0.0313812,-0.0751517,-0.0212006),(0.0318566,-0.0750124,-0.0210613),(0.0313812,-0.0751517,-0.0212006),(0.0313147,-0.0752475,-0.0212965),(0.0318566,-0.0750124,-0.0210613),(0.0313147,-0.0752475,-0.0212965),(0.0312217,-0.0753296,-0.0213786),(0.0318566,-0.0750124,-0.0210613),(0.0312217,-0.0753296,-0.0213786),(0.0311304,-0.0753846,-0.0214336),(0.0305163,-0.0753863,-0.0214352),(0.0304247,-0.0753326,-0.0213816),(0.0301210,-0.0755422,-0.0215911),(0.0306131,-0.0754247,-0.0214736),(0.0305163,-0.0753863,-0.0214352),(0.0301210,-0.0755422,-0.0215911),(0.0307153,-0.0754477,-0.0214966),(0.0306131,-0.0754247,-0.0214736),(0.0301210,-0.0755422,-0.0215911),(0.0308227,-0.0754554,-0.0215043),(0.0307153,-0.0754477,-0.0214966),(0.0301210,-0.0755422,-0.0215911),(0.0309310,-0.0754475,-0.0214964),(0.0308227,-0.0754554,-0.0215043),(0.0301210,-0.0755422,-0.0215911),(0.0309310,-0.0754475,-0.0214964),(0.0301210,-0.0755422,-0.0215911),(0.0301979,-0.0755922,-0.0216411),(0.0309310,-0.0754475,-0.0214964),(0.0301979,-0.0755922,-0.0216411),(0.0302777,-0.0756355,-0.0216844),(0.0310335,-0.0754239,-0.0214729),(0.0309310,-0.0754475,-0.0214964),(0.0302777,-0.0756355,-0.0216844),(0.0310335,-0.0754239,-0.0214729),(0.0302777,-0.0756355,-0.0216844),(0.0303605,-0.0756721,-0.0217211),(0.0310335,-0.0754239,-0.0214729),(0.0303605,-0.0756721,-0.0217211),(0.0304462,-0.0757021,-0.0217511),(0.0311304,-0.0753846,-0.0214336),(0.0310335,-0.0754239,-0.0214729),(0.0304462,-0.0757021,-0.0217511),(0.0311304,-0.0753846,-0.0214336),(0.0304462,-0.0757021,-0.0217511),(0.0305348,-0.0757255,-0.0217744),(0.0318566,-0.0750124,-0.0210613),(0.0311304,-0.0753846,-0.0214336),(0.0305348,-0.0757255,-0.0217744),(0.0318566,-0.0750124,-0.0210613),(0.0305348,-0.0757255,-0.0217744),(0.0306264,-0.0757421,-0.0217910),(0.0318566,-0.0750124,-0.0210613),(0.0306264,-0.0757421,-0.0217910),(0.0307210,-0.0757521,-0.0218010),(0.0318566,-0.0750124,-0.0210613),(0.0307210,-0.0757521,-0.0218010),(0.0308184,-0.0757554,-0.0218044),(0.0318566,-0.0750124,-0.0210613),(0.0308184,-0.0757554,-0.0218044),(0.0309176,-0.0757522,-0.0218011),(0.0318566,-0.0750124,-0.0210613),(0.0309176,-0.0757522,-0.0218011),(0.0310135,-0.0757423,-0.0217913),(0.0318566,-0.0750124,-0.0210613),(0.0310135,-0.0757423,-0.0217913),(0.0311061,-0.0757260,-0.0217749),(0.0318566,-0.0750124,-0.0210613),(0.0311061,-0.0757260,-0.0217749),(0.0311955,-0.0757031,-0.0217520),(0.0318566,-0.0750124,-0.0210613),(0.0311955,-0.0757031,-0.0217520),(0.0312815,-0.0756736,-0.0217225),(0.0318566,-0.0750124,-0.0210613),(0.0312815,-0.0756736,-0.0217225),(0.0313643,-0.0756376,-0.0216865),(0.0318566,-0.0750124,-0.0210613),(0.0313643,-0.0756376,-0.0216865),(0.0314439,-0.0755950,-0.0216439),(0.0318566,-0.0750124,-0.0210613),(0.0314439,-0.0755950,-0.0216439),(0.0315201,-0.0755459,-0.0215948),(0.0318566,-0.0750124,-0.0210613),(0.0315201,-0.0755459,-0.0215948),(0.0316002,-0.0754827,-0.0215317),(0.0318566,-0.0750124,-0.0210613),(0.0316002,-0.0754827,-0.0215317),(0.0316697,-0.0754152,-0.0214642),(0.0318566,-0.0750124,-0.0210613),(0.0316697,-0.0754152,-0.0214642),(0.0317284,-0.0753434,-0.0213923),(0.0318566,-0.0750124,-0.0210613),(0.0317284,-0.0753434,-0.0213923),(0.0317765,-0.0752671,-0.0213161),(0.0318566,-0.0750124,-0.0210613),(0.0317765,-0.0752671,-0.0213161),(0.0318139,-0.0751866,-0.0212355),(0.0318566,-0.0750124,-0.0210613),(0.0318139,-0.0751866,-0.0212355),(0.0318406,-0.0751017,-0.0211506),(0.0201387,-0.0786524,-0.0247013),(0.0201441,-0.0785588,-0.0246077),(0.0201441,-0.0773637,-0.0234126),(0.0201387,-0.0786524,-0.0247013),(0.0201441,-0.0773637,-0.0234126),(0.0201388,-0.0772713,-0.0233202),(0.0201387,-0.0786524,-0.0247013),(0.0201388,-0.0772713,-0.0233202),(0.0201229,-0.0771832,-0.0232321),(0.0201387,-0.0786524,-0.0247013),(0.0201229,-0.0771832,-0.0232321),(0.0200963,-0.0770993,-0.0231482),(0.0201387,-0.0786524,-0.0247013),(0.0200963,-0.0770993,-0.0231482),(0.0200592,-0.0770196,-0.0230685),(0.0201387,-0.0786524,-0.0247013),(0.0200592,-0.0770196,-0.0230685),(0.0200114,-0.0769442,-0.0229931),(0.0201387,-0.0786524,-0.0247013),(0.0200114,-0.0769442,-0.0229931),(0.0199530,-0.0768730,-0.0229219),(0.0201387,-0.0786524,-0.0247013),(0.0199530,-0.0768730,-0.0229219),(0.0198840,-0.0768060,-0.0228549),(0.0201387,-0.0786524,-0.0247013),(0.0198840,-0.0768060,-0.0228549),(0.0198044,-0.0767433,-0.0227922),(0.0201387,-0.0786524,-0.0247013),(0.0198044,-0.0767433,-0.0227922),(0.0197277,-0.0766926,-0.0227415),(0.0201387,-0.0786524,-0.0247013),(0.0197277,-0.0766926,-0.0227415),(0.0196479,-0.0766487,-0.0226976),(0.0201387,-0.0786524,-0.0247013),(0.0196479,-0.0766487,-0.0226976),(0.0195651,-0.0766115,-0.0226604),(0.0195651,-0.0766115,-0.0226604),(0.0194792,-0.0765811,-0.0226300),(0.0193902,-0.0765574,-0.0226063),(0.0195651,-0.0766115,-0.0226604),(0.0193902,-0.0765574,-0.0226063),(0.0192981,-0.0765405,-0.0225894),(0.0195651,-0.0766115,-0.0226604),(0.0192981,-0.0765405,-0.0225894),(0.0192030,-0.0765304,-0.0225793),(0.0195651,-0.0766115,-0.0226604),(0.0192030,-0.0765304,-0.0225793),(0.0191048,-0.0765270,-0.0225759),(0.0195651,-0.0766115,-0.0226604),(0.0191048,-0.0765270,-0.0225759),(0.0190077,-0.0765304,-0.0225793),(0.0195651,-0.0766115,-0.0226604),(0.0190077,-0.0765304,-0.0225793),(0.0189133,-0.0765405,-0.0225894),(0.0195651,-0.0766115,-0.0226604),(0.0189133,-0.0765405,-0.0225894),(0.0188216,-0.0765574,-0.0226063),(0.0195651,-0.0766115,-0.0226604),(0.0188216,-0.0765574,-0.0226063),(0.0187325,-0.0765811,-0.0226300),(0.0195651,-0.0766115,-0.0226604),(0.0187325,-0.0765811,-0.0226300),(0.0186462,-0.0766115,-0.0226604),(0.0195651,-0.0766115,-0.0226604),(0.0186462,-0.0766115,-0.0226604),(0.0185625,-0.0766487,-0.0226976),(0.0195651,-0.0766115,-0.0226604),(0.0185625,-0.0766487,-0.0226976),(0.0184815,-0.0766926,-0.0227415),(0.0195651,-0.0766115,-0.0226604),(0.0184815,-0.0766926,-0.0227415),(0.0184031,-0.0767433,-0.0227922),(0.0195651,-0.0766115,-0.0226604),(0.0184031,-0.0767433,-0.0227922),(0.0183235,-0.0768048,-0.0228537),(0.0195651,-0.0766115,-0.0226604),(0.0183235,-0.0768048,-0.0228537),(0.0182545,-0.0768707,-0.0229196),(0.0195651,-0.0766115,-0.0226604),(0.0182545,-0.0768707,-0.0229196),(0.0181961,-0.0769410,-0.0229899),(0.0195651,-0.0766115,-0.0226604),(0.0181961,-0.0769410,-0.0229899),(0.0181483,-0.0770157,-0.0230646),(0.0195651,-0.0766115,-0.0226604),(0.0181483,-0.0770157,-0.0230646),(0.0181112,-0.0770948,-0.0231437),(0.0181112,-0.0770948,-0.0231437),(0.0180846,-0.0771783,-0.0232272),(0.0180687,-0.0772661,-0.0233151),(0.0181112,-0.0770948,-0.0231437),(0.0180687,-0.0772661,-0.0233151),(0.0180634,-0.0773584,-0.0234074),(0.0181112,-0.0770948,-0.0231437),(0.0180634,-0.0773584,-0.0234074),(0.0180634,-0.0773637,-0.0234126),(0.0181112,-0.0770948,-0.0231437),(0.0180634,-0.0773637,-0.0234126),(0.0180634,-0.0785618,-0.0246107),(0.0181112,-0.0770948,-0.0231437),(0.0180634,-0.0785618,-0.0246107),(0.0180687,-0.0786546,-0.0247036),(0.0181112,-0.0770948,-0.0231437),(0.0180687,-0.0786546,-0.0247036),(0.0180846,-0.0787431,-0.0247920),(0.0181112,-0.0770948,-0.0231437),(0.0180846,-0.0787431,-0.0247920),(0.0181112,-0.0788272,-0.0248761),(0.0181112,-0.0770948,-0.0231437),(0.0181112,-0.0788272,-0.0248761),(0.0181483,-0.0789070,-0.0249559),(0.0181112,-0.0770948,-0.0231437),(0.0181483,-0.0789070,-0.0249559),(0.0181961,-0.0789823,-0.0250312),(0.0181112,-0.0770948,-0.0231437),(0.0181961,-0.0789823,-0.0250312),(0.0182545,-0.0790533,-0.0251022),(0.0181112,-0.0770948,-0.0231437),(0.0182545,-0.0790533,-0.0251022),(0.0183235,-0.0791199,-0.0251688),(0.0181112,-0.0770948,-0.0231437),(0.0183235,-0.0791199,-0.0251688),(0.0184031,-0.0791822,-0.0252311),(0.0184031,-0.0791822,-0.0252311),(0.0187069,-0.0789726,-0.0250216),(0.0186129,-0.0788903,-0.0249393),(0.0184031,-0.0791822,-0.0252311),(0.0186129,-0.0788903,-0.0249393),(0.0185457,-0.0787940,-0.0248429),(0.0184031,-0.0791822,-0.0252311),(0.0185457,-0.0787940,-0.0248429),(0.0185055,-0.0786834,-0.0247324),(0.0181112,-0.0770948,-0.0231437),(0.0184031,-0.0791822,-0.0252311),(0.0185055,-0.0786834,-0.0247324),(0.0181112,-0.0770948,-0.0231437),(0.0185055,-0.0786834,-0.0247324),(0.0184954,-0.0786229,-0.0246718),(0.0181112,-0.0770948,-0.0231437),(0.0184954,-0.0786229,-0.0246718),(0.0184920,-0.0785588,-0.0246077),(0.0181112,-0.0770948,-0.0231437),(0.0184920,-0.0785588,-0.0246077),(0.0184920,-0.0773584,-0.0234074),(0.0181112,-0.0770948,-0.0231437),(0.0184920,-0.0773584,-0.0234074),(0.0184954,-0.0772960,-0.0233449),(0.0181112,-0.0770948,-0.0231437),(0.0184954,-0.0772960,-0.0233449),(0.0185053,-0.0772370,-0.0232859),(0.0181112,-0.0770948,-0.0231437),(0.0185053,-0.0772370,-0.0232859),(0.0185219,-0.0771815,-0.0232304),(0.0181112,-0.0770948,-0.0231437),(0.0185219,-0.0771815,-0.0232304),(0.0185452,-0.0771294,-0.0231784),(0.0181112,-0.0770948,-0.0231437),(0.0185452,-0.0771294,-0.0231784),(0.0186117,-0.0770357,-0.0230846),(0.0181112,-0.0770948,-0.0231437),(0.0186117,-0.0770357,-0.0230846),(0.0187048,-0.0769558,-0.0230047),(0.0181112,-0.0770948,-0.0231437),(0.0187048,-0.0769558,-0.0230047),(0.0188000,-0.0769001,-0.0229491),(0.0181112,-0.0770948,-0.0231437),(0.0188000,-0.0769001,-0.0229491),(0.0188984,-0.0768604,-0.0229093),(0.0195651,-0.0766115,-0.0226604),(0.0181112,-0.0770948,-0.0231437),(0.0188984,-0.0768604,-0.0229093),(0.0195651,-0.0766115,-0.0226604),(0.0188984,-0.0768604,-0.0229093),(0.0190000,-0.0768365,-0.0228855),(0.0195651,-0.0766115,-0.0226604),(0.0190000,-0.0768365,-0.0228855),(0.0191048,-0.0768286,-0.0228775),(0.0195651,-0.0766115,-0.0226604),(0.0191048,-0.0768286,-0.0228775),(0.0192139,-0.0768365,-0.0228855),(0.0195651,-0.0766115,-0.0226604),(0.0192139,-0.0768365,-0.0228855),(0.0193167,-0.0768604,-0.0229093),(0.0195651,-0.0766115,-0.0226604),(0.0193167,-0.0768604,-0.0229093),(0.0194134,-0.0769001,-0.0229491),(0.0195651,-0.0766115,-0.0226604),(0.0194134,-0.0769001,-0.0229491),(0.0195038,-0.0769558,-0.0230047),(0.0195651,-0.0766115,-0.0226604),(0.0195038,-0.0769558,-0.0230047),(0.0195969,-0.0770397,-0.0230886),(0.0195651,-0.0766115,-0.0226604),(0.0195969,-0.0770397,-0.0230886),(0.0196633,-0.0771356,-0.0231845),(0.0195651,-0.0766115,-0.0226604),(0.0196633,-0.0771356,-0.0231845),(0.0197032,-0.0772436,-0.0232925),(0.0201387,-0.0786524,-0.0247013),(0.0195651,-0.0766115,-0.0226604),(0.0197032,-0.0772436,-0.0232925),(0.0201387,-0.0786524,-0.0247013),(0.0197032,-0.0772436,-0.0232925),(0.0197132,-0.0773021,-0.0233510),(0.0201387,-0.0786524,-0.0247013),(0.0197132,-0.0773021,-0.0233510),(0.0197165,-0.0773637,-0.0234126),(0.0201387,-0.0786524,-0.0247013),(0.0197165,-0.0773637,-0.0234126),(0.0197165,-0.0785588,-0.0246077),(0.0201387,-0.0786524,-0.0247013),(0.0197165,-0.0785588,-0.0246077),(0.0197132,-0.0786222,-0.0246711),(0.0201387,-0.0786524,-0.0247013),(0.0197132,-0.0786222,-0.0246711),(0.0197032,-0.0786821,-0.0247311),(0.0201387,-0.0786524,-0.0247013),(0.0197032,-0.0786821,-0.0247311),(0.0196866,-0.0787386,-0.0247876),(0.0201387,-0.0786524,-0.0247013),(0.0196866,-0.0787386,-0.0247876),(0.0196633,-0.0787917,-0.0248406),(0.0201387,-0.0786524,-0.0247013),(0.0196633,-0.0787917,-0.0248406),(0.0195969,-0.0788875,-0.0249365),(0.0201387,-0.0786524,-0.0247013),(0.0195969,-0.0788875,-0.0249365),(0.0195038,-0.0789696,-0.0250186),(0.0201387,-0.0786524,-0.0247013),(0.0195038,-0.0789696,-0.0250186),(0.0194126,-0.0790246,-0.0250736),(0.0187984,-0.0790263,-0.0250752),(0.0187069,-0.0789726,-0.0250216),(0.0184031,-0.0791822,-0.0252311),(0.0188953,-0.0790647,-0.0251136),(0.0187984,-0.0790263,-0.0250752),(0.0184031,-0.0791822,-0.0252311),(0.0189974,-0.0790877,-0.0251366),(0.0188953,-0.0790647,-0.0251136),(0.0184031,-0.0791822,-0.0252311),(0.0191048,-0.0790954,-0.0251443),(0.0189974,-0.0790877,-0.0251366),(0.0184031,-0.0791822,-0.0252311),(0.0192131,-0.0790875,-0.0251364),(0.0191048,-0.0790954,-0.0251443),(0.0184031,-0.0791822,-0.0252311),(0.0192131,-0.0790875,-0.0251364),(0.0184031,-0.0791822,-0.0252311),(0.0184800,-0.0792321,-0.0252811),(0.0192131,-0.0790875,-0.0251364),(0.0184800,-0.0792321,-0.0252811),(0.0185598,-0.0792755,-0.0253244),(0.0193157,-0.0790639,-0.0251129),(0.0192131,-0.0790875,-0.0251364),(0.0185598,-0.0792755,-0.0253244),(0.0193157,-0.0790639,-0.0251129),(0.0185598,-0.0792755,-0.0253244),(0.0186426,-0.0793121,-0.0253611),(0.0193157,-0.0790639,-0.0251129),(0.0186426,-0.0793121,-0.0253611),(0.0187283,-0.0793421,-0.0253911),(0.0194126,-0.0790246,-0.0250736),(0.0193157,-0.0790639,-0.0251129),(0.0187283,-0.0793421,-0.0253911),(0.0194126,-0.0790246,-0.0250736),(0.0187283,-0.0793421,-0.0253911),(0.0188170,-0.0793654,-0.0254144),(0.0201387,-0.0786524,-0.0247013),(0.0194126,-0.0790246,-0.0250736),(0.0188170,-0.0793654,-0.0254144),(0.0201387,-0.0786524,-0.0247013),(0.0188170,-0.0793654,-0.0254144),(0.0189086,-0.0793821,-0.0254310),(0.0201387,-0.0786524,-0.0247013),(0.0189086,-0.0793821,-0.0254310),(0.0190031,-0.0793921,-0.0254410),(0.0201387,-0.0786524,-0.0247013),(0.0190031,-0.0793921,-0.0254410),(0.0191006,-0.0793954,-0.0254444),(0.0201387,-0.0786524,-0.0247013),(0.0191006,-0.0793954,-0.0254444),(0.0191997,-0.0793922,-0.0254411),(0.0201387,-0.0786524,-0.0247013),(0.0191997,-0.0793922,-0.0254411),(0.0192956,-0.0793823,-0.0254313),(0.0201387,-0.0786524,-0.0247013),(0.0192956,-0.0793823,-0.0254313),(0.0193883,-0.0793660,-0.0254149),(0.0201387,-0.0786524,-0.0247013),(0.0193883,-0.0793660,-0.0254149),(0.0194776,-0.0793431,-0.0253920),(0.0201387,-0.0786524,-0.0247013),(0.0194776,-0.0793431,-0.0253920),(0.0195637,-0.0793136,-0.0253625),(0.0201387,-0.0786524,-0.0247013),(0.0195637,-0.0793136,-0.0253625),(0.0196465,-0.0792776,-0.0253265),(0.0201387,-0.0786524,-0.0247013),(0.0196465,-0.0792776,-0.0253265),(0.0197260,-0.0792350,-0.0252839),(0.0201387,-0.0786524,-0.0247013),(0.0197260,-0.0792350,-0.0252839),(0.0198022,-0.0791859,-0.0252348),(0.0201387,-0.0786524,-0.0247013),(0.0198022,-0.0791859,-0.0252348),(0.0198824,-0.0791227,-0.0251717),(0.0201387,-0.0786524,-0.0247013),(0.0198824,-0.0791227,-0.0251717),(0.0199518,-0.0790552,-0.0251042),(0.0201387,-0.0786524,-0.0247013),(0.0199518,-0.0790552,-0.0251042),(0.0200106,-0.0789834,-0.0250323),(0.0201387,-0.0786524,-0.0247013),(0.0200106,-0.0789834,-0.0250323),(0.0200586,-0.0789071,-0.0249561),(0.0201387,-0.0786524,-0.0247013),(0.0200586,-0.0789071,-0.0249561),(0.0200960,-0.0788266,-0.0248755),(0.0201387,-0.0786524,-0.0247013),(0.0200960,-0.0788266,-0.0248755),(0.0201227,-0.0787417,-0.0247906),(0.0228481,-0.0750124,-0.0210613),(0.0228534,-0.0749188,-0.0209677),(0.0228534,-0.0737237,-0.0197726),(0.0228481,-0.0750124,-0.0210613),(0.0228534,-0.0737237,-0.0197726),(0.0228481,-0.0736313,-0.0196802),(0.0228481,-0.0750124,-0.0210613),(0.0228481,-0.0736313,-0.0196802),(0.0228322,-0.0735432,-0.0195921),(0.0228481,-0.0750124,-0.0210613),(0.0228322,-0.0735432,-0.0195921),(0.0228056,-0.0734593,-0.0195082),(0.0228481,-0.0750124,-0.0210613),(0.0228056,-0.0734593,-0.0195082),(0.0227685,-0.0733796,-0.0194285),(0.0228481,-0.0750124,-0.0210613),(0.0227685,-0.0733796,-0.0194285),(0.0227207,-0.0733042,-0.0193531),(0.0228481,-0.0750124,-0.0210613),(0.0227207,-0.0733042,-0.0193531),(0.0226623,-0.0732330,-0.0192819),(0.0228481,-0.0750124,-0.0210613),(0.0226623,-0.0732330,-0.0192819),(0.0225933,-0.0731660,-0.0192149),(0.0228481,-0.0750124,-0.0210613),(0.0225933,-0.0731660,-0.0192149),(0.0225137,-0.0731033,-0.0191522),(0.0228481,-0.0750124,-0.0210613),(0.0225137,-0.0731033,-0.0191522),(0.0224370,-0.0730526,-0.0191015),(0.0228481,-0.0750124,-0.0210613),(0.0224370,-0.0730526,-0.0191015),(0.0223573,-0.0730087,-0.0190576),(0.0228481,-0.0750124,-0.0210613),(0.0223573,-0.0730087,-0.0190576),(0.0222744,-0.0729715,-0.0190204),(0.0222744,-0.0729715,-0.0190204),(0.0221885,-0.0729411,-0.0189900),(0.0220995,-0.0729174,-0.0189663),(0.0222744,-0.0729715,-0.0190204),(0.0220995,-0.0729174,-0.0189663),(0.0220075,-0.0729005,-0.0189494),(0.0222744,-0.0729715,-0.0190204),(0.0220075,-0.0729005,-0.0189494),(0.0219123,-0.0728904,-0.0189393),(0.0222744,-0.0729715,-0.0190204),(0.0219123,-0.0728904,-0.0189393),(0.0218141,-0.0728870,-0.0189359),(0.0222744,-0.0729715,-0.0190204),(0.0218141,-0.0728870,-0.0189359),(0.0217171,-0.0728904,-0.0189393),(0.0222744,-0.0729715,-0.0190204),(0.0217171,-0.0728904,-0.0189393),(0.0216226,-0.0729005,-0.0189494),(0.0222744,-0.0729715,-0.0190204),(0.0216226,-0.0729005,-0.0189494),(0.0215309,-0.0729174,-0.0189663),(0.0222744,-0.0729715,-0.0190204),(0.0215309,-0.0729174,-0.0189663),(0.0214419,-0.0729411,-0.0189900),(0.0222744,-0.0729715,-0.0190204),(0.0214419,-0.0729411,-0.0189900),(0.0213555,-0.0729715,-0.0190204),(0.0222744,-0.0729715,-0.0190204),(0.0213555,-0.0729715,-0.0190204),(0.0212718,-0.0730087,-0.0190576),(0.0222744,-0.0729715,-0.0190204),(0.0212718,-0.0730087,-0.0190576),(0.0211908,-0.0730526,-0.0191015),(0.0222744,-0.0729715,-0.0190204),(0.0211908,-0.0730526,-0.0191015),(0.0211125,-0.0731033,-0.0191522),(0.0222744,-0.0729715,-0.0190204),(0.0211125,-0.0731033,-0.0191522),(0.0210328,-0.0731648,-0.0192137),(0.0222744,-0.0729715,-0.0190204),(0.0210328,-0.0731648,-0.0192137),(0.0209638,-0.0732307,-0.0192796),(0.0222744,-0.0729715,-0.0190204),(0.0209638,-0.0732307,-0.0192796),(0.0209054,-0.0733010,-0.0193499),(0.0222744,-0.0729715,-0.0190204),(0.0209054,-0.0733010,-0.0193499),(0.0208577,-0.0733757,-0.0194246),(0.0222744,-0.0729715,-0.0190204),(0.0208577,-0.0733757,-0.0194246),(0.0208205,-0.0734548,-0.0195037),(0.0208205,-0.0734548,-0.0195037),(0.0207940,-0.0735383,-0.0195872),(0.0207780,-0.0736261,-0.0196751),(0.0208205,-0.0734548,-0.0195037),(0.0207780,-0.0736261,-0.0196751),(0.0207727,-0.0737184,-0.0197674),(0.0208205,-0.0734548,-0.0195037),(0.0207727,-0.0737184,-0.0197674),(0.0207727,-0.0737237,-0.0197726),(0.0208205,-0.0734548,-0.0195037),(0.0207727,-0.0737237,-0.0197726),(0.0207727,-0.0749218,-0.0209707),(0.0208205,-0.0734548,-0.0195037),(0.0207727,-0.0749218,-0.0209707),(0.0207780,-0.0750146,-0.0210636),(0.0208205,-0.0734548,-0.0195037),(0.0207780,-0.0750146,-0.0210636),(0.0207940,-0.0751031,-0.0211520),(0.0208205,-0.0734548,-0.0195037),(0.0207940,-0.0751031,-0.0211520),(0.0208205,-0.0751872,-0.0212362),(0.0208205,-0.0734548,-0.0195037),(0.0208205,-0.0751872,-0.0212362),(0.0208577,-0.0752670,-0.0213159),(0.0208205,-0.0734548,-0.0195037),(0.0208577,-0.0752670,-0.0213159),(0.0209054,-0.0753423,-0.0213912),(0.0208205,-0.0734548,-0.0195037),(0.0209054,-0.0753423,-0.0213912),(0.0209638,-0.0754133,-0.0214622),(0.0208205,-0.0734548,-0.0195037),(0.0209638,-0.0754133,-0.0214622),(0.0210328,-0.0754799,-0.0215289),(0.0208205,-0.0734548,-0.0195037),(0.0210328,-0.0754799,-0.0215289),(0.0211125,-0.0755422,-0.0215911),(0.0211125,-0.0755422,-0.0215911),(0.0214162,-0.0753326,-0.0213816),(0.0213222,-0.0752504,-0.0212993),(0.0211125,-0.0755422,-0.0215911),(0.0213222,-0.0752504,-0.0212993),(0.0212551,-0.0751540,-0.0212029),(0.0211125,-0.0755422,-0.0215911),(0.0212551,-0.0751540,-0.0212029),(0.0212148,-0.0750434,-0.0210924),(0.0208205,-0.0734548,-0.0195037),(0.0211125,-0.0755422,-0.0215911),(0.0212148,-0.0750434,-0.0210924),(0.0208205,-0.0734548,-0.0195037),(0.0212148,-0.0750434,-0.0210924),(0.0212047,-0.0749829,-0.0210318),(0.0208205,-0.0734548,-0.0195037),(0.0212047,-0.0749829,-0.0210318),(0.0212014,-0.0749188,-0.0209677),(0.0208205,-0.0734548,-0.0195037),(0.0212014,-0.0749188,-0.0209677),(0.0212014,-0.0737184,-0.0197674),(0.0208205,-0.0734548,-0.0195037),(0.0212014,-0.0737184,-0.0197674),(0.0212047,-0.0736560,-0.0197049),(0.0208205,-0.0734548,-0.0195037),(0.0212047,-0.0736560,-0.0197049),(0.0212147,-0.0735970,-0.0196459),(0.0208205,-0.0734548,-0.0195037),(0.0212147,-0.0735970,-0.0196459),(0.0212313,-0.0735415,-0.0195904),(0.0208205,-0.0734548,-0.0195037),(0.0212313,-0.0735415,-0.0195904),(0.0212545,-0.0734894,-0.0195384),(0.0208205,-0.0734548,-0.0195037),(0.0212545,-0.0734894,-0.0195384),(0.0213210,-0.0733957,-0.0194446),(0.0208205,-0.0734548,-0.0195037),(0.0213210,-0.0733957,-0.0194446),(0.0214141,-0.0733158,-0.0193647),(0.0208205,-0.0734548,-0.0195037),(0.0214141,-0.0733158,-0.0193647),(0.0215093,-0.0732601,-0.0193091),(0.0208205,-0.0734548,-0.0195037),(0.0215093,-0.0732601,-0.0193091),(0.0216078,-0.0732204,-0.0192693),(0.0222744,-0.0729715,-0.0190204),(0.0208205,-0.0734548,-0.0195037),(0.0216078,-0.0732204,-0.0192693),(0.0222744,-0.0729715,-0.0190204),(0.0216078,-0.0732204,-0.0192693),(0.0217094,-0.0731965,-0.0192455),(0.0222744,-0.0729715,-0.0190204),(0.0217094,-0.0731965,-0.0192455),(0.0218141,-0.0731886,-0.0192375),(0.0222744,-0.0729715,-0.0190204),(0.0218141,-0.0731886,-0.0192375),(0.0219232,-0.0731965,-0.0192455),(0.0222744,-0.0729715,-0.0190204),(0.0219232,-0.0731965,-0.0192455),(0.0220261,-0.0732204,-0.0192693),(0.0222744,-0.0729715,-0.0190204),(0.0220261,-0.0732204,-0.0192693),(0.0221227,-0.0732601,-0.0193091),(0.0222744,-0.0729715,-0.0190204),(0.0221227,-0.0732601,-0.0193091),(0.0222131,-0.0733158,-0.0193647),(0.0222744,-0.0729715,-0.0190204),(0.0222131,-0.0733158,-0.0193647),(0.0223062,-0.0733997,-0.0194486),(0.0222744,-0.0729715,-0.0190204),(0.0223062,-0.0733997,-0.0194486),(0.0223727,-0.0734956,-0.0195445),(0.0222744,-0.0729715,-0.0190204),(0.0223727,-0.0734956,-0.0195445),(0.0224126,-0.0736036,-0.0196525),(0.0228481,-0.0750124,-0.0210613),(0.0222744,-0.0729715,-0.0190204),(0.0224126,-0.0736036,-0.0196525),(0.0228481,-0.0750124,-0.0210613),(0.0224126,-0.0736036,-0.0196525),(0.0224225,-0.0736621,-0.0197111),(0.0228481,-0.0750124,-0.0210613),(0.0224225,-0.0736621,-0.0197111),(0.0224259,-0.0737237,-0.0197726),(0.0228481,-0.0750124,-0.0210613),(0.0224259,-0.0737237,-0.0197726),(0.0224259,-0.0749188,-0.0209677),(0.0228481,-0.0750124,-0.0210613),(0.0224259,-0.0749188,-0.0209677),(0.0224225,-0.0749822,-0.0210311),(0.0228481,-0.0750124,-0.0210613),(0.0224225,-0.0749822,-0.0210311),(0.0224126,-0.0750421,-0.0210911),(0.0228481,-0.0750124,-0.0210613),(0.0224126,-0.0750421,-0.0210911),(0.0223959,-0.0750986,-0.0211476),(0.0228481,-0.0750124,-0.0210613),(0.0223959,-0.0750986,-0.0211476),(0.0223727,-0.0751517,-0.0212006),(0.0228481,-0.0750124,-0.0210613),(0.0223727,-0.0751517,-0.0212006),(0.0223062,-0.0752475,-0.0212965),(0.0228481,-0.0750124,-0.0210613),(0.0223062,-0.0752475,-0.0212965),(0.0222131,-0.0753296,-0.0213786),(0.0228481,-0.0750124,-0.0210613),(0.0222131,-0.0753296,-0.0213786),(0.0221219,-0.0753846,-0.0214336),(0.0215078,-0.0753863,-0.0214352),(0.0214162,-0.0753326,-0.0213816),(0.0211125,-0.0755422,-0.0215911),(0.0216046,-0.0754247,-0.0214736),(0.0215078,-0.0753863,-0.0214352),(0.0211125,-0.0755422,-0.0215911),(0.0217067,-0.0754477,-0.0214966),(0.0216046,-0.0754247,-0.0214736),(0.0211125,-0.0755422,-0.0215911),(0.0218141,-0.0754554,-0.0215043),(0.0217067,-0.0754477,-0.0214966),(0.0211125,-0.0755422,-0.0215911),(0.0219224,-0.0754475,-0.0214964),(0.0218141,-0.0754554,-0.0215043),(0.0211125,-0.0755422,-0.0215911),(0.0219224,-0.0754475,-0.0214964),(0.0211125,-0.0755422,-0.0215911),(0.0211893,-0.0755922,-0.0216411),(0.0219224,-0.0754475,-0.0214964),(0.0211893,-0.0755922,-0.0216411),(0.0212692,-0.0756355,-0.0216844),(0.0220250,-0.0754239,-0.0214729),(0.0219224,-0.0754475,-0.0214964),(0.0212692,-0.0756355,-0.0216844),(0.0220250,-0.0754239,-0.0214729),(0.0212692,-0.0756355,-0.0216844),(0.0213519,-0.0756721,-0.0217211),(0.0220250,-0.0754239,-0.0214729),(0.0213519,-0.0756721,-0.0217211),(0.0214376,-0.0757021,-0.0217511),(0.0221219,-0.0753846,-0.0214336),(0.0220250,-0.0754239,-0.0214729),(0.0214376,-0.0757021,-0.0217511),(0.0221219,-0.0753846,-0.0214336),(0.0214376,-0.0757021,-0.0217511),(0.0215263,-0.0757255,-0.0217744),(0.0228481,-0.0750124,-0.0210613),(0.0221219,-0.0753846,-0.0214336),(0.0215263,-0.0757255,-0.0217744),(0.0228481,-0.0750124,-0.0210613),(0.0215263,-0.0757255,-0.0217744),(0.0216179,-0.0757421,-0.0217910),(0.0228481,-0.0750124,-0.0210613),(0.0216179,-0.0757421,-0.0217910),(0.0217124,-0.0757521,-0.0218010),(0.0228481,-0.0750124,-0.0210613),(0.0217124,-0.0757521,-0.0218010),(0.0218099,-0.0757554,-0.0218044),(0.0228481,-0.0750124,-0.0210613),(0.0218099,-0.0757554,-0.0218044),(0.0219091,-0.0757522,-0.0218011),(0.0228481,-0.0750124,-0.0210613),(0.0219091,-0.0757522,-0.0218011),(0.0220050,-0.0757423,-0.0217913),(0.0228481,-0.0750124,-0.0210613),(0.0220050,-0.0757423,-0.0217913),(0.0220976,-0.0757260,-0.0217749),(0.0228481,-0.0750124,-0.0210613),(0.0220976,-0.0757260,-0.0217749),(0.0221869,-0.0757031,-0.0217520),(0.0228481,-0.0750124,-0.0210613),(0.0221869,-0.0757031,-0.0217520),(0.0222730,-0.0756736,-0.0217225),(0.0228481,-0.0750124,-0.0210613),(0.0222730,-0.0756736,-0.0217225),(0.0223558,-0.0756376,-0.0216865),(0.0228481,-0.0750124,-0.0210613),(0.0223558,-0.0756376,-0.0216865),(0.0224353,-0.0755950,-0.0216439),(0.0228481,-0.0750124,-0.0210613),(0.0224353,-0.0755950,-0.0216439),(0.0225116,-0.0755459,-0.0215948),(0.0228481,-0.0750124,-0.0210613),(0.0225116,-0.0755459,-0.0215948),(0.0225917,-0.0754827,-0.0215317),(0.0228481,-0.0750124,-0.0210613),(0.0225917,-0.0754827,-0.0215317),(0.0226611,-0.0754152,-0.0214642),(0.0228481,-0.0750124,-0.0210613),(0.0226611,-0.0754152,-0.0214642),(0.0227199,-0.0753434,-0.0213923),(0.0228481,-0.0750124,-0.0210613),(0.0227199,-0.0753434,-0.0213923),(0.0227680,-0.0752671,-0.0213161),(0.0228481,-0.0750124,-0.0210613),(0.0227680,-0.0752671,-0.0213161),(0.0228054,-0.0751866,-0.0212355),(0.0228481,-0.0750124,-0.0210613),(0.0228054,-0.0751866,-0.0212355),(0.0228321,-0.0751017,-0.0211506),(0.0243680,-0.0736364,-0.0196854),(0.0243626,-0.0737319,-0.0197808),(0.0243639,-0.0738049,-0.0198538),(0.0243680,-0.0736364,-0.0196854),(0.0243639,-0.0738049,-0.0198538),(0.0243678,-0.0738751,-0.0199240),(0.0243680,-0.0736364,-0.0196854),(0.0243678,-0.0738751,-0.0199240),(0.0243744,-0.0739423,-0.0199913),(0.0243680,-0.0736364,-0.0196854),(0.0243744,-0.0739423,-0.0199913),(0.0243836,-0.0740067,-0.0200557),(0.0243680,-0.0736364,-0.0196854),(0.0243836,-0.0740067,-0.0200557),(0.0243954,-0.0740682,-0.0201172),(0.0243680,-0.0736364,-0.0196854),(0.0243954,-0.0740682,-0.0201172),(0.0244098,-0.0741269,-0.0201758),(0.0243680,-0.0736364,-0.0196854),(0.0244098,-0.0741269,-0.0201758),(0.0244268,-0.0741826,-0.0202316),(0.0243680,-0.0736364,-0.0196854),(0.0244268,-0.0741826,-0.0202316),(0.0244465,-0.0742355,-0.0202845),(0.0243680,-0.0736364,-0.0196854),(0.0244465,-0.0742355,-0.0202845),(0.0244937,-0.0743327,-0.0203816),(0.0243680,-0.0736364,-0.0196854),(0.0244937,-0.0743327,-0.0203816),(0.0245513,-0.0744183,-0.0204673),(0.0243680,-0.0736364,-0.0196854),(0.0245513,-0.0744183,-0.0204673),(0.0246195,-0.0744925,-0.0205414),(0.0243680,-0.0736364,-0.0196854),(0.0246195,-0.0744925,-0.0205414),(0.0246981,-0.0745551,-0.0206040),(0.0243680,-0.0736364,-0.0196854),(0.0246981,-0.0745551,-0.0206040),(0.0247764,-0.0746049,-0.0206538),(0.0243680,-0.0736364,-0.0196854),(0.0247764,-0.0746049,-0.0206538),(0.0248572,-0.0746481,-0.0206970),(0.0243680,-0.0736364,-0.0196854),(0.0248572,-0.0746481,-0.0206970),(0.0249405,-0.0746846,-0.0207335),(0.0243680,-0.0736364,-0.0196854),(0.0249405,-0.0746846,-0.0207335),(0.0250264,-0.0747145,-0.0207634),(0.0243680,-0.0736364,-0.0196854),(0.0250264,-0.0747145,-0.0207634),(0.0251149,-0.0747377,-0.0207867),(0.0243680,-0.0736364,-0.0196854),(0.0251149,-0.0747377,-0.0207867),(0.0252059,-0.0747543,-0.0208033),(0.0243680,-0.0736364,-0.0196854),(0.0252059,-0.0747543,-0.0208033),(0.0252994,-0.0747643,-0.0208132),(0.0252994,-0.0747643,-0.0208132),(0.0253955,-0.0747676,-0.0208165),(0.0254846,-0.0747651,-0.0208141),(0.0252994,-0.0747643,-0.0208132),(0.0254846,-0.0747651,-0.0208141),(0.0255704,-0.0747577,-0.0208066),(0.0252994,-0.0747643,-0.0208132),(0.0255704,-0.0747577,-0.0208066),(0.0256529,-0.0747453,-0.0207942),(0.0252994,-0.0747643,-0.0208132),(0.0256529,-0.0747453,-0.0207942),(0.0257321,-0.0747280,-0.0207769),(0.0252994,-0.0747643,-0.0208132),(0.0257321,-0.0747280,-0.0207769),(0.0258080,-0.0747056,-0.0207546),(0.0252994,-0.0747643,-0.0208132),(0.0258080,-0.0747056,-0.0207546),(0.0258805,-0.0746784,-0.0207273),(0.0252994,-0.0747643,-0.0208132),(0.0258805,-0.0746784,-0.0207273),(0.0259498,-0.0746461,-0.0206951),(0.0252994,-0.0747643,-0.0208132),(0.0259498,-0.0746461,-0.0206951),(0.0260157,-0.0746090,-0.0206579),(0.0249042,-0.0752449,-0.0212938),(0.0248367,-0.0751448,-0.0211937),(0.0247537,-0.0750786,-0.0211275),(0.0249042,-0.0752449,-0.0212938),(0.0247537,-0.0750786,-0.0211275),(0.0246378,-0.0750415,-0.0210904),(0.0249987,-0.0753296,-0.0213786),(0.0249042,-0.0752449,-0.0212938),(0.0246378,-0.0750415,-0.0210904),(0.0249987,-0.0753296,-0.0213786),(0.0246378,-0.0750415,-0.0210904),(0.0245622,-0.0750633,-0.0211122),(0.0249987,-0.0753296,-0.0213786),(0.0245622,-0.0750633,-0.0211122),(0.0245015,-0.0750956,-0.0211445),(0.0250919,-0.0753846,-0.0214336),(0.0249987,-0.0753296,-0.0213786),(0.0245015,-0.0750956,-0.0211445),(0.0250919,-0.0753846,-0.0214336),(0.0245015,-0.0750956,-0.0211445),(0.0244250,-0.0751919,-0.0212409),(0.0251905,-0.0754239,-0.0214729),(0.0250919,-0.0753846,-0.0214336),(0.0244250,-0.0751919,-0.0212409),(0.0251905,-0.0754239,-0.0214729),(0.0244250,-0.0751919,-0.0212409),(0.0244325,-0.0752428,-0.0212918),(0.0251905,-0.0754239,-0.0214729),(0.0244325,-0.0752428,-0.0212918),(0.0244811,-0.0753261,-0.0213750),(0.0252945,-0.0754475,-0.0214964),(0.0251905,-0.0754239,-0.0214729),(0.0244811,-0.0753261,-0.0213750),(0.0252945,-0.0754475,-0.0214964),(0.0244811,-0.0753261,-0.0213750),(0.0245423,-0.0754037,-0.0214526),(0.0254040,-0.0754554,-0.0215043),(0.0252945,-0.0754475,-0.0214964),(0.0245423,-0.0754037,-0.0214526),(0.0254040,-0.0754554,-0.0215043),(0.0245423,-0.0754037,-0.0214526),(0.0246160,-0.0754757,-0.0215247),(0.0254040,-0.0754554,-0.0215043),(0.0246160,-0.0754757,-0.0215247),(0.0247023,-0.0755422,-0.0215911),(0.0254986,-0.0754471,-0.0214960),(0.0254040,-0.0754554,-0.0215043),(0.0247023,-0.0755422,-0.0215911),(0.0254986,-0.0754471,-0.0214960),(0.0247023,-0.0755422,-0.0215911),(0.0247793,-0.0755922,-0.0216411),(0.0254986,-0.0754471,-0.0214960),(0.0247793,-0.0755922,-0.0216411),(0.0248593,-0.0756355,-0.0216844),(0.0255993,-0.0754222,-0.0214712),(0.0254986,-0.0754471,-0.0214960),(0.0248593,-0.0756355,-0.0216844),(0.0255993,-0.0754222,-0.0214712),(0.0248593,-0.0756355,-0.0216844),(0.0249424,-0.0756721,-0.0217211),(0.0255993,-0.0754222,-0.0214712),(0.0249424,-0.0756721,-0.0217211),(0.0250286,-0.0757021,-0.0217511),(0.0257060,-0.0753808,-0.0214298),(0.0255993,-0.0754222,-0.0214712),(0.0250286,-0.0757021,-0.0217511),(0.0257060,-0.0753808,-0.0214298),(0.0250286,-0.0757021,-0.0217511),(0.0251178,-0.0757255,-0.0217744),(0.0258189,-0.0753229,-0.0213718),(0.0257060,-0.0753808,-0.0214298),(0.0251178,-0.0757255,-0.0217744),(0.0258189,-0.0753229,-0.0213718),(0.0251178,-0.0757255,-0.0217744),(0.0252101,-0.0757421,-0.0217910),(0.0258189,-0.0753229,-0.0213718),(0.0252101,-0.0757421,-0.0217910),(0.0253055,-0.0757521,-0.0218010),(0.0259050,-0.0752536,-0.0213025),(0.0258189,-0.0753229,-0.0213718),(0.0253055,-0.0757521,-0.0218010),(0.0259050,-0.0752536,-0.0213025),(0.0253055,-0.0757521,-0.0218010),(0.0254040,-0.0757554,-0.0218044),(0.0259050,-0.0752536,-0.0213025),(0.0254040,-0.0757554,-0.0218044),(0.0254889,-0.0757522,-0.0218012),(0.0259050,-0.0752536,-0.0213025),(0.0254889,-0.0757522,-0.0218012),(0.0255741,-0.0757426,-0.0217916),(0.0259665,-0.0751631,-0.0212121),(0.0259050,-0.0752536,-0.0213025),(0.0255741,-0.0757426,-0.0217916),(0.0259665,-0.0751631,-0.0212121),(0.0255741,-0.0757426,-0.0217916),(0.0256598,-0.0757266,-0.0217755),(0.0259665,-0.0751631,-0.0212121),(0.0256598,-0.0757266,-0.0217755),(0.0257458,-0.0757042,-0.0217531),(0.0259665,-0.0751631,-0.0212121),(0.0257458,-0.0757042,-0.0217531),(0.0258323,-0.0756753,-0.0217243),(0.0259880,-0.0751100,-0.0211589),(0.0259665,-0.0751631,-0.0212121),(0.0258323,-0.0756753,-0.0217243),(0.0259880,-0.0751100,-0.0211589),(0.0258323,-0.0756753,-0.0217243),(0.0259191,-0.0756401,-0.0216890),(0.0260034,-0.0750515,-0.0211005),(0.0259880,-0.0751100,-0.0211589),(0.0259191,-0.0756401,-0.0216890),(0.0260126,-0.0749878,-0.0210367),(0.0260034,-0.0750515,-0.0211005),(0.0259191,-0.0756401,-0.0216890),(0.0260126,-0.0749878,-0.0210367),(0.0259191,-0.0756401,-0.0216890),(0.0260064,-0.0755985,-0.0216474),(0.0260157,-0.0749188,-0.0209677),(0.0260126,-0.0749878,-0.0210367),(0.0260064,-0.0755985,-0.0216474),(0.0260157,-0.0749188,-0.0209677),(0.0260064,-0.0755985,-0.0216474),(0.0260940,-0.0755504,-0.0215993),(0.0260157,-0.0746090,-0.0206579),(0.0260157,-0.0749188,-0.0209677),(0.0260940,-0.0755504,-0.0215993),(0.0260157,-0.0746090,-0.0206579),(0.0260940,-0.0755504,-0.0215993),(0.0261759,-0.0754954,-0.0215443),(0.0260157,-0.0746090,-0.0206579),(0.0261759,-0.0754954,-0.0215443),(0.0262468,-0.0754337,-0.0214827),(0.0260157,-0.0746090,-0.0206579),(0.0262468,-0.0754337,-0.0214827),(0.0263069,-0.0753654,-0.0214143),(0.0260157,-0.0746090,-0.0206579),(0.0263069,-0.0753654,-0.0214143),(0.0263560,-0.0752903,-0.0213393),(0.0260157,-0.0746090,-0.0206579),(0.0263560,-0.0752903,-0.0213393),(0.0263942,-0.0752086,-0.0212575),(0.0260157,-0.0746090,-0.0206579),(0.0263942,-0.0752086,-0.0212575),(0.0264215,-0.0751202,-0.0211691),(0.0260157,-0.0746090,-0.0206579),(0.0264215,-0.0751202,-0.0211691),(0.0264378,-0.0750251,-0.0210740),(0.0260157,-0.0746090,-0.0206579),(0.0264378,-0.0750251,-0.0210740),(0.0264433,-0.0749233,-0.0209722),(0.0260157,-0.0746090,-0.0206579),(0.0264433,-0.0749233,-0.0209722),(0.0264433,-0.0739923,-0.0200413),(0.0252994,-0.0747643,-0.0208132),(0.0260157,-0.0746090,-0.0206579),(0.0264433,-0.0739923,-0.0200413),(0.0264433,-0.0739923,-0.0200413),(0.0260475,-0.0740006,-0.0200495),(0.0260320,-0.0740875,-0.0201364),(0.0264433,-0.0739923,-0.0200413),(0.0260320,-0.0740875,-0.0201364),(0.0259856,-0.0741732,-0.0202222),(0.0264433,-0.0739923,-0.0200413),(0.0259856,-0.0741732,-0.0202222),(0.0259082,-0.0742578,-0.0203067),(0.0252994,-0.0747643,-0.0208132),(0.0264433,-0.0739923,-0.0200413),(0.0259082,-0.0742578,-0.0203067),(0.0252994,-0.0747643,-0.0208132),(0.0259082,-0.0742578,-0.0203067),(0.0257998,-0.0743411,-0.0203900),(0.0252994,-0.0747643,-0.0208132),(0.0257998,-0.0743411,-0.0203900),(0.0257043,-0.0743967,-0.0204456),(0.0252994,-0.0747643,-0.0208132),(0.0257043,-0.0743967,-0.0204456),(0.0256051,-0.0744365,-0.0204854),(0.0252994,-0.0747643,-0.0208132),(0.0256051,-0.0744365,-0.0204854),(0.0255022,-0.0744603,-0.0205093),(0.0252994,-0.0747643,-0.0208132),(0.0255022,-0.0744603,-0.0205093),(0.0253955,-0.0744683,-0.0205172),(0.0252994,-0.0747643,-0.0208132),(0.0253955,-0.0744683,-0.0205172),(0.0252894,-0.0744603,-0.0205093),(0.0252994,-0.0747643,-0.0208132),(0.0252894,-0.0744603,-0.0205093),(0.0251868,-0.0744365,-0.0204854),(0.0252994,-0.0747643,-0.0208132),(0.0251868,-0.0744365,-0.0204854),(0.0250878,-0.0743967,-0.0204456),(0.0252994,-0.0747643,-0.0208132),(0.0250878,-0.0743967,-0.0204456),(0.0249923,-0.0743411,-0.0203900),(0.0252994,-0.0747643,-0.0208132),(0.0249923,-0.0743411,-0.0203900),(0.0249043,-0.0742499,-0.0202989),(0.0243680,-0.0736364,-0.0196854),(0.0252994,-0.0747643,-0.0208132),(0.0249043,-0.0742499,-0.0202989),(0.0243680,-0.0736364,-0.0196854),(0.0249043,-0.0742499,-0.0202989),(0.0248698,-0.0741891,-0.0202380),(0.0243680,-0.0736364,-0.0196854),(0.0248698,-0.0741891,-0.0202380),(0.0248415,-0.0741180,-0.0201670),(0.0243680,-0.0736364,-0.0196854),(0.0248415,-0.0741180,-0.0201670),(0.0248195,-0.0740368,-0.0200857),(0.0243680,-0.0736364,-0.0196854),(0.0248195,-0.0740368,-0.0200857),(0.0248038,-0.0739454,-0.0199943),(0.0243680,-0.0736364,-0.0196854),(0.0248038,-0.0739454,-0.0199943),(0.0247944,-0.0738437,-0.0198927),(0.0243680,-0.0736364,-0.0196854),(0.0247944,-0.0738437,-0.0198927),(0.0247912,-0.0737319,-0.0197808),(0.0243680,-0.0736364,-0.0196854),(0.0247912,-0.0737319,-0.0197808),(0.0247946,-0.0736673,-0.0197162),(0.0243680,-0.0736364,-0.0196854),(0.0247946,-0.0736673,-0.0197162),(0.0248047,-0.0736062,-0.0196551),(0.0243680,-0.0736364,-0.0196854),(0.0248047,-0.0736062,-0.0196551),(0.0248214,-0.0735486,-0.0195976),(0.0243680,-0.0736364,-0.0196854),(0.0248214,-0.0735486,-0.0195976),(0.0248449,-0.0734947,-0.0195436),(0.0243680,-0.0736364,-0.0196854),(0.0248449,-0.0734947,-0.0195436),(0.0249121,-0.0733974,-0.0194463),(0.0243680,-0.0736364,-0.0196854),(0.0249121,-0.0733974,-0.0194463),(0.0250061,-0.0733143,-0.0193632),(0.0243680,-0.0736364,-0.0196854),(0.0250061,-0.0733143,-0.0193632),(0.0250974,-0.0732593,-0.0193082),(0.0260465,-0.0739361,-0.0199850),(0.0260475,-0.0740006,-0.0200495),(0.0264433,-0.0739923,-0.0200413),(0.0260438,-0.0738744,-0.0199234),(0.0260465,-0.0739361,-0.0199850),(0.0264433,-0.0739923,-0.0200413),(0.0260326,-0.0737599,-0.0198088),(0.0260438,-0.0738744,-0.0199234),(0.0264433,-0.0739923,-0.0200413),(0.0260140,-0.0736570,-0.0197059),(0.0260326,-0.0737599,-0.0198088),(0.0264433,-0.0739923,-0.0200413),(0.0259879,-0.0735656,-0.0196145),(0.0260140,-0.0736570,-0.0197059),(0.0264433,-0.0739923,-0.0200413),(0.0259545,-0.0734858,-0.0195347),(0.0259879,-0.0735656,-0.0196145),(0.0264433,-0.0739923,-0.0200413),(0.0259135,-0.0734175,-0.0194665),(0.0259545,-0.0734858,-0.0195347),(0.0264433,-0.0739923,-0.0200413),(0.0258652,-0.0733609,-0.0194098),(0.0259135,-0.0734175,-0.0194665),(0.0264433,-0.0739923,-0.0200413),(0.0258652,-0.0733609,-0.0194098),(0.0264433,-0.0739923,-0.0200413),(0.0264420,-0.0739107,-0.0199596),(0.0258652,-0.0733609,-0.0194098),(0.0264420,-0.0739107,-0.0199596),(0.0264379,-0.0738325,-0.0198814),(0.0258652,-0.0733609,-0.0194098),(0.0264379,-0.0738325,-0.0198814),(0.0264313,-0.0737577,-0.0198067),(0.0258093,-0.0733158,-0.0193647),(0.0258652,-0.0733609,-0.0194098),(0.0264313,-0.0737577,-0.0198067),(0.0258093,-0.0733158,-0.0193647),(0.0264313,-0.0737577,-0.0198067),(0.0264219,-0.0736864,-0.0197353),(0.0258093,-0.0733158,-0.0193647),(0.0264219,-0.0736864,-0.0197353),(0.0264099,-0.0736185,-0.0196674),(0.0257127,-0.0732601,-0.0193091),(0.0258093,-0.0733158,-0.0193647),(0.0264099,-0.0736185,-0.0196674),(0.0257127,-0.0732601,-0.0193091),(0.0264099,-0.0736185,-0.0196674),(0.0263952,-0.0735540,-0.0196029),(0.0257127,-0.0732601,-0.0193091),(0.0263952,-0.0735540,-0.0196029),(0.0263779,-0.0734930,-0.0195419),(0.0256122,-0.0732204,-0.0192693),(0.0257127,-0.0732601,-0.0193091),(0.0263779,-0.0734930,-0.0195419),(0.0256122,-0.0732204,-0.0192693),(0.0263779,-0.0734930,-0.0195419),(0.0263578,-0.0734354,-0.0194843),(0.0256122,-0.0732204,-0.0192693),(0.0263578,-0.0734354,-0.0194843),(0.0263351,-0.0733812,-0.0194301),(0.0255079,-0.0731965,-0.0192455),(0.0256122,-0.0732204,-0.0192693),(0.0263351,-0.0733812,-0.0194301),(0.0255079,-0.0731965,-0.0192455),(0.0263351,-0.0733812,-0.0194301),(0.0263098,-0.0733304,-0.0193794),(0.0255079,-0.0731965,-0.0192455),(0.0263098,-0.0733304,-0.0193794),(0.0262510,-0.0732392,-0.0192882),(0.0253998,-0.0731886,-0.0192375),(0.0255079,-0.0731965,-0.0192455),(0.0262510,-0.0732392,-0.0192882),(0.0253998,-0.0731886,-0.0192375),(0.0262510,-0.0732392,-0.0192882),(0.0261816,-0.0731618,-0.0192107),(0.0253998,-0.0731886,-0.0192375),(0.0261816,-0.0731618,-0.0192107),(0.0261014,-0.0730980,-0.0191470),(0.0252942,-0.0731964,-0.0192454),(0.0253998,-0.0731886,-0.0192375),(0.0261014,-0.0730980,-0.0191470),(0.0252942,-0.0731964,-0.0192454),(0.0261014,-0.0730980,-0.0191470),(0.0260218,-0.0730486,-0.0190975),(0.0252942,-0.0731964,-0.0192454),(0.0260218,-0.0730486,-0.0190975),(0.0259397,-0.0730057,-0.0190546),(0.0251934,-0.0732200,-0.0192690),(0.0252942,-0.0731964,-0.0192454),(0.0259397,-0.0730057,-0.0190546),(0.0251934,-0.0732200,-0.0192690),(0.0259397,-0.0730057,-0.0190546),(0.0258549,-0.0729694,-0.0190184),(0.0251934,-0.0732200,-0.0192690),(0.0258549,-0.0729694,-0.0190184),(0.0257675,-0.0729398,-0.0189887),(0.0250974,-0.0732593,-0.0193082),(0.0251934,-0.0732200,-0.0192690),(0.0257675,-0.0729398,-0.0189887),(0.0250974,-0.0732593,-0.0193082),(0.0257675,-0.0729398,-0.0189887),(0.0256776,-0.0729167,-0.0189656),(0.0243680,-0.0736364,-0.0196854),(0.0250974,-0.0732593,-0.0193082),(0.0256776,-0.0729167,-0.0189656),(0.0243680,-0.0736364,-0.0196854),(0.0256776,-0.0729167,-0.0189656),(0.0255851,-0.0729002,-0.0189491),(0.0243680,-0.0736364,-0.0196854),(0.0255851,-0.0729002,-0.0189491),(0.0254900,-0.0728903,-0.0189392),(0.0243680,-0.0736364,-0.0196854),(0.0254900,-0.0728903,-0.0189392),(0.0253924,-0.0728870,-0.0189359),(0.0243680,-0.0736364,-0.0196854),(0.0253924,-0.0728870,-0.0189359),(0.0252971,-0.0728904,-0.0189393),(0.0243680,-0.0736364,-0.0196854),(0.0252971,-0.0728904,-0.0189393),(0.0252046,-0.0729004,-0.0189494),(0.0243680,-0.0736364,-0.0196854),(0.0252046,-0.0729004,-0.0189494),(0.0251147,-0.0729172,-0.0189661),(0.0243680,-0.0736364,-0.0196854),(0.0251147,-0.0729172,-0.0189661),(0.0250275,-0.0729407,-0.0189896),(0.0243680,-0.0736364,-0.0196854),(0.0250275,-0.0729407,-0.0189896),(0.0249430,-0.0729709,-0.0190198),(0.0243680,-0.0736364,-0.0196854),(0.0249430,-0.0729709,-0.0190198),(0.0248611,-0.0730078,-0.0190567),(0.0243680,-0.0736364,-0.0196854),(0.0248611,-0.0730078,-0.0190567),(0.0247820,-0.0730514,-0.0191004),(0.0243680,-0.0736364,-0.0196854),(0.0247820,-0.0730514,-0.0191004),(0.0247055,-0.0731018,-0.0191507),(0.0243680,-0.0736364,-0.0196854),(0.0247055,-0.0731018,-0.0191507),(0.0246251,-0.0731638,-0.0192128),(0.0243680,-0.0736364,-0.0196854),(0.0246251,-0.0731638,-0.0192128),(0.0245555,-0.0732307,-0.0192796),(0.0243680,-0.0736364,-0.0196854),(0.0245555,-0.0732307,-0.0192796),(0.0244966,-0.0733023,-0.0193512),(0.0243680,-0.0736364,-0.0196854),(0.0244966,-0.0733023,-0.0193512),(0.0244483,-0.0733787,-0.0194276),(0.0243680,-0.0736364,-0.0196854),(0.0244483,-0.0733787,-0.0194276),(0.0244108,-0.0734598,-0.0195088),(0.0243680,-0.0736364,-0.0196854),(0.0244108,-0.0734598,-0.0195088),(0.0243840,-0.0735457,-0.0195947),(0.0222872,-0.0790954,-0.0251443),(0.0234588,-0.0779706,-0.0240195),(0.0235233,-0.0779043,-0.0239532),(0.0222872,-0.0790954,-0.0251443),(0.0235233,-0.0779043,-0.0239532),(0.0235792,-0.0778353,-0.0238842),(0.0222872,-0.0790954,-0.0251443),(0.0235792,-0.0778353,-0.0238842),(0.0236265,-0.0777635,-0.0238124),(0.0222872,-0.0790954,-0.0251443),(0.0236265,-0.0777635,-0.0238124),(0.0236652,-0.0776890,-0.0237379),(0.0222872,-0.0790954,-0.0251443),(0.0236652,-0.0776890,-0.0237379),(0.0236953,-0.0776118,-0.0236607),(0.0222872,-0.0790954,-0.0251443),(0.0236953,-0.0776118,-0.0236607),(0.0237168,-0.0775318,-0.0235807),(0.0222872,-0.0790954,-0.0251443),(0.0237168,-0.0775318,-0.0235807),(0.0237297,-0.0774491,-0.0234980),(0.0222872,-0.0790954,-0.0251443),(0.0237297,-0.0774491,-0.0234980),(0.0237340,-0.0773637,-0.0234126),(0.0222872,-0.0790954,-0.0251443),(0.0237340,-0.0773637,-0.0234126),(0.0237288,-0.0772753,-0.0233242),(0.0222872,-0.0790954,-0.0251443),(0.0237288,-0.0772753,-0.0233242),(0.0237134,-0.0771902,-0.0232391),(0.0222872,-0.0790954,-0.0251443),(0.0237134,-0.0771902,-0.0232391),(0.0236878,-0.0771083,-0.0231572),(0.0222872,-0.0790954,-0.0251443),(0.0236878,-0.0771083,-0.0231572),(0.0236519,-0.0770297,-0.0230786),(0.0236519,-0.0770297,-0.0230786),(0.0236058,-0.0769543,-0.0230033),(0.0235494,-0.0768822,-0.0229312),(0.0236519,-0.0770297,-0.0230786),(0.0235494,-0.0768822,-0.0229312),(0.0234828,-0.0768134,-0.0228623),(0.0236519,-0.0770297,-0.0230786),(0.0234828,-0.0768134,-0.0228623),(0.0234059,-0.0767478,-0.0227967),(0.0236519,-0.0770297,-0.0230786),(0.0234059,-0.0767478,-0.0227967),(0.0233330,-0.0766960,-0.0227450),(0.0236519,-0.0770297,-0.0230786),(0.0233330,-0.0766960,-0.0227450),(0.0232556,-0.0766512,-0.0227001),(0.0236519,-0.0770297,-0.0230786),(0.0232556,-0.0766512,-0.0227001),(0.0231737,-0.0766132,-0.0226622),(0.0236519,-0.0770297,-0.0230786),(0.0231737,-0.0766132,-0.0226622),(0.0230873,-0.0765822,-0.0226311),(0.0236519,-0.0770297,-0.0230786),(0.0230873,-0.0765822,-0.0226311),(0.0229964,-0.0765580,-0.0226070),(0.0236519,-0.0770297,-0.0230786),(0.0229964,-0.0765580,-0.0226070),(0.0229010,-0.0765408,-0.0225897),(0.0236519,-0.0770297,-0.0230786),(0.0229010,-0.0765408,-0.0225897),(0.0228012,-0.0765304,-0.0225794),(0.0236519,-0.0770297,-0.0230786),(0.0228012,-0.0765304,-0.0225794),(0.0226968,-0.0765270,-0.0225759),(0.0236519,-0.0770297,-0.0230786),(0.0226968,-0.0765270,-0.0225759),(0.0225983,-0.0765304,-0.0225793),(0.0236519,-0.0770297,-0.0230786),(0.0225983,-0.0765304,-0.0225793),(0.0225028,-0.0765405,-0.0225894),(0.0236519,-0.0770297,-0.0230786),(0.0225028,-0.0765405,-0.0225894),(0.0224103,-0.0765574,-0.0226063),(0.0236519,-0.0770297,-0.0230786),(0.0224103,-0.0765574,-0.0226063),(0.0223208,-0.0765811,-0.0226300),(0.0236519,-0.0770297,-0.0230786),(0.0223208,-0.0765811,-0.0226300),(0.0222343,-0.0766115,-0.0226604),(0.0236519,-0.0770297,-0.0230786),(0.0222343,-0.0766115,-0.0226604),(0.0221509,-0.0766487,-0.0226976),(0.0221509,-0.0766487,-0.0226976),(0.0220704,-0.0766926,-0.0227415),(0.0219930,-0.0767433,-0.0227922),(0.0221509,-0.0766487,-0.0226976),(0.0219930,-0.0767433,-0.0227922),(0.0219139,-0.0768044,-0.0228534),(0.0221509,-0.0766487,-0.0226976),(0.0219139,-0.0768044,-0.0228534),(0.0218453,-0.0768701,-0.0229191),(0.0221509,-0.0766487,-0.0226976),(0.0218453,-0.0768701,-0.0229191),(0.0217873,-0.0769403,-0.0229892),(0.0221509,-0.0766487,-0.0226976),(0.0217873,-0.0769403,-0.0229892),(0.0217398,-0.0770149,-0.0230639),(0.0221509,-0.0766487,-0.0226976),(0.0217398,-0.0770149,-0.0230639),(0.0217029,-0.0770941,-0.0231430),(0.0221509,-0.0766487,-0.0226976),(0.0217029,-0.0770941,-0.0231430),(0.0216765,-0.0771777,-0.0232266),(0.0221509,-0.0766487,-0.0226976),(0.0216765,-0.0771777,-0.0232266),(0.0216607,-0.0772658,-0.0233147),(0.0221509,-0.0766487,-0.0226976),(0.0216607,-0.0772658,-0.0233147),(0.0216554,-0.0773584,-0.0234074),(0.0221509,-0.0766487,-0.0226976),(0.0216554,-0.0773584,-0.0234074),(0.0216554,-0.0773622,-0.0234111),(0.0221509,-0.0766487,-0.0226976),(0.0216554,-0.0773622,-0.0234111),(0.0216710,-0.0774198,-0.0234687),(0.0221509,-0.0766487,-0.0226976),(0.0216710,-0.0774198,-0.0234687),(0.0217178,-0.0774684,-0.0235174),(0.0221509,-0.0766487,-0.0226976),(0.0217178,-0.0774684,-0.0235174),(0.0217866,-0.0775015,-0.0235505),(0.0221509,-0.0766487,-0.0226976),(0.0217866,-0.0775015,-0.0235505),(0.0218681,-0.0775126,-0.0235615),(0.0221509,-0.0766487,-0.0226976),(0.0218681,-0.0775126,-0.0235615),(0.0219496,-0.0775015,-0.0235505),(0.0221509,-0.0766487,-0.0226976),(0.0219496,-0.0775015,-0.0235505),(0.0220184,-0.0774684,-0.0235174),(0.0221509,-0.0766487,-0.0226976),(0.0220184,-0.0774684,-0.0235174),(0.0220660,-0.0774198,-0.0234687),(0.0220660,-0.0774198,-0.0234687),(0.0220819,-0.0773622,-0.0234111),(0.0220819,-0.0773584,-0.0234074),(0.0220660,-0.0774198,-0.0234687),(0.0220819,-0.0773584,-0.0234074),(0.0220852,-0.0772970,-0.0233459),(0.0221509,-0.0766487,-0.0226976),(0.0220660,-0.0774198,-0.0234687),(0.0220852,-0.0772970,-0.0233459),(0.0221509,-0.0766487,-0.0226976),(0.0220852,-0.0772970,-0.0233459),(0.0220952,-0.0772387,-0.0232876),(0.0221509,-0.0766487,-0.0226976),(0.0220952,-0.0772387,-0.0232876),(0.0221118,-0.0771836,-0.0232325),(0.0221509,-0.0766487,-0.0226976),(0.0221118,-0.0771836,-0.0232325),(0.0221351,-0.0771317,-0.0231806),(0.0221509,-0.0766487,-0.0226976),(0.0221351,-0.0771317,-0.0231806),(0.0222016,-0.0770374,-0.0230863),(0.0221509,-0.0766487,-0.0226976),(0.0222016,-0.0770374,-0.0230863),(0.0222946,-0.0769558,-0.0230047),(0.0221509,-0.0766487,-0.0226976),(0.0222946,-0.0769558,-0.0230047),(0.0223855,-0.0769001,-0.0229491),(0.0221509,-0.0766487,-0.0226976),(0.0223855,-0.0769001,-0.0229491),(0.0224825,-0.0768604,-0.0229093),(0.0221509,-0.0766487,-0.0226976),(0.0224825,-0.0768604,-0.0229093),(0.0225855,-0.0768365,-0.0228855),(0.0221509,-0.0766487,-0.0226976),(0.0225855,-0.0768365,-0.0228855),(0.0226947,-0.0768286,-0.0228775),(0.0221509,-0.0766487,-0.0226976),(0.0226947,-0.0768286,-0.0228775),(0.0228079,-0.0768363,-0.0228852),(0.0221509,-0.0766487,-0.0226976),(0.0228079,-0.0768363,-0.0228852),(0.0229116,-0.0768593,-0.0229082),(0.0236519,-0.0770297,-0.0230786),(0.0221509,-0.0766487,-0.0226976),(0.0229116,-0.0768593,-0.0229082),(0.0236519,-0.0770297,-0.0230786),(0.0229116,-0.0768593,-0.0229082),(0.0230058,-0.0768976,-0.0229466),(0.0236519,-0.0770297,-0.0230786),(0.0230058,-0.0768976,-0.0229466),(0.0230905,-0.0769513,-0.0230002),(0.0236519,-0.0770297,-0.0230786),(0.0230905,-0.0769513,-0.0230002),(0.0231421,-0.0769946,-0.0230435),(0.0236519,-0.0770297,-0.0230786),(0.0231421,-0.0769946,-0.0230435),(0.0231868,-0.0770401,-0.0230891),(0.0236519,-0.0770297,-0.0230786),(0.0231868,-0.0770401,-0.0230891),(0.0232556,-0.0771382,-0.0231871),(0.0236519,-0.0770297,-0.0230786),(0.0232556,-0.0771382,-0.0231871),(0.0232969,-0.0772456,-0.0232945),(0.0236519,-0.0770297,-0.0230786),(0.0232969,-0.0772456,-0.0232945),(0.0233072,-0.0773027,-0.0233516),(0.0236519,-0.0770297,-0.0230786),(0.0233072,-0.0773027,-0.0233516),(0.0233106,-0.0773622,-0.0234111),(0.0236519,-0.0770297,-0.0230786),(0.0233106,-0.0773622,-0.0234111),(0.0233077,-0.0774235,-0.0234724),(0.0236519,-0.0770297,-0.0230786),(0.0233077,-0.0774235,-0.0234724),(0.0232989,-0.0774825,-0.0235314),(0.0236519,-0.0770297,-0.0230786),(0.0232989,-0.0774825,-0.0235314),(0.0232843,-0.0775391,-0.0235880),(0.0236519,-0.0770297,-0.0230786),(0.0232843,-0.0775391,-0.0235880),(0.0232638,-0.0775934,-0.0236423),(0.0236519,-0.0770297,-0.0230786),(0.0232638,-0.0775934,-0.0236423),(0.0232053,-0.0776950,-0.0237439),(0.0222872,-0.0790954,-0.0251443),(0.0236519,-0.0770297,-0.0230786),(0.0232053,-0.0776950,-0.0237439),(0.0222872,-0.0790954,-0.0251443),(0.0232053,-0.0776950,-0.0237439),(0.0231233,-0.0777872,-0.0238362),(0.0222872,-0.0790954,-0.0251443),(0.0231233,-0.0777872,-0.0238362),(0.0216998,-0.0791545,-0.0252034),(0.0235233,-0.0790954,-0.0251443),(0.0222872,-0.0790954,-0.0251443),(0.0216998,-0.0791545,-0.0252034),(0.0235233,-0.0790954,-0.0251443),(0.0216998,-0.0791545,-0.0252034),(0.0216533,-0.0792428,-0.0252917),(0.0235233,-0.0790954,-0.0251443),(0.0216533,-0.0792428,-0.0252917),(0.0216554,-0.0792675,-0.0253164),(0.0235233,-0.0790954,-0.0251443),(0.0216554,-0.0792675,-0.0253164),(0.0216818,-0.0793230,-0.0253720),(0.0235233,-0.0790954,-0.0251443),(0.0216818,-0.0793230,-0.0253720),(0.0217337,-0.0793625,-0.0254114),(0.0235233,-0.0790954,-0.0251443),(0.0217337,-0.0793625,-0.0254114),(0.0218022,-0.0793872,-0.0254361),(0.0235233,-0.0790954,-0.0251443),(0.0218022,-0.0793872,-0.0254361),(0.0218681,-0.0793954,-0.0254444),(0.0235233,-0.0790954,-0.0251443),(0.0218681,-0.0793954,-0.0254444),(0.0235233,-0.0793954,-0.0254444),(0.0235233,-0.0790954,-0.0251443),(0.0235233,-0.0793954,-0.0254444),(0.0236067,-0.0793848,-0.0254337),(0.0235233,-0.0790954,-0.0251443),(0.0236067,-0.0793848,-0.0254337),(0.0236747,-0.0793528,-0.0254017),(0.0235233,-0.0790954,-0.0251443),(0.0236747,-0.0793528,-0.0254017),(0.0237191,-0.0793047,-0.0253536),(0.0235233,-0.0790954,-0.0251443),(0.0237191,-0.0793047,-0.0253536),(0.0237340,-0.0792458,-0.0252947),(0.0235233,-0.0790954,-0.0251443),(0.0237340,-0.0792458,-0.0252947),(0.0237191,-0.0791863,-0.0252352),(0.0235233,-0.0790954,-0.0251443),(0.0237191,-0.0791863,-0.0252352),(0.0236747,-0.0791380,-0.0251869),(0.0235233,-0.0790954,-0.0251443),(0.0236747,-0.0791380,-0.0251869),(0.0236088,-0.0791060,-0.0251549),(0.0193990,-0.0728855,-0.0189344),(0.0192815,-0.0729184,-0.0189674),(0.0186741,-0.0732732,-0.0193221),(0.0193990,-0.0728855,-0.0189344),(0.0186741,-0.0732732,-0.0193221),(0.0186164,-0.0733210,-0.0193700),(0.0193990,-0.0728855,-0.0189344),(0.0186164,-0.0733210,-0.0193700),(0.0185915,-0.0733719,-0.0194209),(0.0193990,-0.0728855,-0.0189344),(0.0185915,-0.0733719,-0.0194209),(0.0185915,-0.0733959,-0.0194448),(0.0193990,-0.0728855,-0.0189344),(0.0185915,-0.0733959,-0.0194448),(0.0186254,-0.0734864,-0.0195354),(0.0193990,-0.0728855,-0.0189344),(0.0186254,-0.0734864,-0.0195354),(0.0186846,-0.0735267,-0.0195756),(0.0193990,-0.0728855,-0.0189344),(0.0186846,-0.0735267,-0.0195756),(0.0187651,-0.0735470,-0.0195960),(0.0193990,-0.0728855,-0.0189344),(0.0187651,-0.0735470,-0.0195960),(0.0188064,-0.0735485,-0.0195975),(0.0193990,-0.0728855,-0.0189344),(0.0188064,-0.0735485,-0.0195975),(0.0189217,-0.0735224,-0.0195713),(0.0193990,-0.0728855,-0.0189344),(0.0189217,-0.0735224,-0.0195713),(0.0191926,-0.0733532,-0.0194022),(0.0193990,-0.0728855,-0.0189344),(0.0191926,-0.0733532,-0.0194022),(0.0191926,-0.0756058,-0.0216547),(0.0193990,-0.0728855,-0.0189344),(0.0191926,-0.0756058,-0.0216547),(0.0192080,-0.0756638,-0.0217127),(0.0193990,-0.0728855,-0.0189344),(0.0192080,-0.0756638,-0.0217127),(0.0192540,-0.0757120,-0.0217610),(0.0193990,-0.0728855,-0.0189344),(0.0192540,-0.0757120,-0.0217610),(0.0193223,-0.0757446,-0.0217935),(0.0193990,-0.0728855,-0.0189344),(0.0193223,-0.0757446,-0.0217935),(0.0194043,-0.0757554,-0.0218044),(0.0193990,-0.0728855,-0.0189344),(0.0194043,-0.0757554,-0.0218044),(0.0194871,-0.0757446,-0.0217935),(0.0193990,-0.0728855,-0.0189344),(0.0194871,-0.0757446,-0.0217935),(0.0195557,-0.0757120,-0.0217610),(0.0193990,-0.0728855,-0.0189344),(0.0195557,-0.0757120,-0.0217610),(0.0196017,-0.0756638,-0.0217127),(0.0193990,-0.0728855,-0.0189344),(0.0196017,-0.0756638,-0.0217127),(0.0196170,-0.0756058,-0.0216547),(0.0193990,-0.0728855,-0.0189344),(0.0196170,-0.0756058,-0.0216547),(0.0196170,-0.0730412,-0.0190901),(0.0193990,-0.0728855,-0.0189344),(0.0196170,-0.0730412,-0.0190901),(0.0195887,-0.0729611,-0.0190100),(0.0193990,-0.0728855,-0.0189344),(0.0195887,-0.0729611,-0.0190100),(0.0195038,-0.0729080,-0.0189569),(0.0233117,-0.0757339,-0.0217829),(0.0233847,-0.0758093,-0.0218583),(0.0234913,-0.0758610,-0.0219099),(0.0233117,-0.0757339,-0.0217829),(0.0234913,-0.0758610,-0.0219099),(0.0236165,-0.0758782,-0.0219271),(0.0233117,-0.0757339,-0.0217829),(0.0236165,-0.0758782,-0.0219271),(0.0237414,-0.0758610,-0.0219099),(0.0233117,-0.0757339,-0.0217829),(0.0237414,-0.0758610,-0.0219099),(0.0238472,-0.0758093,-0.0218583),(0.0233117,-0.0757339,-0.0217829),(0.0238472,-0.0758093,-0.0218583),(0.0239202,-0.0757339,-0.0217829),(0.0233117,-0.0757339,-0.0217829),(0.0239202,-0.0757339,-0.0217829),(0.0239446,-0.0756454,-0.0216944),(0.0233117,-0.0757339,-0.0217829),(0.0239446,-0.0756454,-0.0216944),(0.0239202,-0.0755569,-0.0216059),(0.0233117,-0.0757339,-0.0217829),(0.0239202,-0.0755569,-0.0216059),(0.0238472,-0.0754815,-0.0215305),(0.0233117,-0.0757339,-0.0217829),(0.0238472,-0.0754815,-0.0215305),(0.0237414,-0.0754299,-0.0214788),(0.0233117,-0.0757339,-0.0217829),(0.0237414,-0.0754299,-0.0214788),(0.0236165,-0.0754127,-0.0214616),(0.0233117,-0.0757339,-0.0217829),(0.0236165,-0.0754127,-0.0214616),(0.0234913,-0.0754299,-0.0214788),(0.0233117,-0.0757339,-0.0217829),(0.0234913,-0.0754299,-0.0214788),(0.0233847,-0.0754815,-0.0215305),(0.0233117,-0.0757339,-0.0217829),(0.0233847,-0.0754815,-0.0215305),(0.0233117,-0.0755569,-0.0216059),(0.0233117,-0.0757339,-0.0217829),(0.0233117,-0.0755569,-0.0216059),(0.0232873,-0.0756454,-0.0216944),(0.0206023,-0.0793739,-0.0254229),(0.0206754,-0.0794493,-0.0254983),(0.0207820,-0.0795010,-0.0255499),(0.0206023,-0.0793739,-0.0254229),(0.0207820,-0.0795010,-0.0255499),(0.0209071,-0.0795182,-0.0255671),(0.0206023,-0.0793739,-0.0254229),(0.0209071,-0.0795182,-0.0255671),(0.0210320,-0.0795010,-0.0255499),(0.0206023,-0.0793739,-0.0254229),(0.0210320,-0.0795010,-0.0255499),(0.0211379,-0.0794493,-0.0254983),(0.0206023,-0.0793739,-0.0254229),(0.0211379,-0.0794493,-0.0254983),(0.0212109,-0.0793739,-0.0254229),(0.0206023,-0.0793739,-0.0254229),(0.0212109,-0.0793739,-0.0254229),(0.0212352,-0.0792854,-0.0253344),(0.0206023,-0.0793739,-0.0254229),(0.0212352,-0.0792854,-0.0253344),(0.0212109,-0.0791969,-0.0252459),(0.0206023,-0.0793739,-0.0254229),(0.0212109,-0.0791969,-0.0252459),(0.0211379,-0.0791215,-0.0251705),(0.0206023,-0.0793739,-0.0254229),(0.0211379,-0.0791215,-0.0251705),(0.0210320,-0.0790699,-0.0251188),(0.0206023,-0.0793739,-0.0254229),(0.0210320,-0.0790699,-0.0251188),(0.0209071,-0.0790527,-0.0251016),(0.0206023,-0.0793739,-0.0254229),(0.0209071,-0.0790527,-0.0251016),(0.0207820,-0.0790699,-0.0251188),(0.0206023,-0.0793739,-0.0254229),(0.0207820,-0.0790699,-0.0251188),(0.0206754,-0.0791215,-0.0251705),(0.0206023,-0.0793739,-0.0254229),(0.0206754,-0.0791215,-0.0251705),(0.0206023,-0.0791969,-0.0252459),(0.0206023,-0.0793739,-0.0254229),(0.0206023,-0.0791969,-0.0252459),(0.0205780,-0.0792854,-0.0253344),(0.0415493,-0.0771231,-0.0231721),(0.0415546,-0.0770295,-0.0230784),(0.0415546,-0.0758344,-0.0218833),(0.0415493,-0.0771231,-0.0231721),(0.0415546,-0.0758344,-0.0218833),(0.0415493,-0.0757420,-0.0217910),(0.0415493,-0.0771231,-0.0231721),(0.0415493,-0.0757420,-0.0217910),(0.0415334,-0.0756539,-0.0217028),(0.0415493,-0.0771231,-0.0231721),(0.0415334,-0.0756539,-0.0217028),(0.0415069,-0.0755700,-0.0216189),(0.0415493,-0.0771231,-0.0231721),(0.0415069,-0.0755700,-0.0216189),(0.0414697,-0.0754903,-0.0215393),(0.0415493,-0.0771231,-0.0231721),(0.0414697,-0.0754903,-0.0215393),(0.0414219,-0.0754149,-0.0214638),(0.0415493,-0.0771231,-0.0231721),(0.0414219,-0.0754149,-0.0214638),(0.0413636,-0.0753437,-0.0213926),(0.0415493,-0.0771231,-0.0231721),(0.0413636,-0.0753437,-0.0213926),(0.0412945,-0.0752767,-0.0213257),(0.0415493,-0.0771231,-0.0231721),(0.0412945,-0.0752767,-0.0213257),(0.0412149,-0.0752140,-0.0212629),(0.0415493,-0.0771231,-0.0231721),(0.0412149,-0.0752140,-0.0212629),(0.0411382,-0.0751633,-0.0212123),(0.0415493,-0.0771231,-0.0231721),(0.0411382,-0.0751633,-0.0212123),(0.0410585,-0.0751194,-0.0211683),(0.0415493,-0.0771231,-0.0231721),(0.0410585,-0.0751194,-0.0211683),(0.0409757,-0.0750822,-0.0211311),(0.0409757,-0.0750822,-0.0211311),(0.0408897,-0.0750518,-0.0211007),(0.0408008,-0.0750281,-0.0210771),(0.0409757,-0.0750822,-0.0211311),(0.0408008,-0.0750281,-0.0210771),(0.0407087,-0.0750113,-0.0210602),(0.0409757,-0.0750822,-0.0211311),(0.0407087,-0.0750113,-0.0210602),(0.0406136,-0.0750011,-0.0210500),(0.0409757,-0.0750822,-0.0211311),(0.0406136,-0.0750011,-0.0210500),(0.0405154,-0.0749977,-0.0210467),(0.0409757,-0.0750822,-0.0211311),(0.0405154,-0.0749977,-0.0210467),(0.0404183,-0.0750011,-0.0210500),(0.0409757,-0.0750822,-0.0211311),(0.0404183,-0.0750011,-0.0210500),(0.0403239,-0.0750113,-0.0210602),(0.0409757,-0.0750822,-0.0211311),(0.0403239,-0.0750113,-0.0210602),(0.0402321,-0.0750281,-0.0210771),(0.0409757,-0.0750822,-0.0211311),(0.0402321,-0.0750281,-0.0210771),(0.0401431,-0.0750518,-0.0211007),(0.0409757,-0.0750822,-0.0211311),(0.0401431,-0.0750518,-0.0211007),(0.0400567,-0.0750822,-0.0211311),(0.0409757,-0.0750822,-0.0211311),(0.0400567,-0.0750822,-0.0211311),(0.0399730,-0.0751194,-0.0211683),(0.0409757,-0.0750822,-0.0211311),(0.0399730,-0.0751194,-0.0211683),(0.0398920,-0.0751633,-0.0212123),(0.0409757,-0.0750822,-0.0211311),(0.0398920,-0.0751633,-0.0212123),(0.0398137,-0.0752140,-0.0212629),(0.0409757,-0.0750822,-0.0211311),(0.0398137,-0.0752140,-0.0212629),(0.0397341,-0.0752755,-0.0213244),(0.0409757,-0.0750822,-0.0211311),(0.0397341,-0.0752755,-0.0213244),(0.0396651,-0.0753414,-0.0213903),(0.0409757,-0.0750822,-0.0211311),(0.0396651,-0.0753414,-0.0213903),(0.0396067,-0.0754117,-0.0214606),(0.0409757,-0.0750822,-0.0211311),(0.0396067,-0.0754117,-0.0214606),(0.0395589,-0.0754864,-0.0215353),(0.0409757,-0.0750822,-0.0211311),(0.0395589,-0.0754864,-0.0215353),(0.0395217,-0.0755655,-0.0216144),(0.0395217,-0.0755655,-0.0216144),(0.0394952,-0.0756490,-0.0216979),(0.0394793,-0.0757369,-0.0217858),(0.0395217,-0.0755655,-0.0216144),(0.0394793,-0.0757369,-0.0217858),(0.0394740,-0.0758292,-0.0218781),(0.0395217,-0.0755655,-0.0216144),(0.0394740,-0.0758292,-0.0218781),(0.0394740,-0.0758344,-0.0218833),(0.0395217,-0.0755655,-0.0216144),(0.0394740,-0.0758344,-0.0218833),(0.0394740,-0.0770325,-0.0230814),(0.0395217,-0.0755655,-0.0216144),(0.0394740,-0.0770325,-0.0230814),(0.0394793,-0.0771254,-0.0231743),(0.0395217,-0.0755655,-0.0216144),(0.0394793,-0.0771254,-0.0231743),(0.0394952,-0.0772138,-0.0232628),(0.0395217,-0.0755655,-0.0216144),(0.0394952,-0.0772138,-0.0232628),(0.0395217,-0.0772980,-0.0233469),(0.0395217,-0.0755655,-0.0216144),(0.0395217,-0.0772980,-0.0233469),(0.0395589,-0.0773777,-0.0234266),(0.0395217,-0.0755655,-0.0216144),(0.0395589,-0.0773777,-0.0234266),(0.0396067,-0.0774531,-0.0235020),(0.0395217,-0.0755655,-0.0216144),(0.0396067,-0.0774531,-0.0235020),(0.0396651,-0.0775240,-0.0235730),(0.0395217,-0.0755655,-0.0216144),(0.0396651,-0.0775240,-0.0235730),(0.0397341,-0.0775907,-0.0236396),(0.0395217,-0.0755655,-0.0216144),(0.0397341,-0.0775907,-0.0236396),(0.0398137,-0.0776529,-0.0237018),(0.0398137,-0.0776529,-0.0237018),(0.0401174,-0.0774434,-0.0234923),(0.0400234,-0.0773611,-0.0234100),(0.0398137,-0.0776529,-0.0237018),(0.0400234,-0.0773611,-0.0234100),(0.0399563,-0.0772647,-0.0233136),(0.0398137,-0.0776529,-0.0237018),(0.0399563,-0.0772647,-0.0233136),(0.0399160,-0.0771542,-0.0232031),(0.0395217,-0.0755655,-0.0216144),(0.0398137,-0.0776529,-0.0237018),(0.0399160,-0.0771542,-0.0232031),(0.0395217,-0.0755655,-0.0216144),(0.0399160,-0.0771542,-0.0232031),(0.0399059,-0.0770936,-0.0231425),(0.0395217,-0.0755655,-0.0216144),(0.0399059,-0.0770936,-0.0231425),(0.0399026,-0.0770295,-0.0230784),(0.0395217,-0.0755655,-0.0216144),(0.0399026,-0.0770295,-0.0230784),(0.0399026,-0.0758292,-0.0218781),(0.0395217,-0.0755655,-0.0216144),(0.0399026,-0.0758292,-0.0218781),(0.0399059,-0.0757667,-0.0218156),(0.0395217,-0.0755655,-0.0216144),(0.0399059,-0.0757667,-0.0218156),(0.0399159,-0.0757077,-0.0217567),(0.0395217,-0.0755655,-0.0216144),(0.0399159,-0.0757077,-0.0217567),(0.0399325,-0.0756522,-0.0217011),(0.0395217,-0.0755655,-0.0216144),(0.0399325,-0.0756522,-0.0217011),(0.0399558,-0.0756002,-0.0216491),(0.0395217,-0.0755655,-0.0216144),(0.0399558,-0.0756002,-0.0216491),(0.0400222,-0.0755064,-0.0215554),(0.0395217,-0.0755655,-0.0216144),(0.0400222,-0.0755064,-0.0215554),(0.0401153,-0.0754265,-0.0214755),(0.0395217,-0.0755655,-0.0216144),(0.0401153,-0.0754265,-0.0214755),(0.0402106,-0.0753709,-0.0214198),(0.0395217,-0.0755655,-0.0216144),(0.0402106,-0.0753709,-0.0214198),(0.0403090,-0.0753311,-0.0213801),(0.0409757,-0.0750822,-0.0211311),(0.0395217,-0.0755655,-0.0216144),(0.0403090,-0.0753311,-0.0213801),(0.0409757,-0.0750822,-0.0211311),(0.0403090,-0.0753311,-0.0213801),(0.0404106,-0.0753073,-0.0213562),(0.0409757,-0.0750822,-0.0211311),(0.0404106,-0.0753073,-0.0213562),(0.0405154,-0.0752993,-0.0213483),(0.0409757,-0.0750822,-0.0211311),(0.0405154,-0.0752993,-0.0213483),(0.0406244,-0.0753073,-0.0213562),(0.0409757,-0.0750822,-0.0211311),(0.0406244,-0.0753073,-0.0213562),(0.0407273,-0.0753311,-0.0213801),(0.0409757,-0.0750822,-0.0211311),(0.0407273,-0.0753311,-0.0213801),(0.0408239,-0.0753709,-0.0214198),(0.0409757,-0.0750822,-0.0211311),(0.0408239,-0.0753709,-0.0214198),(0.0409144,-0.0754265,-0.0214755),(0.0409757,-0.0750822,-0.0211311),(0.0409144,-0.0754265,-0.0214755),(0.0410074,-0.0755104,-0.0215593),(0.0409757,-0.0750822,-0.0211311),(0.0410074,-0.0755104,-0.0215593),(0.0410739,-0.0756063,-0.0216553),(0.0409757,-0.0750822,-0.0211311),(0.0410739,-0.0756063,-0.0216553),(0.0411138,-0.0757143,-0.0217633),(0.0415493,-0.0771231,-0.0231721),(0.0409757,-0.0750822,-0.0211311),(0.0411138,-0.0757143,-0.0217633),(0.0415493,-0.0771231,-0.0231721),(0.0411138,-0.0757143,-0.0217633),(0.0411238,-0.0757729,-0.0218218),(0.0415493,-0.0771231,-0.0231721),(0.0411238,-0.0757729,-0.0218218),(0.0411271,-0.0758344,-0.0218833),(0.0415493,-0.0771231,-0.0231721),(0.0411271,-0.0758344,-0.0218833),(0.0411271,-0.0770295,-0.0230784),(0.0415493,-0.0771231,-0.0231721),(0.0411271,-0.0770295,-0.0230784),(0.0411238,-0.0770929,-0.0231418),(0.0415493,-0.0771231,-0.0231721),(0.0411238,-0.0770929,-0.0231418),(0.0411138,-0.0771529,-0.0232018),(0.0415493,-0.0771231,-0.0231721),(0.0411138,-0.0771529,-0.0232018),(0.0410972,-0.0772094,-0.0232583),(0.0415493,-0.0771231,-0.0231721),(0.0410972,-0.0772094,-0.0232583),(0.0410739,-0.0772624,-0.0233114),(0.0415493,-0.0771231,-0.0231721),(0.0410739,-0.0772624,-0.0233114),(0.0410074,-0.0773583,-0.0234072),(0.0415493,-0.0771231,-0.0231721),(0.0410074,-0.0773583,-0.0234072),(0.0409144,-0.0774404,-0.0234893),(0.0415493,-0.0771231,-0.0231721),(0.0409144,-0.0774404,-0.0234893),(0.0408231,-0.0774954,-0.0235443),(0.0402090,-0.0774971,-0.0235460),(0.0401174,-0.0774434,-0.0234923),(0.0398137,-0.0776529,-0.0237018),(0.0403058,-0.0775354,-0.0235843),(0.0402090,-0.0774971,-0.0235460),(0.0398137,-0.0776529,-0.0237018),(0.0404079,-0.0775584,-0.0236073),(0.0403058,-0.0775354,-0.0235843),(0.0398137,-0.0776529,-0.0237018),(0.0405154,-0.0775661,-0.0236150),(0.0404079,-0.0775584,-0.0236073),(0.0398137,-0.0776529,-0.0237018),(0.0406236,-0.0775582,-0.0236072),(0.0405154,-0.0775661,-0.0236150),(0.0398137,-0.0776529,-0.0237018),(0.0406236,-0.0775582,-0.0236072),(0.0398137,-0.0776529,-0.0237018),(0.0398906,-0.0777029,-0.0237518),(0.0406236,-0.0775582,-0.0236072),(0.0398906,-0.0777029,-0.0237518),(0.0399704,-0.0777462,-0.0237951),(0.0407262,-0.0775347,-0.0235836),(0.0406236,-0.0775582,-0.0236072),(0.0399704,-0.0777462,-0.0237951),(0.0407262,-0.0775347,-0.0235836),(0.0399704,-0.0777462,-0.0237951),(0.0400532,-0.0777829,-0.0238318),(0.0407262,-0.0775347,-0.0235836),(0.0400532,-0.0777829,-0.0238318),(0.0401389,-0.0778129,-0.0238618),(0.0408231,-0.0774954,-0.0235443),(0.0407262,-0.0775347,-0.0235836),(0.0401389,-0.0778129,-0.0238618),(0.0408231,-0.0774954,-0.0235443),(0.0401389,-0.0778129,-0.0238618),(0.0402275,-0.0778362,-0.0238851),(0.0415493,-0.0771231,-0.0231721),(0.0408231,-0.0774954,-0.0235443),(0.0402275,-0.0778362,-0.0238851),(0.0415493,-0.0771231,-0.0231721),(0.0402275,-0.0778362,-0.0238851),(0.0403191,-0.0778528,-0.0239018),(0.0415493,-0.0771231,-0.0231721),(0.0403191,-0.0778528,-0.0239018),(0.0404136,-0.0778628,-0.0239118),(0.0415493,-0.0771231,-0.0231721),(0.0404136,-0.0778628,-0.0239118),(0.0405111,-0.0778662,-0.0239151),(0.0415493,-0.0771231,-0.0231721),(0.0405111,-0.0778662,-0.0239151),(0.0406103,-0.0778629,-0.0239118),(0.0415493,-0.0771231,-0.0231721),(0.0406103,-0.0778629,-0.0239118),(0.0407062,-0.0778531,-0.0239020),(0.0415493,-0.0771231,-0.0231721),(0.0407062,-0.0778531,-0.0239020),(0.0407988,-0.0778367,-0.0238856),(0.0415493,-0.0771231,-0.0231721),(0.0407988,-0.0778367,-0.0238856),(0.0408882,-0.0778138,-0.0238627),(0.0415493,-0.0771231,-0.0231721),(0.0408882,-0.0778138,-0.0238627),(0.0409742,-0.0777843,-0.0238333),(0.0415493,-0.0771231,-0.0231721),(0.0409742,-0.0777843,-0.0238333),(0.0410570,-0.0777483,-0.0237972),(0.0415493,-0.0771231,-0.0231721),(0.0410570,-0.0777483,-0.0237972),(0.0411366,-0.0777057,-0.0237547),(0.0415493,-0.0771231,-0.0231721),(0.0411366,-0.0777057,-0.0237547),(0.0412128,-0.0776566,-0.0237056),(0.0415493,-0.0771231,-0.0231721),(0.0412128,-0.0776566,-0.0237056),(0.0412929,-0.0775935,-0.0236424),(0.0415493,-0.0771231,-0.0231721),(0.0412929,-0.0775935,-0.0236424),(0.0413624,-0.0775260,-0.0235749),(0.0415493,-0.0771231,-0.0231721),(0.0413624,-0.0775260,-0.0235749),(0.0414211,-0.0774541,-0.0235030),(0.0415493,-0.0771231,-0.0231721),(0.0414211,-0.0774541,-0.0235030),(0.0414692,-0.0773779,-0.0234268),(0.0415493,-0.0771231,-0.0231721),(0.0414692,-0.0773779,-0.0234268),(0.0415066,-0.0772973,-0.0233462),(0.0415493,-0.0771231,-0.0231721),(0.0415066,-0.0772973,-0.0233462),(0.0415333,-0.0772124,-0.0232613),(0.0367700,-0.0757472,-0.0217961),(0.0367646,-0.0758426,-0.0218916),(0.0367659,-0.0759157,-0.0219646),(0.0367700,-0.0757472,-0.0217961),(0.0367659,-0.0759157,-0.0219646),(0.0367699,-0.0759858,-0.0220347),(0.0367700,-0.0757472,-0.0217961),(0.0367699,-0.0759858,-0.0220347),(0.0367764,-0.0760531,-0.0221020),(0.0367700,-0.0757472,-0.0217961),(0.0367764,-0.0760531,-0.0221020),(0.0367856,-0.0761175,-0.0221664),(0.0367700,-0.0757472,-0.0217961),(0.0367856,-0.0761175,-0.0221664),(0.0367974,-0.0761790,-0.0222279),(0.0367700,-0.0757472,-0.0217961),(0.0367974,-0.0761790,-0.0222279),(0.0368118,-0.0762376,-0.0222866),(0.0367700,-0.0757472,-0.0217961),(0.0368118,-0.0762376,-0.0222866),(0.0368288,-0.0762934,-0.0223423),(0.0367700,-0.0757472,-0.0217961),(0.0368288,-0.0762934,-0.0223423),(0.0368485,-0.0763463,-0.0223952),(0.0367700,-0.0757472,-0.0217961),(0.0368485,-0.0763463,-0.0223952),(0.0368957,-0.0764434,-0.0224923),(0.0367700,-0.0757472,-0.0217961),(0.0368957,-0.0764434,-0.0224923),(0.0369533,-0.0765291,-0.0225780),(0.0367700,-0.0757472,-0.0217961),(0.0369533,-0.0765291,-0.0225780),(0.0370215,-0.0766032,-0.0226521),(0.0367700,-0.0757472,-0.0217961),(0.0370215,-0.0766032,-0.0226521),(0.0371001,-0.0766658,-0.0227147),(0.0367700,-0.0757472,-0.0217961),(0.0371001,-0.0766658,-0.0227147),(0.0371784,-0.0767156,-0.0227646),(0.0367700,-0.0757472,-0.0217961),(0.0371784,-0.0767156,-0.0227646),(0.0372592,-0.0767588,-0.0228077),(0.0367700,-0.0757472,-0.0217961),(0.0372592,-0.0767588,-0.0228077),(0.0373426,-0.0767953,-0.0228443),(0.0367700,-0.0757472,-0.0217961),(0.0373426,-0.0767953,-0.0228443),(0.0374285,-0.0768252,-0.0228741),(0.0367700,-0.0757472,-0.0217961),(0.0374285,-0.0768252,-0.0228741),(0.0375169,-0.0768485,-0.0228974),(0.0367700,-0.0757472,-0.0217961),(0.0375169,-0.0768485,-0.0228974),(0.0376079,-0.0768651,-0.0229140),(0.0367700,-0.0757472,-0.0217961),(0.0376079,-0.0768651,-0.0229140),(0.0377015,-0.0768750,-0.0229240),(0.0377015,-0.0768750,-0.0229240),(0.0377976,-0.0768783,-0.0229273),(0.0378867,-0.0768759,-0.0229248),(0.0377015,-0.0768750,-0.0229240),(0.0378867,-0.0768759,-0.0229248),(0.0379725,-0.0768684,-0.0229174),(0.0377015,-0.0768750,-0.0229240),(0.0379725,-0.0768684,-0.0229174),(0.0380549,-0.0768560,-0.0229050),(0.0377015,-0.0768750,-0.0229240),(0.0380549,-0.0768560,-0.0229050),(0.0381341,-0.0768387,-0.0228876),(0.0377015,-0.0768750,-0.0229240),(0.0381341,-0.0768387,-0.0228876),(0.0382100,-0.0768164,-0.0228653),(0.0377015,-0.0768750,-0.0229240),(0.0382100,-0.0768164,-0.0228653),(0.0382825,-0.0767891,-0.0228380),(0.0377015,-0.0768750,-0.0229240),(0.0382825,-0.0767891,-0.0228380),(0.0383518,-0.0767569,-0.0228058),(0.0377015,-0.0768750,-0.0229240),(0.0383518,-0.0767569,-0.0228058),(0.0384177,-0.0767197,-0.0227686),(0.0373062,-0.0773556,-0.0234045),(0.0372388,-0.0772555,-0.0233045),(0.0371557,-0.0771893,-0.0232382),(0.0373062,-0.0773556,-0.0234045),(0.0371557,-0.0771893,-0.0232382),(0.0370398,-0.0771522,-0.0232012),(0.0374007,-0.0774404,-0.0234893),(0.0373062,-0.0773556,-0.0234045),(0.0370398,-0.0771522,-0.0232012),(0.0374007,-0.0774404,-0.0234893),(0.0370398,-0.0771522,-0.0232012),(0.0369642,-0.0771740,-0.0232229),(0.0374007,-0.0774404,-0.0234893),(0.0369642,-0.0771740,-0.0232229),(0.0369035,-0.0772063,-0.0232552),(0.0374939,-0.0774954,-0.0235443),(0.0374007,-0.0774404,-0.0234893),(0.0369035,-0.0772063,-0.0232552),(0.0374939,-0.0774954,-0.0235443),(0.0369035,-0.0772063,-0.0232552),(0.0368271,-0.0773027,-0.0233516),(0.0375925,-0.0775347,-0.0235836),(0.0374939,-0.0774954,-0.0235443),(0.0368271,-0.0773027,-0.0233516),(0.0375925,-0.0775347,-0.0235836),(0.0368271,-0.0773027,-0.0233516),(0.0368345,-0.0773536,-0.0234025),(0.0375925,-0.0775347,-0.0235836),(0.0368345,-0.0773536,-0.0234025),(0.0368831,-0.0774368,-0.0234857),(0.0376966,-0.0775582,-0.0236072),(0.0375925,-0.0775347,-0.0235836),(0.0368831,-0.0774368,-0.0234857),(0.0376966,-0.0775582,-0.0236072),(0.0368831,-0.0774368,-0.0234857),(0.0369443,-0.0775145,-0.0235634),(0.0378060,-0.0775661,-0.0236150),(0.0376966,-0.0775582,-0.0236072),(0.0369443,-0.0775145,-0.0235634),(0.0378060,-0.0775661,-0.0236150),(0.0369443,-0.0775145,-0.0235634),(0.0370180,-0.0775865,-0.0236354),(0.0378060,-0.0775661,-0.0236150),(0.0370180,-0.0775865,-0.0236354),(0.0371044,-0.0776529,-0.0237018),(0.0379006,-0.0775578,-0.0236067),(0.0378060,-0.0775661,-0.0236150),(0.0371044,-0.0776529,-0.0237018),(0.0379006,-0.0775578,-0.0236067),(0.0371044,-0.0776529,-0.0237018),(0.0371813,-0.0777029,-0.0237518),(0.0379006,-0.0775578,-0.0236067),(0.0371813,-0.0777029,-0.0237518),(0.0372613,-0.0777462,-0.0237951),(0.0380013,-0.0775330,-0.0235819),(0.0379006,-0.0775578,-0.0236067),(0.0372613,-0.0777462,-0.0237951),(0.0380013,-0.0775330,-0.0235819),(0.0372613,-0.0777462,-0.0237951),(0.0373444,-0.0777829,-0.0238318),(0.0380013,-0.0775330,-0.0235819),(0.0373444,-0.0777829,-0.0238318),(0.0374306,-0.0778129,-0.0238618),(0.0381081,-0.0774916,-0.0235405),(0.0380013,-0.0775330,-0.0235819),(0.0374306,-0.0778129,-0.0238618),(0.0381081,-0.0774916,-0.0235405),(0.0374306,-0.0778129,-0.0238618),(0.0375198,-0.0778362,-0.0238851),(0.0382209,-0.0774336,-0.0234826),(0.0381081,-0.0774916,-0.0235405),(0.0375198,-0.0778362,-0.0238851),(0.0382209,-0.0774336,-0.0234826),(0.0375198,-0.0778362,-0.0238851),(0.0376122,-0.0778528,-0.0239018),(0.0382209,-0.0774336,-0.0234826),(0.0376122,-0.0778528,-0.0239018),(0.0377076,-0.0778628,-0.0239118),(0.0383070,-0.0773643,-0.0234132),(0.0382209,-0.0774336,-0.0234826),(0.0377076,-0.0778628,-0.0239118),(0.0383070,-0.0773643,-0.0234132),(0.0377076,-0.0778628,-0.0239118),(0.0378060,-0.0778662,-0.0239151),(0.0383070,-0.0773643,-0.0234132),(0.0378060,-0.0778662,-0.0239151),(0.0378909,-0.0778630,-0.0239119),(0.0383070,-0.0773643,-0.0234132),(0.0378909,-0.0778630,-0.0239119),(0.0379762,-0.0778534,-0.0239023),(0.0383685,-0.0772739,-0.0233228),(0.0383070,-0.0773643,-0.0234132),(0.0379762,-0.0778534,-0.0239023),(0.0383685,-0.0772739,-0.0233228),(0.0379762,-0.0778534,-0.0239023),(0.0380618,-0.0778373,-0.0238863),(0.0383685,-0.0772739,-0.0233228),(0.0380618,-0.0778373,-0.0238863),(0.0381479,-0.0778149,-0.0238638),(0.0383685,-0.0772739,-0.0233228),(0.0381479,-0.0778149,-0.0238638),(0.0382343,-0.0777861,-0.0238350),(0.0383901,-0.0772207,-0.0232696),(0.0383685,-0.0772739,-0.0233228),(0.0382343,-0.0777861,-0.0238350),(0.0383901,-0.0772207,-0.0232696),(0.0382343,-0.0777861,-0.0238350),(0.0383212,-0.0777508,-0.0237998),(0.0384054,-0.0771623,-0.0232112),(0.0383901,-0.0772207,-0.0232696),(0.0383212,-0.0777508,-0.0237998),(0.0384147,-0.0770985,-0.0231475),(0.0384054,-0.0771623,-0.0232112),(0.0383212,-0.0777508,-0.0237998),(0.0384147,-0.0770985,-0.0231475),(0.0383212,-0.0777508,-0.0237998),(0.0384084,-0.0777092,-0.0237581),(0.0384177,-0.0770295,-0.0230784),(0.0384147,-0.0770985,-0.0231475),(0.0384084,-0.0777092,-0.0237581),(0.0384177,-0.0770295,-0.0230784),(0.0384084,-0.0777092,-0.0237581),(0.0384961,-0.0776611,-0.0237101),(0.0384177,-0.0767197,-0.0227686),(0.0384177,-0.0770295,-0.0230784),(0.0384961,-0.0776611,-0.0237101),(0.0384177,-0.0767197,-0.0227686),(0.0384961,-0.0776611,-0.0237101),(0.0385779,-0.0776061,-0.0236551),(0.0384177,-0.0767197,-0.0227686),(0.0385779,-0.0776061,-0.0236551),(0.0386489,-0.0775445,-0.0235934),(0.0384177,-0.0767197,-0.0227686),(0.0386489,-0.0775445,-0.0235934),(0.0387089,-0.0774761,-0.0235251),(0.0384177,-0.0767197,-0.0227686),(0.0387089,-0.0774761,-0.0235251),(0.0387580,-0.0774011,-0.0234500),(0.0384177,-0.0767197,-0.0227686),(0.0387580,-0.0774011,-0.0234500),(0.0387962,-0.0773193,-0.0233683),(0.0384177,-0.0767197,-0.0227686),(0.0387962,-0.0773193,-0.0233683),(0.0388235,-0.0772309,-0.0232799),(0.0384177,-0.0767197,-0.0227686),(0.0388235,-0.0772309,-0.0232799),(0.0388399,-0.0771358,-0.0231847),(0.0384177,-0.0767197,-0.0227686),(0.0388399,-0.0771358,-0.0231847),(0.0388453,-0.0770340,-0.0230829),(0.0384177,-0.0767197,-0.0227686),(0.0388453,-0.0770340,-0.0230829),(0.0388453,-0.0761031,-0.0221520),(0.0377015,-0.0768750,-0.0229240),(0.0384177,-0.0767197,-0.0227686),(0.0388453,-0.0761031,-0.0221520),(0.0388453,-0.0761031,-0.0221520),(0.0384495,-0.0761113,-0.0221602),(0.0384340,-0.0761982,-0.0222472),(0.0388453,-0.0761031,-0.0221520),(0.0384340,-0.0761982,-0.0222472),(0.0383876,-0.0762840,-0.0223329),(0.0388453,-0.0761031,-0.0221520),(0.0383876,-0.0762840,-0.0223329),(0.0383102,-0.0763685,-0.0224174),(0.0377015,-0.0768750,-0.0229240),(0.0388453,-0.0761031,-0.0221520),(0.0383102,-0.0763685,-0.0224174),(0.0377015,-0.0768750,-0.0229240),(0.0383102,-0.0763685,-0.0224174),(0.0382018,-0.0764518,-0.0225007),(0.0377015,-0.0768750,-0.0229240),(0.0382018,-0.0764518,-0.0225007),(0.0381063,-0.0765074,-0.0225564),(0.0377015,-0.0768750,-0.0229240),(0.0381063,-0.0765074,-0.0225564),(0.0380071,-0.0765472,-0.0225961),(0.0377015,-0.0768750,-0.0229240),(0.0380071,-0.0765472,-0.0225961),(0.0379042,-0.0765711,-0.0226200),(0.0377015,-0.0768750,-0.0229240),(0.0379042,-0.0765711,-0.0226200),(0.0377976,-0.0765790,-0.0226279),(0.0377015,-0.0768750,-0.0229240),(0.0377976,-0.0765790,-0.0226279),(0.0376914,-0.0765711,-0.0226200),(0.0377015,-0.0768750,-0.0229240),(0.0376914,-0.0765711,-0.0226200),(0.0375888,-0.0765472,-0.0225961),(0.0377015,-0.0768750,-0.0229240),(0.0375888,-0.0765472,-0.0225961),(0.0374898,-0.0765074,-0.0225564),(0.0377015,-0.0768750,-0.0229240),(0.0374898,-0.0765074,-0.0225564),(0.0373943,-0.0764518,-0.0225007),(0.0377015,-0.0768750,-0.0229240),(0.0373943,-0.0764518,-0.0225007),(0.0373064,-0.0763607,-0.0224096),(0.0367700,-0.0757472,-0.0217961),(0.0377015,-0.0768750,-0.0229240),(0.0373064,-0.0763607,-0.0224096),(0.0367700,-0.0757472,-0.0217961),(0.0373064,-0.0763607,-0.0224096),(0.0372718,-0.0762998,-0.0223488),(0.0367700,-0.0757472,-0.0217961),(0.0372718,-0.0762998,-0.0223488),(0.0372435,-0.0762288,-0.0222777),(0.0367700,-0.0757472,-0.0217961),(0.0372435,-0.0762288,-0.0222777),(0.0372215,-0.0761475,-0.0221965),(0.0367700,-0.0757472,-0.0217961),(0.0372215,-0.0761475,-0.0221965),(0.0372058,-0.0760561,-0.0221050),(0.0367700,-0.0757472,-0.0217961),(0.0372058,-0.0760561,-0.0221050),(0.0371964,-0.0759545,-0.0220034),(0.0367700,-0.0757472,-0.0217961),(0.0371964,-0.0759545,-0.0220034),(0.0371933,-0.0758426,-0.0218916),(0.0367700,-0.0757472,-0.0217961),(0.0371933,-0.0758426,-0.0218916),(0.0371966,-0.0757780,-0.0218269),(0.0367700,-0.0757472,-0.0217961),(0.0371966,-0.0757780,-0.0218269),(0.0372067,-0.0757169,-0.0217658),(0.0367700,-0.0757472,-0.0217961),(0.0372067,-0.0757169,-0.0217658),(0.0372235,-0.0756594,-0.0217083),(0.0367700,-0.0757472,-0.0217961),(0.0372235,-0.0756594,-0.0217083),(0.0372470,-0.0756054,-0.0216543),(0.0367700,-0.0757472,-0.0217961),(0.0372470,-0.0756054,-0.0216543),(0.0373141,-0.0755081,-0.0215570),(0.0367700,-0.0757472,-0.0217961),(0.0373141,-0.0755081,-0.0215570),(0.0374081,-0.0754250,-0.0214740),(0.0367700,-0.0757472,-0.0217961),(0.0374081,-0.0754250,-0.0214740),(0.0374994,-0.0753700,-0.0214190),(0.0384486,-0.0760468,-0.0220957),(0.0384495,-0.0761113,-0.0221602),(0.0388453,-0.0761031,-0.0221520),(0.0384458,-0.0759852,-0.0220341),(0.0384486,-0.0760468,-0.0220957),(0.0388453,-0.0761031,-0.0221520),(0.0384346,-0.0758706,-0.0219196),(0.0384458,-0.0759852,-0.0220341),(0.0388453,-0.0761031,-0.0221520),(0.0384160,-0.0757677,-0.0218166),(0.0384346,-0.0758706,-0.0219196),(0.0388453,-0.0761031,-0.0221520),(0.0383900,-0.0756763,-0.0217252),(0.0384160,-0.0757677,-0.0218166),(0.0388453,-0.0761031,-0.0221520),(0.0383565,-0.0755965,-0.0216454),(0.0383900,-0.0756763,-0.0217252),(0.0388453,-0.0761031,-0.0221520),(0.0383156,-0.0755283,-0.0215772),(0.0383565,-0.0755965,-0.0216454),(0.0388453,-0.0761031,-0.0221520),(0.0382672,-0.0754716,-0.0215206),(0.0383156,-0.0755283,-0.0215772),(0.0388453,-0.0761031,-0.0221520),(0.0382672,-0.0754716,-0.0215206),(0.0388453,-0.0761031,-0.0221520),(0.0388440,-0.0760214,-0.0220704),(0.0382672,-0.0754716,-0.0215206),(0.0388440,-0.0760214,-0.0220704),(0.0388400,-0.0759432,-0.0219922),(0.0382672,-0.0754716,-0.0215206),(0.0388400,-0.0759432,-0.0219922),(0.0388333,-0.0758685,-0.0219174),(0.0382114,-0.0754265,-0.0214755),(0.0382672,-0.0754716,-0.0215206),(0.0388333,-0.0758685,-0.0219174),(0.0382114,-0.0754265,-0.0214755),(0.0388333,-0.0758685,-0.0219174),(0.0388239,-0.0757971,-0.0218460),(0.0382114,-0.0754265,-0.0214755),(0.0388239,-0.0757971,-0.0218460),(0.0388119,-0.0757292,-0.0217781),(0.0381147,-0.0753709,-0.0214198),(0.0382114,-0.0754265,-0.0214755),(0.0388119,-0.0757292,-0.0217781),(0.0381147,-0.0753709,-0.0214198),(0.0388119,-0.0757292,-0.0217781),(0.0387972,-0.0756647,-0.0217137),(0.0381147,-0.0753709,-0.0214198),(0.0387972,-0.0756647,-0.0217137),(0.0387799,-0.0756037,-0.0216526),(0.0380143,-0.0753311,-0.0213801),(0.0381147,-0.0753709,-0.0214198),(0.0387799,-0.0756037,-0.0216526),(0.0380143,-0.0753311,-0.0213801),(0.0387799,-0.0756037,-0.0216526),(0.0387599,-0.0755461,-0.0215950),(0.0380143,-0.0753311,-0.0213801),(0.0387599,-0.0755461,-0.0215950),(0.0387372,-0.0754919,-0.0215408),(0.0379099,-0.0753073,-0.0213562),(0.0380143,-0.0753311,-0.0213801),(0.0387372,-0.0754919,-0.0215408),(0.0379099,-0.0753073,-0.0213562),(0.0387372,-0.0754919,-0.0215408),(0.0387118,-0.0754412,-0.0214901),(0.0379099,-0.0753073,-0.0213562),(0.0387118,-0.0754412,-0.0214901),(0.0386530,-0.0753500,-0.0213989),(0.0378018,-0.0752993,-0.0213483),(0.0379099,-0.0753073,-0.0213562),(0.0386530,-0.0753500,-0.0213989),(0.0378018,-0.0752993,-0.0213483),(0.0386530,-0.0753500,-0.0213989),(0.0385836,-0.0752725,-0.0213214),(0.0378018,-0.0752993,-0.0213483),(0.0385836,-0.0752725,-0.0213214),(0.0385035,-0.0752088,-0.0212577),(0.0376962,-0.0753072,-0.0213561),(0.0378018,-0.0752993,-0.0213483),(0.0385035,-0.0752088,-0.0212577),(0.0376962,-0.0753072,-0.0213561),(0.0385035,-0.0752088,-0.0212577),(0.0384239,-0.0751593,-0.0212082),(0.0376962,-0.0753072,-0.0213561),(0.0384239,-0.0751593,-0.0212082),(0.0383417,-0.0751164,-0.0211654),(0.0375954,-0.0753308,-0.0213797),(0.0376962,-0.0753072,-0.0213561),(0.0383417,-0.0751164,-0.0211654),(0.0375954,-0.0753308,-0.0213797),(0.0383417,-0.0751164,-0.0211654),(0.0382569,-0.0750802,-0.0211291),(0.0375954,-0.0753308,-0.0213797),(0.0382569,-0.0750802,-0.0211291),(0.0381696,-0.0750505,-0.0210994),(0.0374994,-0.0753700,-0.0214190),(0.0375954,-0.0753308,-0.0213797),(0.0381696,-0.0750505,-0.0210994),(0.0374994,-0.0753700,-0.0214190),(0.0381696,-0.0750505,-0.0210994),(0.0380796,-0.0750274,-0.0210763),(0.0367700,-0.0757472,-0.0217961),(0.0374994,-0.0753700,-0.0214190),(0.0380796,-0.0750274,-0.0210763),(0.0367700,-0.0757472,-0.0217961),(0.0380796,-0.0750274,-0.0210763),(0.0379871,-0.0750109,-0.0210599),(0.0367700,-0.0757472,-0.0217961),(0.0379871,-0.0750109,-0.0210599),(0.0378921,-0.0750010,-0.0210500),(0.0367700,-0.0757472,-0.0217961),(0.0378921,-0.0750010,-0.0210500),(0.0377944,-0.0749977,-0.0210467),(0.0367700,-0.0757472,-0.0217961),(0.0377944,-0.0749977,-0.0210467),(0.0376992,-0.0750011,-0.0210500),(0.0367700,-0.0757472,-0.0217961),(0.0376992,-0.0750011,-0.0210500),(0.0376066,-0.0750112,-0.0210601),(0.0367700,-0.0757472,-0.0217961),(0.0376066,-0.0750112,-0.0210601),(0.0375167,-0.0750279,-0.0210769),(0.0367700,-0.0757472,-0.0217961),(0.0375167,-0.0750279,-0.0210769),(0.0374295,-0.0750514,-0.0211004),(0.0367700,-0.0757472,-0.0217961),(0.0374295,-0.0750514,-0.0211004),(0.0373450,-0.0750816,-0.0211306),(0.0367700,-0.0757472,-0.0217961),(0.0373450,-0.0750816,-0.0211306),(0.0372632,-0.0751185,-0.0211675),(0.0367700,-0.0757472,-0.0217961),(0.0372632,-0.0751185,-0.0211675),(0.0371840,-0.0751622,-0.0212111),(0.0367700,-0.0757472,-0.0217961),(0.0371840,-0.0751622,-0.0212111),(0.0371075,-0.0752125,-0.0212614),(0.0367700,-0.0757472,-0.0217961),(0.0371075,-0.0752125,-0.0212614),(0.0370272,-0.0752746,-0.0213235),(0.0367700,-0.0757472,-0.0217961),(0.0370272,-0.0752746,-0.0213235),(0.0369575,-0.0753414,-0.0213903),(0.0367700,-0.0757472,-0.0217961),(0.0369575,-0.0753414,-0.0213903),(0.0368986,-0.0754130,-0.0214620),(0.0367700,-0.0757472,-0.0217961),(0.0368986,-0.0754130,-0.0214620),(0.0368504,-0.0754894,-0.0215383),(0.0367700,-0.0757472,-0.0217961),(0.0368504,-0.0754894,-0.0215383),(0.0368129,-0.0755706,-0.0216195),(0.0367700,-0.0757472,-0.0217961),(0.0368129,-0.0755706,-0.0216195),(0.0367861,-0.0756565,-0.0217054),(0.0346681,-0.0761779,-0.0222268),(0.0335314,-0.0750636,-0.0211125),(0.0334690,-0.0750241,-0.0210730),(0.0346681,-0.0761779,-0.0222268),(0.0334690,-0.0750241,-0.0210730),(0.0333896,-0.0750045,-0.0210534),(0.0346681,-0.0761779,-0.0222268),(0.0333896,-0.0750045,-0.0210534),(0.0333557,-0.0750007,-0.0210497),(0.0346681,-0.0761779,-0.0222268),(0.0333557,-0.0750007,-0.0210497),(0.0332351,-0.0750307,-0.0210796),(0.0346681,-0.0761779,-0.0222268),(0.0332351,-0.0750307,-0.0210796),(0.0331753,-0.0750754,-0.0211243),(0.0346681,-0.0761779,-0.0222268),(0.0331753,-0.0750754,-0.0211243),(0.0331441,-0.0751287,-0.0211776),(0.0346681,-0.0761779,-0.0222268),(0.0331441,-0.0751287,-0.0211776),(0.0331420,-0.0751534,-0.0212023),(0.0346681,-0.0761779,-0.0222268),(0.0331420,-0.0751534,-0.0212023),(0.0331843,-0.0752387,-0.0212876),(0.0346681,-0.0761779,-0.0222268),(0.0331843,-0.0752387,-0.0212876),(0.0344035,-0.0764331,-0.0224820),(0.0346681,-0.0761779,-0.0222268),(0.0344035,-0.0764331,-0.0224820),(0.0331843,-0.0776282,-0.0236771),(0.0346681,-0.0761779,-0.0222268),(0.0331843,-0.0776282,-0.0236771),(0.0331420,-0.0777135,-0.0237624),(0.0358047,-0.0750636,-0.0211125),(0.0346681,-0.0761779,-0.0222268),(0.0331420,-0.0777135,-0.0237624),(0.0358047,-0.0750636,-0.0211125),(0.0331420,-0.0777135,-0.0237624),(0.0331441,-0.0777382,-0.0237871),(0.0358047,-0.0750636,-0.0211125),(0.0331441,-0.0777382,-0.0237871),(0.0331740,-0.0777949,-0.0238438),(0.0358047,-0.0750636,-0.0211125),(0.0331740,-0.0777949,-0.0238438),(0.0332298,-0.0778377,-0.0238867),(0.0358047,-0.0750636,-0.0211125),(0.0332298,-0.0778377,-0.0238867),(0.0333557,-0.0778662,-0.0239151),(0.0358047,-0.0750636,-0.0211125),(0.0333557,-0.0778662,-0.0239151),(0.0333896,-0.0778639,-0.0239129),(0.0358047,-0.0750636,-0.0211125),(0.0333896,-0.0778639,-0.0239129),(0.0334685,-0.0778439,-0.0238928),(0.0358047,-0.0750636,-0.0211125),(0.0334685,-0.0778439,-0.0238928),(0.0335293,-0.0778033,-0.0238522),(0.0358047,-0.0750636,-0.0211125),(0.0335293,-0.0778033,-0.0238522),(0.0346681,-0.0766920,-0.0227409),(0.0346681,-0.0766920,-0.0227409),(0.0358047,-0.0778033,-0.0238522),(0.0358672,-0.0778439,-0.0238928),(0.0346681,-0.0766920,-0.0227409),(0.0358672,-0.0778439,-0.0238928),(0.0359487,-0.0778639,-0.0239129),(0.0346681,-0.0766920,-0.0227409),(0.0359487,-0.0778639,-0.0239129),(0.0359825,-0.0778662,-0.0239151),(0.0346681,-0.0766920,-0.0227409),(0.0359825,-0.0778662,-0.0239151),(0.0361074,-0.0778377,-0.0238867),(0.0346681,-0.0766920,-0.0227409),(0.0361074,-0.0778377,-0.0238867),(0.0361627,-0.0777949,-0.0238438),(0.0346681,-0.0766920,-0.0227409),(0.0361627,-0.0777949,-0.0238438),(0.0361889,-0.0777382,-0.0237871),(0.0346681,-0.0766920,-0.0227409),(0.0361889,-0.0777382,-0.0237871),(0.0361910,-0.0777135,-0.0237624),(0.0346681,-0.0766920,-0.0227409),(0.0361910,-0.0777135,-0.0237624),(0.0361519,-0.0776282,-0.0236771),(0.0346681,-0.0766920,-0.0227409),(0.0361519,-0.0776282,-0.0236771),(0.0349316,-0.0764331,-0.0224820),(0.0358047,-0.0750636,-0.0211125),(0.0346681,-0.0766920,-0.0227409),(0.0349316,-0.0764331,-0.0224820),(0.0358047,-0.0750636,-0.0211125),(0.0349316,-0.0764331,-0.0224820),(0.0361519,-0.0752387,-0.0212876),(0.0358047,-0.0750636,-0.0211125),(0.0361519,-0.0752387,-0.0212876),(0.0361963,-0.0751534,-0.0212023),(0.0358047,-0.0750636,-0.0211125),(0.0361963,-0.0751534,-0.0212023),(0.0361910,-0.0751287,-0.0211776),(0.0358047,-0.0750636,-0.0211125),(0.0361910,-0.0751287,-0.0211776),(0.0361622,-0.0750754,-0.0211243),(0.0358047,-0.0750636,-0.0211125),(0.0361622,-0.0750754,-0.0211243),(0.0361032,-0.0750307,-0.0210796),(0.0358047,-0.0750636,-0.0211125),(0.0361032,-0.0750307,-0.0210796),(0.0359825,-0.0750007,-0.0210497),(0.0358047,-0.0750636,-0.0211125),(0.0359825,-0.0750007,-0.0210497),(0.0359487,-0.0750045,-0.0210534),(0.0358047,-0.0750636,-0.0211125),(0.0359487,-0.0750045,-0.0210534),(0.0358672,-0.0750241,-0.0210730),(0.0426179,-0.0746842,-0.0207331),(0.0425484,-0.0747291,-0.0207780),(0.0424852,-0.0747782,-0.0208271),(0.0426179,-0.0746842,-0.0207331),(0.0424852,-0.0747782,-0.0208271),(0.0424304,-0.0748298,-0.0208788),(0.0426179,-0.0746842,-0.0207331),(0.0424304,-0.0748298,-0.0208788),(0.0423840,-0.0748839,-0.0209328),(0.0426179,-0.0746842,-0.0207331),(0.0423840,-0.0748839,-0.0209328),(0.0423460,-0.0749405,-0.0209894),(0.0426179,-0.0746842,-0.0207331),(0.0423460,-0.0749405,-0.0209894),(0.0423165,-0.0749995,-0.0210485),(0.0426179,-0.0746842,-0.0207331),(0.0423165,-0.0749995,-0.0210485),(0.0422954,-0.0750611,-0.0211100),(0.0426179,-0.0746842,-0.0207331),(0.0422954,-0.0750611,-0.0211100),(0.0422828,-0.0751251,-0.0211740),(0.0426179,-0.0746842,-0.0207331),(0.0422828,-0.0751251,-0.0211740),(0.0422785,-0.0751916,-0.0212405),(0.0426179,-0.0746842,-0.0207331),(0.0422785,-0.0751916,-0.0212405),(0.0422828,-0.0752580,-0.0213070),(0.0426179,-0.0746842,-0.0207331),(0.0422828,-0.0752580,-0.0213070),(0.0422954,-0.0753221,-0.0213710),(0.0426179,-0.0746842,-0.0207331),(0.0422954,-0.0753221,-0.0213710),(0.0423165,-0.0753836,-0.0214325),(0.0426179,-0.0746842,-0.0207331),(0.0423165,-0.0753836,-0.0214325),(0.0423460,-0.0754426,-0.0214916),(0.0426179,-0.0746842,-0.0207331),(0.0423460,-0.0754426,-0.0214916),(0.0423840,-0.0754992,-0.0215481),(0.0426179,-0.0746842,-0.0207331),(0.0423840,-0.0754992,-0.0215481),(0.0424304,-0.0755533,-0.0216022),(0.0426179,-0.0746842,-0.0207331),(0.0424304,-0.0755533,-0.0216022),(0.0424852,-0.0756049,-0.0216538),(0.0426179,-0.0746842,-0.0207331),(0.0424852,-0.0756049,-0.0216538),(0.0425484,-0.0756540,-0.0217030),(0.0425484,-0.0756540,-0.0217030),(0.0428543,-0.0754385,-0.0214874),(0.0427918,-0.0753850,-0.0214339),(0.0425484,-0.0756540,-0.0217030),(0.0427918,-0.0753850,-0.0214339),(0.0427471,-0.0753261,-0.0213750),(0.0425484,-0.0756540,-0.0217030),(0.0427471,-0.0753261,-0.0213750),(0.0427203,-0.0752619,-0.0213108),(0.0426179,-0.0746842,-0.0207331),(0.0425484,-0.0756540,-0.0217030),(0.0427203,-0.0752619,-0.0213108),(0.0426179,-0.0746842,-0.0207331),(0.0427203,-0.0752619,-0.0213108),(0.0427114,-0.0751923,-0.0212412),(0.0426179,-0.0746842,-0.0207331),(0.0427114,-0.0751923,-0.0212412),(0.0427203,-0.0751224,-0.0211714),(0.0426179,-0.0746842,-0.0207331),(0.0427203,-0.0751224,-0.0211714),(0.0427471,-0.0750580,-0.0211069),(0.0426179,-0.0746842,-0.0207331),(0.0427471,-0.0750580,-0.0211069),(0.0427918,-0.0749990,-0.0210479),(0.0426179,-0.0746842,-0.0207331),(0.0427918,-0.0749990,-0.0210479),(0.0428543,-0.0749453,-0.0209943),(0.0426179,-0.0746842,-0.0207331),(0.0428543,-0.0749453,-0.0209943),(0.0429300,-0.0749008,-0.0209498),(0.0426179,-0.0746842,-0.0207331),(0.0429300,-0.0749008,-0.0209498),(0.0430133,-0.0748690,-0.0209179),(0.0426179,-0.0746842,-0.0207331),(0.0430133,-0.0748690,-0.0209179),(0.0431041,-0.0748499,-0.0208989),(0.0426179,-0.0746842,-0.0207331),(0.0431041,-0.0748499,-0.0208989),(0.0432025,-0.0748436,-0.0208925),(0.0426179,-0.0746842,-0.0207331),(0.0432025,-0.0748436,-0.0208925),(0.0433012,-0.0748499,-0.0208989),(0.0426179,-0.0746842,-0.0207331),(0.0433012,-0.0748499,-0.0208989),(0.0433922,-0.0748690,-0.0209179),(0.0429300,-0.0754827,-0.0215316),(0.0428543,-0.0754385,-0.0214874),(0.0425484,-0.0756540,-0.0217030),(0.0430133,-0.0755143,-0.0215632),(0.0429300,-0.0754827,-0.0215316),(0.0425484,-0.0756540,-0.0217030),(0.0431041,-0.0755332,-0.0215822),(0.0430133,-0.0755143,-0.0215632),(0.0425484,-0.0756540,-0.0217030),(0.0432025,-0.0755395,-0.0215885),(0.0431041,-0.0755332,-0.0215822),(0.0425484,-0.0756540,-0.0217030),(0.0433012,-0.0755332,-0.0215822),(0.0432025,-0.0755395,-0.0215885),(0.0425484,-0.0756540,-0.0217030),(0.0433012,-0.0755332,-0.0215822),(0.0425484,-0.0756540,-0.0217030),(0.0426179,-0.0756989,-0.0217479),(0.0433922,-0.0755143,-0.0215632),(0.0433012,-0.0755332,-0.0215822),(0.0426179,-0.0756989,-0.0217479),(0.0433922,-0.0755143,-0.0215632),(0.0426179,-0.0756989,-0.0217479),(0.0426909,-0.0757379,-0.0217868),(0.0433922,-0.0755143,-0.0215632),(0.0426909,-0.0757379,-0.0217868),(0.0427674,-0.0757708,-0.0218197),(0.0434753,-0.0754827,-0.0215316),(0.0433922,-0.0755143,-0.0215632),(0.0427674,-0.0757708,-0.0218197),(0.0434753,-0.0754827,-0.0215316),(0.0427674,-0.0757708,-0.0218197),(0.0428474,-0.0757977,-0.0218467),(0.0434753,-0.0754827,-0.0215316),(0.0428474,-0.0757977,-0.0218467),(0.0429309,-0.0758187,-0.0218676),(0.0435507,-0.0754385,-0.0214874),(0.0434753,-0.0754827,-0.0215316),(0.0429309,-0.0758187,-0.0218676),(0.0435507,-0.0754385,-0.0214874),(0.0429309,-0.0758187,-0.0218676),(0.0430179,-0.0758336,-0.0218826),(0.0435507,-0.0754385,-0.0214874),(0.0430179,-0.0758336,-0.0218826),(0.0431084,-0.0758426,-0.0218916),(0.0436136,-0.0753850,-0.0214339),(0.0435507,-0.0754385,-0.0214874),(0.0431084,-0.0758426,-0.0218916),(0.0436136,-0.0753850,-0.0214339),(0.0431084,-0.0758426,-0.0218916),(0.0432025,-0.0758456,-0.0218946),(0.0436136,-0.0753850,-0.0214339),(0.0432025,-0.0758456,-0.0218946),(0.0432967,-0.0758426,-0.0218916),(0.0436586,-0.0753261,-0.0213750),(0.0436136,-0.0753850,-0.0214339),(0.0432967,-0.0758426,-0.0218916),(0.0436586,-0.0753261,-0.0213750),(0.0432967,-0.0758426,-0.0218916),(0.0433874,-0.0758336,-0.0218826),(0.0436586,-0.0753261,-0.0213750),(0.0433874,-0.0758336,-0.0218826),(0.0434745,-0.0758187,-0.0218676),(0.0436856,-0.0752619,-0.0213108),(0.0436586,-0.0753261,-0.0213750),(0.0434745,-0.0758187,-0.0218676),(0.0436856,-0.0752619,-0.0213108),(0.0434745,-0.0758187,-0.0218676),(0.0435581,-0.0757977,-0.0218467),(0.0436856,-0.0752619,-0.0213108),(0.0435581,-0.0757977,-0.0218467),(0.0436380,-0.0757708,-0.0218197),(0.0436946,-0.0751923,-0.0212412),(0.0436856,-0.0752619,-0.0213108),(0.0436380,-0.0757708,-0.0218197),(0.0436946,-0.0751923,-0.0212412),(0.0436380,-0.0757708,-0.0218197),(0.0437144,-0.0757379,-0.0217868),(0.0436946,-0.0751923,-0.0212412),(0.0437144,-0.0757379,-0.0217868),(0.0437873,-0.0756989,-0.0217479),(0.0436856,-0.0751224,-0.0211714),(0.0436946,-0.0751923,-0.0212412),(0.0437873,-0.0756989,-0.0217479),(0.0436856,-0.0751224,-0.0211714),(0.0437873,-0.0756989,-0.0217479),(0.0438565,-0.0756540,-0.0217030),(0.0436856,-0.0751224,-0.0211714),(0.0438565,-0.0756540,-0.0217030),(0.0439200,-0.0756049,-0.0216538),(0.0436586,-0.0750580,-0.0211069),(0.0436856,-0.0751224,-0.0211714),(0.0439200,-0.0756049,-0.0216538),(0.0436586,-0.0750580,-0.0211069),(0.0439200,-0.0756049,-0.0216538),(0.0439751,-0.0755533,-0.0216022),(0.0436586,-0.0750580,-0.0211069),(0.0439751,-0.0755533,-0.0216022),(0.0440216,-0.0754992,-0.0215481),(0.0436136,-0.0749990,-0.0210479),(0.0436586,-0.0750580,-0.0211069),(0.0440216,-0.0754992,-0.0215481),(0.0436136,-0.0749990,-0.0210479),(0.0440216,-0.0754992,-0.0215481),(0.0440597,-0.0754426,-0.0214916),(0.0436136,-0.0749990,-0.0210479),(0.0440597,-0.0754426,-0.0214916),(0.0440894,-0.0753836,-0.0214325),(0.0435507,-0.0749453,-0.0209943),(0.0436136,-0.0749990,-0.0210479),(0.0440894,-0.0753836,-0.0214325),(0.0435507,-0.0749453,-0.0209943),(0.0440894,-0.0753836,-0.0214325),(0.0441105,-0.0753221,-0.0213710),(0.0435507,-0.0749453,-0.0209943),(0.0441105,-0.0753221,-0.0213710),(0.0441232,-0.0752580,-0.0213070),(0.0434753,-0.0749008,-0.0209498),(0.0435507,-0.0749453,-0.0209943),(0.0441232,-0.0752580,-0.0213070),(0.0434753,-0.0749008,-0.0209498),(0.0441232,-0.0752580,-0.0213070),(0.0441275,-0.0751916,-0.0212405),(0.0434753,-0.0749008,-0.0209498),(0.0441275,-0.0751916,-0.0212405),(0.0441232,-0.0751251,-0.0211740),(0.0433922,-0.0748690,-0.0209179),(0.0434753,-0.0749008,-0.0209498),(0.0441232,-0.0751251,-0.0211740),(0.0433922,-0.0748690,-0.0209179),(0.0441232,-0.0751251,-0.0211740),(0.0441105,-0.0750611,-0.0211100),(0.0433922,-0.0748690,-0.0209179),(0.0441105,-0.0750611,-0.0211100),(0.0440894,-0.0749995,-0.0210485),(0.0426179,-0.0746842,-0.0207331),(0.0433922,-0.0748690,-0.0209179),(0.0440894,-0.0749995,-0.0210485),(0.0426179,-0.0746842,-0.0207331),(0.0440894,-0.0749995,-0.0210485),(0.0440597,-0.0749405,-0.0209894),(0.0426179,-0.0746842,-0.0207331),(0.0440597,-0.0749405,-0.0209894),(0.0440216,-0.0748839,-0.0209328),(0.0426179,-0.0746842,-0.0207331),(0.0440216,-0.0748839,-0.0209328),(0.0439751,-0.0748298,-0.0208788),(0.0426179,-0.0746842,-0.0207331),(0.0439751,-0.0748298,-0.0208788),(0.0439200,-0.0747782,-0.0208271),(0.0426179,-0.0746842,-0.0207331),(0.0439200,-0.0747782,-0.0208271),(0.0438565,-0.0747291,-0.0207780),(0.0426179,-0.0746842,-0.0207331),(0.0438565,-0.0747291,-0.0207780),(0.0437873,-0.0746842,-0.0207331),(0.0426179,-0.0746842,-0.0207331),(0.0437873,-0.0746842,-0.0207331),(0.0437144,-0.0746453,-0.0206942),(0.0426179,-0.0746842,-0.0207331),(0.0437144,-0.0746453,-0.0206942),(0.0436380,-0.0746123,-0.0206613),(0.0426179,-0.0746842,-0.0207331),(0.0436380,-0.0746123,-0.0206613),(0.0435581,-0.0745854,-0.0206343),(0.0426179,-0.0746842,-0.0207331),(0.0435581,-0.0745854,-0.0206343),(0.0434745,-0.0745644,-0.0206134),(0.0426179,-0.0746842,-0.0207331),(0.0434745,-0.0745644,-0.0206134),(0.0433874,-0.0745495,-0.0205984),(0.0426179,-0.0746842,-0.0207331),(0.0433874,-0.0745495,-0.0205984),(0.0432967,-0.0745405,-0.0205894),(0.0426179,-0.0746842,-0.0207331),(0.0432967,-0.0745405,-0.0205894),(0.0432025,-0.0745375,-0.0205864),(0.0426179,-0.0746842,-0.0207331),(0.0432025,-0.0745375,-0.0205864),(0.0431084,-0.0745405,-0.0205894),(0.0426179,-0.0746842,-0.0207331),(0.0431084,-0.0745405,-0.0205894),(0.0430179,-0.0745495,-0.0205984),(0.0426179,-0.0746842,-0.0207331),(0.0430179,-0.0745495,-0.0205984),(0.0429309,-0.0745644,-0.0206134),(0.0426179,-0.0746842,-0.0207331),(0.0429309,-0.0745644,-0.0206134),(0.0428474,-0.0745854,-0.0206343),(0.0426179,-0.0746842,-0.0207331),(0.0428474,-0.0745854,-0.0206343),(0.0427674,-0.0746123,-0.0206613),(0.0426179,-0.0746842,-0.0207331),(0.0427674,-0.0746123,-0.0206613),(0.0426909,-0.0746453,-0.0206942),(0.0131345,-0.0715535,-0.0176024),(0.0132316,-0.0715823,-0.0176312),(0.0133296,-0.0716072,-0.0176561),(0.0131345,-0.0715535,-0.0176024),(0.0133296,-0.0716072,-0.0176561),(0.0134285,-0.0716283,-0.0176772),(0.0131345,-0.0715535,-0.0176024),(0.0134285,-0.0716283,-0.0176772),(0.0135285,-0.0716456,-0.0176945),(0.0131345,-0.0715535,-0.0176024),(0.0135285,-0.0716456,-0.0176945),(0.0136294,-0.0716590,-0.0177079),(0.0131345,-0.0715535,-0.0176024),(0.0136294,-0.0716590,-0.0177079),(0.0137312,-0.0716686,-0.0177175),(0.0131345,-0.0715535,-0.0176024),(0.0137312,-0.0716686,-0.0177175),(0.0138340,-0.0716743,-0.0177232),(0.0131345,-0.0715535,-0.0176024),(0.0138340,-0.0716743,-0.0177232),(0.0139378,-0.0716762,-0.0177252),(0.0131345,-0.0715535,-0.0176024),(0.0139378,-0.0716762,-0.0177252),(0.0140736,-0.0716732,-0.0177221),(0.0131345,-0.0715535,-0.0176024),(0.0140736,-0.0716732,-0.0177221),(0.0142068,-0.0716640,-0.0177130),(0.0131345,-0.0715535,-0.0176024),(0.0142068,-0.0716640,-0.0177130),(0.0143375,-0.0716488,-0.0176977),(0.0131345,-0.0715535,-0.0176024),(0.0143375,-0.0716488,-0.0176977),(0.0144656,-0.0716274,-0.0176763),(0.0131345,-0.0715535,-0.0176024),(0.0144656,-0.0716274,-0.0176763),(0.0145912,-0.0715999,-0.0176489),(0.0131345,-0.0715535,-0.0176024),(0.0145912,-0.0715999,-0.0176489),(0.0147143,-0.0715664,-0.0176153),(0.0131345,-0.0715535,-0.0176024),(0.0147143,-0.0715664,-0.0176153),(0.0148348,-0.0715267,-0.0175756),(0.0131345,-0.0715535,-0.0176024),(0.0148348,-0.0715267,-0.0175756),(0.0149527,-0.0714809,-0.0175298),(0.0131345,-0.0715535,-0.0176024),(0.0149527,-0.0714809,-0.0175298),(0.0150663,-0.0714297,-0.0174787),(0.0131345,-0.0715535,-0.0176024),(0.0150663,-0.0714297,-0.0174787),(0.0151737,-0.0713742,-0.0174231),(0.0131345,-0.0715535,-0.0176024),(0.0151737,-0.0713742,-0.0174231),(0.0152748,-0.0713143,-0.0173632),(0.0131345,-0.0715535,-0.0176024),(0.0152748,-0.0713143,-0.0173632),(0.0153697,-0.0712500,-0.0172990),(0.0131345,-0.0715535,-0.0176024),(0.0153697,-0.0712500,-0.0172990),(0.0154584,-0.0711815,-0.0172304),(0.0154584,-0.0711815,-0.0172304),(0.0155409,-0.0711085,-0.0171574),(0.0156172,-0.0710312,-0.0170802),(0.0154584,-0.0711815,-0.0172304),(0.0156172,-0.0710312,-0.0170802),(0.0156872,-0.0709496,-0.0169985),(0.0154584,-0.0711815,-0.0172304),(0.0156872,-0.0709496,-0.0169985),(0.0157502,-0.0708649,-0.0169138),(0.0154584,-0.0711815,-0.0172304),(0.0157502,-0.0708649,-0.0169138),(0.0158048,-0.0707784,-0.0168274),(0.0154584,-0.0711815,-0.0172304),(0.0158048,-0.0707784,-0.0168274),(0.0158510,-0.0706902,-0.0167392),(0.0154584,-0.0711815,-0.0172304),(0.0158510,-0.0706902,-0.0167392),(0.0158888,-0.0706003,-0.0166492),(0.0154584,-0.0711815,-0.0172304),(0.0158888,-0.0706003,-0.0166492),(0.0159182,-0.0705086,-0.0165575),(0.0154584,-0.0711815,-0.0172304),(0.0159182,-0.0705086,-0.0165575),(0.0159392,-0.0704151,-0.0164640),(0.0154584,-0.0711815,-0.0172304),(0.0159392,-0.0704151,-0.0164640),(0.0159518,-0.0703199,-0.0163688),(0.0154584,-0.0711815,-0.0172304),(0.0159518,-0.0703199,-0.0163688),(0.0159560,-0.0702229,-0.0162719),(0.0154584,-0.0711815,-0.0172304),(0.0159560,-0.0702229,-0.0162719),(0.0159518,-0.0701299,-0.0161788),(0.0154584,-0.0711815,-0.0172304),(0.0159518,-0.0701299,-0.0161788),(0.0159392,-0.0700373,-0.0160863),(0.0154584,-0.0711815,-0.0172304),(0.0159392,-0.0700373,-0.0160863),(0.0159182,-0.0699454,-0.0159943),(0.0154584,-0.0711815,-0.0172304),(0.0159182,-0.0699454,-0.0159943),(0.0158888,-0.0698540,-0.0159029),(0.0154584,-0.0711815,-0.0172304),(0.0158888,-0.0698540,-0.0159029),(0.0158510,-0.0697632,-0.0158121),(0.0154584,-0.0711815,-0.0172304),(0.0158510,-0.0697632,-0.0158121),(0.0158048,-0.0696729,-0.0157218),(0.0158048,-0.0696729,-0.0157218),(0.0154130,-0.0697729,-0.0158219),(0.0154496,-0.0698421,-0.0158911),(0.0158048,-0.0696729,-0.0157218),(0.0154496,-0.0698421,-0.0158911),(0.0154795,-0.0699137,-0.0159626),(0.0158048,-0.0696729,-0.0157218),(0.0154795,-0.0699137,-0.0159626),(0.0155028,-0.0699875,-0.0160364),(0.0158048,-0.0696729,-0.0157218),(0.0155028,-0.0699875,-0.0160364),(0.0155194,-0.0700637,-0.0161126),(0.0158048,-0.0696729,-0.0157218),(0.0155194,-0.0700637,-0.0161126),(0.0155294,-0.0701421,-0.0161911),(0.0158048,-0.0696729,-0.0157218),(0.0155294,-0.0701421,-0.0161911),(0.0155327,-0.0702229,-0.0162719),(0.0158048,-0.0696729,-0.0157218),(0.0155327,-0.0702229,-0.0162719),(0.0155293,-0.0703007,-0.0163497),(0.0154584,-0.0711815,-0.0172304),(0.0158048,-0.0696729,-0.0157218),(0.0155293,-0.0703007,-0.0163497),(0.0154584,-0.0711815,-0.0172304),(0.0155293,-0.0703007,-0.0163497),(0.0155193,-0.0703770,-0.0164259),(0.0154584,-0.0711815,-0.0172304),(0.0155193,-0.0703770,-0.0164259),(0.0155025,-0.0704517,-0.0165006),(0.0154584,-0.0711815,-0.0172304),(0.0155025,-0.0704517,-0.0165006),(0.0154790,-0.0705249,-0.0165738),(0.0154584,-0.0711815,-0.0172304),(0.0154790,-0.0705249,-0.0165738),(0.0154488,-0.0705965,-0.0166455),(0.0154584,-0.0711815,-0.0172304),(0.0154488,-0.0705965,-0.0166455),(0.0154118,-0.0706666,-0.0167155),(0.0154584,-0.0711815,-0.0172304),(0.0154118,-0.0706666,-0.0167155),(0.0153682,-0.0707352,-0.0167841),(0.0154584,-0.0711815,-0.0172304),(0.0153682,-0.0707352,-0.0167841),(0.0153179,-0.0708022,-0.0168511),(0.0154584,-0.0711815,-0.0172304),(0.0153179,-0.0708022,-0.0168511),(0.0152620,-0.0708667,-0.0169156),(0.0154584,-0.0711815,-0.0172304),(0.0152620,-0.0708667,-0.0169156),(0.0152014,-0.0709277,-0.0169766),(0.0154584,-0.0711815,-0.0172304),(0.0152014,-0.0709277,-0.0169766),(0.0151359,-0.0709853,-0.0170342),(0.0154584,-0.0711815,-0.0172304),(0.0151359,-0.0709853,-0.0170342),(0.0150657,-0.0710394,-0.0170883),(0.0154584,-0.0711815,-0.0172304),(0.0150657,-0.0710394,-0.0170883),(0.0149907,-0.0710900,-0.0171390),(0.0154584,-0.0711815,-0.0172304),(0.0149907,-0.0710900,-0.0171390),(0.0149109,-0.0711372,-0.0171862),(0.0154584,-0.0711815,-0.0172304),(0.0149109,-0.0711372,-0.0171862),(0.0148262,-0.0711810,-0.0172299),(0.0154584,-0.0711815,-0.0172304),(0.0148262,-0.0711810,-0.0172299),(0.0147368,-0.0712212,-0.0172702),(0.0154584,-0.0711815,-0.0172304),(0.0147368,-0.0712212,-0.0172702),(0.0146442,-0.0712574,-0.0173063),(0.0154584,-0.0711815,-0.0172304),(0.0146442,-0.0712574,-0.0173063),(0.0145496,-0.0712887,-0.0173376),(0.0154584,-0.0711815,-0.0172304),(0.0145496,-0.0712887,-0.0173376),(0.0144528,-0.0713152,-0.0173641),(0.0154584,-0.0711815,-0.0172304),(0.0144528,-0.0713152,-0.0173641),(0.0143540,-0.0713369,-0.0173858),(0.0131345,-0.0715535,-0.0176024),(0.0154584,-0.0711815,-0.0172304),(0.0143540,-0.0713369,-0.0173858),(0.0131345,-0.0715535,-0.0176024),(0.0143540,-0.0713369,-0.0173858),(0.0142531,-0.0713537,-0.0174026),(0.0131345,-0.0715535,-0.0176024),(0.0142531,-0.0713537,-0.0174026),(0.0141500,-0.0713658,-0.0174147),(0.0131345,-0.0715535,-0.0176024),(0.0141500,-0.0713658,-0.0174147),(0.0140450,-0.0713730,-0.0174219),(0.0131345,-0.0715535,-0.0176024),(0.0140450,-0.0713730,-0.0174219),(0.0139378,-0.0713754,-0.0174243),(0.0131345,-0.0715535,-0.0176024),(0.0139378,-0.0713754,-0.0174243),(0.0137842,-0.0713704,-0.0174193),(0.0131345,-0.0715535,-0.0176024),(0.0137842,-0.0713704,-0.0174193),(0.0136346,-0.0713554,-0.0174043),(0.0131345,-0.0715535,-0.0176024),(0.0136346,-0.0713554,-0.0174043),(0.0134889,-0.0713304,-0.0173793),(0.0131345,-0.0715535,-0.0176024),(0.0134889,-0.0713304,-0.0173793),(0.0133472,-0.0712953,-0.0173443),(0.0131345,-0.0715535,-0.0176024),(0.0133472,-0.0712953,-0.0173443),(0.0149443,-0.0693271,-0.0153761),(0.0125736,-0.0722427,-0.0182917),(0.0131345,-0.0715535,-0.0176024),(0.0149443,-0.0693271,-0.0153761),(0.0153698,-0.0697060,-0.0157550),(0.0154130,-0.0697729,-0.0158219),(0.0158048,-0.0696729,-0.0157218),(0.0153200,-0.0696415,-0.0156904),(0.0153698,-0.0697060,-0.0157550),(0.0158048,-0.0696729,-0.0157218),(0.0152520,-0.0695679,-0.0156169),(0.0153200,-0.0696415,-0.0156904),(0.0158048,-0.0696729,-0.0157218),(0.0151668,-0.0694910,-0.0155400),(0.0152520,-0.0695679,-0.0156169),(0.0158048,-0.0696729,-0.0157218),(0.0151176,-0.0694513,-0.0155003),(0.0151668,-0.0694910,-0.0155400),(0.0158048,-0.0696729,-0.0157218),(0.0150642,-0.0694108,-0.0154597),(0.0151176,-0.0694513,-0.0155003),(0.0158048,-0.0696729,-0.0157218),(0.0150064,-0.0693694,-0.0154183),(0.0150642,-0.0694108,-0.0154597),(0.0158048,-0.0696729,-0.0157218),(0.0149443,-0.0693271,-0.0153761),(0.0150064,-0.0693694,-0.0154183),(0.0158048,-0.0696729,-0.0157218),(0.0149443,-0.0693271,-0.0153761),(0.0158048,-0.0696729,-0.0157218),(0.0157502,-0.0695832,-0.0156321),(0.0149443,-0.0693271,-0.0153761),(0.0157502,-0.0695832,-0.0156321),(0.0156872,-0.0694940,-0.0155430),(0.0149443,-0.0693271,-0.0153761),(0.0156872,-0.0694940,-0.0155430),(0.0156370,-0.0694327,-0.0154816),(0.0149443,-0.0693271,-0.0153761),(0.0156370,-0.0694327,-0.0154816),(0.0155822,-0.0693737,-0.0154227),(0.0149443,-0.0693271,-0.0153761),(0.0155822,-0.0693737,-0.0154227),(0.0155229,-0.0693171,-0.0153660),(0.0149443,-0.0693271,-0.0153761),(0.0155229,-0.0693171,-0.0153660),(0.0154589,-0.0692628,-0.0153117),(0.0149443,-0.0693271,-0.0153761),(0.0154589,-0.0692628,-0.0153117),(0.0153903,-0.0692108,-0.0152598),(0.0149443,-0.0693271,-0.0153761),(0.0153903,-0.0692108,-0.0152598),(0.0153171,-0.0691612,-0.0152101),(0.0149443,-0.0693271,-0.0153761),(0.0153171,-0.0691612,-0.0152101),(0.0152394,-0.0691139,-0.0151628),(0.0149443,-0.0693271,-0.0153761),(0.0152394,-0.0691139,-0.0151628),(0.0151570,-0.0690690,-0.0151179),(0.0149443,-0.0693271,-0.0153761),(0.0151570,-0.0690690,-0.0151179),(0.0156989,-0.0683954,-0.0144444),(0.0125736,-0.0722427,-0.0182917),(0.0149443,-0.0693271,-0.0153761),(0.0156989,-0.0683954,-0.0144444),(0.0125736,-0.0722427,-0.0182917),(0.0156989,-0.0683954,-0.0144444),(0.0157274,-0.0683221,-0.0143710),(0.0125736,-0.0722427,-0.0182917),(0.0157274,-0.0683221,-0.0143710),(0.0157200,-0.0682795,-0.0143284),(0.0125736,-0.0722427,-0.0182917),(0.0157200,-0.0682795,-0.0143284),(0.0156814,-0.0682263,-0.0142753),(0.0125736,-0.0722427,-0.0182917),(0.0156814,-0.0682263,-0.0142753),(0.0156163,-0.0681882,-0.0142371),(0.0125736,-0.0722427,-0.0182917),(0.0156163,-0.0681882,-0.0142371),(0.0155136,-0.0681664,-0.0142154),(0.0125736,-0.0722427,-0.0182917),(0.0155136,-0.0681664,-0.0142154),(0.0154533,-0.0681717,-0.0142206),(0.0125736,-0.0722427,-0.0182917),(0.0154533,-0.0681717,-0.0142206),(0.0153776,-0.0681990,-0.0142479),(0.0125736,-0.0722427,-0.0182917),(0.0153776,-0.0681990,-0.0142479),(0.0153221,-0.0682450,-0.0142940),(0.0125736,-0.0722427,-0.0182917),(0.0153221,-0.0682450,-0.0142940),(0.0147866,-0.0689013,-0.0149503),(0.0147866,-0.0689013,-0.0149503),(0.0146860,-0.0688699,-0.0149189),(0.0145820,-0.0688427,-0.0148917),(0.0147866,-0.0689013,-0.0149503),(0.0145820,-0.0688427,-0.0148917),(0.0144748,-0.0688197,-0.0148686),(0.0147866,-0.0689013,-0.0149503),(0.0144748,-0.0688197,-0.0148686),(0.0143643,-0.0688009,-0.0148498),(0.0147866,-0.0689013,-0.0149503),(0.0143643,-0.0688009,-0.0148498),(0.0142505,-0.0687862,-0.0148351),(0.0147866,-0.0689013,-0.0149503),(0.0142505,-0.0687862,-0.0148351),(0.0141333,-0.0687758,-0.0148247),(0.0147866,-0.0689013,-0.0149503),(0.0141333,-0.0687758,-0.0148247),(0.0140129,-0.0687695,-0.0148184),(0.0147866,-0.0689013,-0.0149503),(0.0140129,-0.0687695,-0.0148184),(0.0138891,-0.0687674,-0.0148163),(0.0147866,-0.0689013,-0.0149503),(0.0138891,-0.0687674,-0.0148163),(0.0137645,-0.0687704,-0.0148194),(0.0147866,-0.0689013,-0.0149503),(0.0137645,-0.0687704,-0.0148194),(0.0136410,-0.0687796,-0.0148286),(0.0147866,-0.0689013,-0.0149503),(0.0136410,-0.0687796,-0.0148286),(0.0135186,-0.0687950,-0.0148439),(0.0147866,-0.0689013,-0.0149503),(0.0135186,-0.0687950,-0.0148439),(0.0133972,-0.0688164,-0.0148653),(0.0147866,-0.0689013,-0.0149503),(0.0133972,-0.0688164,-0.0148653),(0.0132770,-0.0688440,-0.0148929),(0.0147866,-0.0689013,-0.0149503),(0.0132770,-0.0688440,-0.0148929),(0.0131579,-0.0688777,-0.0149266),(0.0147866,-0.0689013,-0.0149503),(0.0131579,-0.0688777,-0.0149266),(0.0130398,-0.0689175,-0.0149664),(0.0147866,-0.0689013,-0.0149503),(0.0130398,-0.0689175,-0.0149664),(0.0129228,-0.0689634,-0.0150124),(0.0147866,-0.0689013,-0.0149503),(0.0129228,-0.0689634,-0.0150124),(0.0128097,-0.0690145,-0.0150634),(0.0147866,-0.0689013,-0.0149503),(0.0128097,-0.0690145,-0.0150634),(0.0127027,-0.0690699,-0.0151188),(0.0147866,-0.0689013,-0.0149503),(0.0127027,-0.0690699,-0.0151188),(0.0126018,-0.0691297,-0.0151787),(0.0147866,-0.0689013,-0.0149503),(0.0126018,-0.0691297,-0.0151787),(0.0125069,-0.0691939,-0.0152429),(0.0147866,-0.0689013,-0.0149503),(0.0125069,-0.0691939,-0.0152429),(0.0124181,-0.0692626,-0.0153115),(0.0124181,-0.0692626,-0.0153115),(0.0123355,-0.0693356,-0.0153845),(0.0122589,-0.0694130,-0.0154619),(0.0124181,-0.0692626,-0.0153115),(0.0122589,-0.0694130,-0.0154619),(0.0121884,-0.0694948,-0.0155437),(0.0124181,-0.0692626,-0.0153115),(0.0121884,-0.0694948,-0.0155437),(0.0121251,-0.0695795,-0.0156284),(0.0124181,-0.0692626,-0.0153115),(0.0121251,-0.0695795,-0.0156284),(0.0120703,-0.0696660,-0.0157149),(0.0124181,-0.0692626,-0.0153115),(0.0120703,-0.0696660,-0.0157149),(0.0120239,-0.0697543,-0.0158033),(0.0124181,-0.0692626,-0.0153115),(0.0120239,-0.0697543,-0.0158033),(0.0119860,-0.0698444,-0.0158934),(0.0124181,-0.0692626,-0.0153115),(0.0119860,-0.0698444,-0.0158934),(0.0119564,-0.0699364,-0.0159853),(0.0124181,-0.0692626,-0.0153115),(0.0119564,-0.0699364,-0.0159853),(0.0119354,-0.0700301,-0.0160790),(0.0124181,-0.0692626,-0.0153115),(0.0119354,-0.0700301,-0.0160790),(0.0119227,-0.0701256,-0.0161745),(0.0124181,-0.0692626,-0.0153115),(0.0119227,-0.0701256,-0.0161745),(0.0119185,-0.0702229,-0.0162719),(0.0124181,-0.0692626,-0.0153115),(0.0119185,-0.0702229,-0.0162719),(0.0119227,-0.0703206,-0.0163695),(0.0124181,-0.0692626,-0.0153115),(0.0119227,-0.0703206,-0.0163695),(0.0119353,-0.0704162,-0.0164652),(0.0124181,-0.0692626,-0.0153115),(0.0119353,-0.0704162,-0.0164652),(0.0119563,-0.0705100,-0.0165589),(0.0124181,-0.0692626,-0.0153115),(0.0119563,-0.0705100,-0.0165589),(0.0119857,-0.0706018,-0.0166507),(0.0124181,-0.0692626,-0.0153115),(0.0119857,-0.0706018,-0.0166507),(0.0120235,-0.0706916,-0.0167406),(0.0124181,-0.0692626,-0.0153115),(0.0120235,-0.0706916,-0.0167406),(0.0120697,-0.0707796,-0.0168285),(0.0124181,-0.0692626,-0.0153115),(0.0120697,-0.0707796,-0.0168285),(0.0121243,-0.0708655,-0.0169145),(0.0124181,-0.0692626,-0.0153115),(0.0121243,-0.0708655,-0.0169145),(0.0121873,-0.0709496,-0.0169985),(0.0121873,-0.0709496,-0.0169985),(0.0125556,-0.0708022,-0.0168511),(0.0125062,-0.0707352,-0.0167841),(0.0121873,-0.0709496,-0.0169985),(0.0125062,-0.0707352,-0.0167841),(0.0124635,-0.0706667,-0.0167156),(0.0121873,-0.0709496,-0.0169985),(0.0124635,-0.0706667,-0.0167156),(0.0124273,-0.0705966,-0.0166456),(0.0121873,-0.0709496,-0.0169985),(0.0124273,-0.0705966,-0.0166456),(0.0123976,-0.0705251,-0.0165740),(0.0121873,-0.0709496,-0.0169985),(0.0123976,-0.0705251,-0.0165740),(0.0123746,-0.0704520,-0.0165009),(0.0121873,-0.0709496,-0.0169985),(0.0123746,-0.0704520,-0.0165009),(0.0123582,-0.0703774,-0.0164263),(0.0121873,-0.0709496,-0.0169985),(0.0123582,-0.0703774,-0.0164263),(0.0123483,-0.0703013,-0.0163502),(0.0121873,-0.0709496,-0.0169985),(0.0123483,-0.0703013,-0.0163502),(0.0123450,-0.0702237,-0.0162726),(0.0121873,-0.0709496,-0.0169985),(0.0123450,-0.0702237,-0.0162726),(0.0123483,-0.0701460,-0.0161950),(0.0124181,-0.0692626,-0.0153115),(0.0121873,-0.0709496,-0.0169985),(0.0123483,-0.0701460,-0.0161950),(0.0124181,-0.0692626,-0.0153115),(0.0123483,-0.0701460,-0.0161950),(0.0123584,-0.0700698,-0.0161188),(0.0124181,-0.0692626,-0.0153115),(0.0123584,-0.0700698,-0.0161188),(0.0123751,-0.0699951,-0.0160441),(0.0124181,-0.0692626,-0.0153115),(0.0123751,-0.0699951,-0.0160441),(0.0123984,-0.0699219,-0.0159708),(0.0124181,-0.0692626,-0.0153115),(0.0123984,-0.0699219,-0.0159708),(0.0124285,-0.0698501,-0.0158991),(0.0124181,-0.0692626,-0.0153115),(0.0124285,-0.0698501,-0.0158991),(0.0124652,-0.0697799,-0.0158288),(0.0124181,-0.0692626,-0.0153115),(0.0124652,-0.0697799,-0.0158288),(0.0125087,-0.0697110,-0.0157600),(0.0124181,-0.0692626,-0.0153115),(0.0125087,-0.0697110,-0.0157600),(0.0125588,-0.0696437,-0.0156926),(0.0124181,-0.0692626,-0.0153115),(0.0125588,-0.0696437,-0.0156926),(0.0126146,-0.0695787,-0.0156276),(0.0124181,-0.0692626,-0.0153115),(0.0126146,-0.0695787,-0.0156276),(0.0126753,-0.0695172,-0.0155662),(0.0124181,-0.0692626,-0.0153115),(0.0126753,-0.0695172,-0.0155662),(0.0127407,-0.0694593,-0.0155083),(0.0124181,-0.0692626,-0.0153115),(0.0127407,-0.0694593,-0.0155083),(0.0128109,-0.0694050,-0.0154539),(0.0124181,-0.0692626,-0.0153115),(0.0128109,-0.0694050,-0.0154539),(0.0128859,-0.0693542,-0.0154031),(0.0124181,-0.0692626,-0.0153115),(0.0128859,-0.0693542,-0.0154031),(0.0129658,-0.0693069,-0.0153559),(0.0124181,-0.0692626,-0.0153115),(0.0129658,-0.0693069,-0.0153559),(0.0130504,-0.0692633,-0.0153122),(0.0124181,-0.0692626,-0.0153115),(0.0130504,-0.0692633,-0.0153122),(0.0131398,-0.0692231,-0.0152721),(0.0124181,-0.0692626,-0.0153115),(0.0131398,-0.0692231,-0.0152721),(0.0132319,-0.0691870,-0.0152359),(0.0124181,-0.0692626,-0.0153115),(0.0132319,-0.0691870,-0.0152359),(0.0133245,-0.0691557,-0.0152046),(0.0124181,-0.0692626,-0.0153115),(0.0133245,-0.0691557,-0.0152046),(0.0134176,-0.0691292,-0.0151781),(0.0124181,-0.0692626,-0.0153115),(0.0134176,-0.0691292,-0.0151781),(0.0135113,-0.0691075,-0.0151564),(0.0124181,-0.0692626,-0.0153115),(0.0135113,-0.0691075,-0.0151564),(0.0136055,-0.0690906,-0.0151396),(0.0147866,-0.0689013,-0.0149503),(0.0124181,-0.0692626,-0.0153115),(0.0136055,-0.0690906,-0.0151396),(0.0147866,-0.0689013,-0.0149503),(0.0136055,-0.0690906,-0.0151396),(0.0137002,-0.0690786,-0.0151275),(0.0147866,-0.0689013,-0.0149503),(0.0137002,-0.0690786,-0.0151275),(0.0137954,-0.0690714,-0.0151203),(0.0147866,-0.0689013,-0.0149503),(0.0137954,-0.0690714,-0.0151203),(0.0138912,-0.0690690,-0.0151179),(0.0147866,-0.0689013,-0.0149503),(0.0138912,-0.0690690,-0.0151179),(0.0138976,-0.0690690,-0.0151179),(0.0147866,-0.0689013,-0.0149503),(0.0138976,-0.0690690,-0.0151179),(0.0139913,-0.0690704,-0.0151194),(0.0147866,-0.0689013,-0.0149503),(0.0139913,-0.0690704,-0.0151194),(0.0140824,-0.0690749,-0.0151238),(0.0147866,-0.0689013,-0.0149503),(0.0140824,-0.0690749,-0.0151238),(0.0141711,-0.0690822,-0.0151312),(0.0147866,-0.0689013,-0.0149503),(0.0141711,-0.0690822,-0.0151312),(0.0142571,-0.0690925,-0.0151415),(0.0147866,-0.0689013,-0.0149503),(0.0142571,-0.0690925,-0.0151415),(0.0143407,-0.0691058,-0.0151547),(0.0147866,-0.0689013,-0.0149503),(0.0143407,-0.0691058,-0.0151547),(0.0144216,-0.0691220,-0.0151709),(0.0147866,-0.0689013,-0.0149503),(0.0144216,-0.0691220,-0.0151709),(0.0145001,-0.0691412,-0.0151901),(0.0147866,-0.0689013,-0.0149503),(0.0145001,-0.0691412,-0.0151901),(0.0145760,-0.0691633,-0.0152122),(0.0125736,-0.0722427,-0.0182917),(0.0147866,-0.0689013,-0.0149503),(0.0145760,-0.0691633,-0.0152122),(0.0125736,-0.0722427,-0.0182917),(0.0145760,-0.0691633,-0.0152122),(0.0129715,-0.0711397,-0.0171886),(0.0125736,-0.0722427,-0.0182917),(0.0129715,-0.0711397,-0.0171886),(0.0128511,-0.0710669,-0.0171159),(0.0125980,-0.0708511,-0.0169001),(0.0125556,-0.0708022,-0.0168511),(0.0121873,-0.0709496,-0.0169985),(0.0126431,-0.0708982,-0.0169471),(0.0125980,-0.0708511,-0.0169001),(0.0121873,-0.0709496,-0.0169985),(0.0127416,-0.0709864,-0.0170354),(0.0126431,-0.0708982,-0.0169471),(0.0121873,-0.0709496,-0.0169985),(0.0128511,-0.0710669,-0.0171159),(0.0127416,-0.0709864,-0.0170354),(0.0121873,-0.0709496,-0.0169985),(0.0128511,-0.0710669,-0.0171159),(0.0121873,-0.0709496,-0.0169985),(0.0122452,-0.0710168,-0.0170657),(0.0128511,-0.0710669,-0.0171159),(0.0122452,-0.0710168,-0.0170657),(0.0123069,-0.0710811,-0.0171300),(0.0128511,-0.0710669,-0.0171159),(0.0123069,-0.0710811,-0.0171300),(0.0123722,-0.0711425,-0.0171914),(0.0128511,-0.0710669,-0.0171159),(0.0123722,-0.0711425,-0.0171914),(0.0124413,-0.0712010,-0.0172500),(0.0128511,-0.0710669,-0.0171159),(0.0124413,-0.0712010,-0.0172500),(0.0125141,-0.0712566,-0.0173056),(0.0128511,-0.0710669,-0.0171159),(0.0125141,-0.0712566,-0.0173056),(0.0125905,-0.0713094,-0.0173583),(0.0128511,-0.0710669,-0.0171159),(0.0125905,-0.0713094,-0.0173583),(0.0126707,-0.0713592,-0.0174081),(0.0128511,-0.0710669,-0.0171159),(0.0126707,-0.0713592,-0.0174081),(0.0127546,-0.0714061,-0.0174550),(0.0125736,-0.0722427,-0.0182917),(0.0128511,-0.0710669,-0.0171159),(0.0127546,-0.0714061,-0.0174550),(0.0125736,-0.0722427,-0.0182917),(0.0127546,-0.0714061,-0.0174550),(0.0121989,-0.0720923,-0.0181413),(0.0125736,-0.0722427,-0.0182917),(0.0121989,-0.0720923,-0.0181413),(0.0121714,-0.0721642,-0.0182131),(0.0125736,-0.0722427,-0.0182917),(0.0121714,-0.0721642,-0.0182131),(0.0121778,-0.0722068,-0.0182557),(0.0125736,-0.0722427,-0.0182917),(0.0121778,-0.0722068,-0.0182557),(0.0122169,-0.0722613,-0.0183102),(0.0125736,-0.0722427,-0.0182917),(0.0122169,-0.0722613,-0.0183102),(0.0122794,-0.0723004,-0.0183493),(0.0125736,-0.0722427,-0.0182917),(0.0122794,-0.0723004,-0.0183493),(0.0123842,-0.0723198,-0.0183688),(0.0125736,-0.0722427,-0.0182917),(0.0123842,-0.0723198,-0.0183688),(0.0124445,-0.0723146,-0.0183635),(0.0125736,-0.0722427,-0.0182917),(0.0124445,-0.0723146,-0.0183635),(0.0125170,-0.0722895,-0.0183384),(0.0217155,-0.0704587,-0.0165076),(0.0213101,-0.0704587,-0.0165076),(0.0206201,-0.0704684,-0.0165173),(0.0219578,-0.0704587,-0.0165076),(0.0217155,-0.0704587,-0.0165076),(0.0206201,-0.0704684,-0.0165173),(0.0213101,-0.0695142,-0.0155632),(0.0213101,-0.0704587,-0.0165076),(0.0217155,-0.0704587,-0.0165076),(0.0213101,-0.0695142,-0.0155632),(0.0217155,-0.0704587,-0.0165076),(0.0217155,-0.0689118,-0.0149607),(0.0206201,-0.0704684,-0.0165173),(0.0213101,-0.0695142,-0.0155632),(0.0217155,-0.0689118,-0.0149607),(0.0206201,-0.0704684,-0.0165173),(0.0217155,-0.0689118,-0.0149607),(0.0217057,-0.0688589,-0.0149078),(0.0206201,-0.0704684,-0.0165173),(0.0217057,-0.0688589,-0.0149078),(0.0216763,-0.0688183,-0.0148672),(0.0206201,-0.0704684,-0.0165173),(0.0216763,-0.0688183,-0.0148672),(0.0215673,-0.0687659,-0.0148148),(0.0206201,-0.0704684,-0.0165173),(0.0215673,-0.0687659,-0.0148148),(0.0215070,-0.0687606,-0.0148096),(0.0206201,-0.0704684,-0.0165173),(0.0215070,-0.0687606,-0.0148096),(0.0214308,-0.0687674,-0.0148163),(0.0206201,-0.0704684,-0.0165173),(0.0214308,-0.0687674,-0.0148163),(0.0213239,-0.0688265,-0.0148754),(0.0206201,-0.0704684,-0.0165173),(0.0213239,-0.0688265,-0.0148754),(0.0200465,-0.0705372,-0.0165862),(0.0219578,-0.0704587,-0.0165076),(0.0206201,-0.0704684,-0.0165173),(0.0200465,-0.0705372,-0.0165862),(0.0219578,-0.0704587,-0.0165076),(0.0200465,-0.0705372,-0.0165862),(0.0200116,-0.0706270,-0.0166760),(0.0219578,-0.0704587,-0.0165076),(0.0200116,-0.0706270,-0.0166760),(0.0200370,-0.0706892,-0.0167381),(0.0219578,-0.0704587,-0.0165076),(0.0200370,-0.0706892,-0.0167381),(0.0201140,-0.0707419,-0.0167908),(0.0219578,-0.0704587,-0.0165076),(0.0201140,-0.0707419,-0.0167908),(0.0202243,-0.0707595,-0.0168084),(0.0219578,-0.0704587,-0.0165076),(0.0202243,-0.0707595,-0.0168084),(0.0212890,-0.0707595,-0.0168084),(0.0212890,-0.0707595,-0.0168084),(0.0212890,-0.0714749,-0.0175239),(0.0213046,-0.0715339,-0.0175828),(0.0212890,-0.0707595,-0.0168084),(0.0213046,-0.0715339,-0.0175828),(0.0213514,-0.0715819,-0.0176309),(0.0212890,-0.0707595,-0.0168084),(0.0213514,-0.0715819,-0.0176309),(0.0214202,-0.0716145,-0.0176634),(0.0212890,-0.0707595,-0.0168084),(0.0214202,-0.0716145,-0.0176634),(0.0215017,-0.0716253,-0.0176743),(0.0212890,-0.0707595,-0.0168084),(0.0215017,-0.0716253,-0.0176743),(0.0215840,-0.0716145,-0.0176634),(0.0212890,-0.0707595,-0.0168084),(0.0215840,-0.0716145,-0.0176634),(0.0216530,-0.0715819,-0.0176309),(0.0212890,-0.0707595,-0.0168084),(0.0216530,-0.0715819,-0.0176309),(0.0216999,-0.0715339,-0.0175828),(0.0212890,-0.0707595,-0.0168084),(0.0216999,-0.0715339,-0.0175828),(0.0217155,-0.0714749,-0.0175239),(0.0212890,-0.0707595,-0.0168084),(0.0217155,-0.0714749,-0.0175239),(0.0217155,-0.0707595,-0.0168084),(0.0219578,-0.0704587,-0.0165076),(0.0212890,-0.0707595,-0.0168084),(0.0217155,-0.0707595,-0.0168084),(0.0219578,-0.0704587,-0.0165076),(0.0217155,-0.0707595,-0.0168084),(0.0219578,-0.0707595,-0.0168084),(0.0219578,-0.0704587,-0.0165076),(0.0219578,-0.0707595,-0.0168084),(0.0220414,-0.0707485,-0.0167974),(0.0219578,-0.0704587,-0.0165076),(0.0220414,-0.0707485,-0.0167974),(0.0221102,-0.0707153,-0.0167643),(0.0219578,-0.0704587,-0.0165076),(0.0221102,-0.0707153,-0.0167643),(0.0221563,-0.0706667,-0.0167156),(0.0219578,-0.0704587,-0.0165076),(0.0221563,-0.0706667,-0.0167156),(0.0221716,-0.0706091,-0.0166580),(0.0219578,-0.0704587,-0.0165076),(0.0221716,-0.0706091,-0.0166580),(0.0221563,-0.0705515,-0.0166004),(0.0219578,-0.0704587,-0.0165076),(0.0221563,-0.0705515,-0.0166004),(0.0221102,-0.0705028,-0.0165517),(0.0219578,-0.0704587,-0.0165076),(0.0221102,-0.0705028,-0.0165517),(0.0220414,-0.0704697,-0.0165186),(0.0180865,-0.0700179,-0.0160668),(0.0181341,-0.0699835,-0.0160324),(0.0181901,-0.0699286,-0.0159775),(0.0180865,-0.0700179,-0.0160668),(0.0181901,-0.0699286,-0.0159775),(0.0182387,-0.0698711,-0.0159200),(0.0180865,-0.0700179,-0.0160668),(0.0182387,-0.0698711,-0.0159200),(0.0182798,-0.0698108,-0.0158598),(0.0180865,-0.0700179,-0.0160668),(0.0182798,-0.0698108,-0.0158598),(0.0183135,-0.0697479,-0.0157968),(0.0180865,-0.0700179,-0.0160668),(0.0183135,-0.0697479,-0.0157968),(0.0183396,-0.0696823,-0.0157312),(0.0180865,-0.0700179,-0.0160668),(0.0183396,-0.0696823,-0.0157312),(0.0183583,-0.0696140,-0.0156629),(0.0180865,-0.0700179,-0.0160668),(0.0183583,-0.0696140,-0.0156629),(0.0183695,-0.0695430,-0.0155919),(0.0180865,-0.0700179,-0.0160668),(0.0183695,-0.0695430,-0.0155919),(0.0183733,-0.0694693,-0.0155183),(0.0180865,-0.0700179,-0.0160668),(0.0183733,-0.0694693,-0.0155183),(0.0183695,-0.0693957,-0.0154446),(0.0180865,-0.0700179,-0.0160668),(0.0183695,-0.0693957,-0.0154446),(0.0183584,-0.0693253,-0.0153742),(0.0180865,-0.0700179,-0.0160668),(0.0183584,-0.0693253,-0.0153742),(0.0183398,-0.0692580,-0.0153070),(0.0180865,-0.0700179,-0.0160668),(0.0183398,-0.0692580,-0.0153070),(0.0183137,-0.0691939,-0.0152429),(0.0180865,-0.0700179,-0.0160668),(0.0183137,-0.0691939,-0.0152429),(0.0182802,-0.0691330,-0.0151820),(0.0180865,-0.0700179,-0.0160668),(0.0182802,-0.0691330,-0.0151820),(0.0182393,-0.0690753,-0.0151243),(0.0180865,-0.0700179,-0.0160668),(0.0182393,-0.0690753,-0.0151243),(0.0181909,-0.0690208,-0.0150697),(0.0180865,-0.0700179,-0.0160668),(0.0181909,-0.0690208,-0.0150697),(0.0181351,-0.0689694,-0.0150184),(0.0180865,-0.0700179,-0.0160668),(0.0181351,-0.0689694,-0.0150184),(0.0180734,-0.0689228,-0.0149717),(0.0180865,-0.0700179,-0.0160668),(0.0180734,-0.0689228,-0.0149717),(0.0180067,-0.0688823,-0.0149313),(0.0180865,-0.0700179,-0.0160668),(0.0180067,-0.0688823,-0.0149313),(0.0179350,-0.0688481,-0.0148971),(0.0180865,-0.0700179,-0.0160668),(0.0179350,-0.0688481,-0.0148971),(0.0178584,-0.0688201,-0.0148691),(0.0178584,-0.0688201,-0.0148691),(0.0177768,-0.0687984,-0.0148473),(0.0176902,-0.0687828,-0.0148317),(0.0178584,-0.0688201,-0.0148691),(0.0176902,-0.0687828,-0.0148317),(0.0175987,-0.0687735,-0.0148224),(0.0178584,-0.0688201,-0.0148691),(0.0175987,-0.0687735,-0.0148224),(0.0175023,-0.0687704,-0.0148193),(0.0178584,-0.0688201,-0.0148691),(0.0175023,-0.0687704,-0.0148193),(0.0174067,-0.0687735,-0.0148224),(0.0178584,-0.0688201,-0.0148691),(0.0174067,-0.0687735,-0.0148224),(0.0173155,-0.0687828,-0.0148317),(0.0178584,-0.0688201,-0.0148691),(0.0173155,-0.0687828,-0.0148317),(0.0172284,-0.0687983,-0.0148472),(0.0178584,-0.0688201,-0.0148691),(0.0172284,-0.0687983,-0.0148472),(0.0171456,-0.0688200,-0.0148689),(0.0178584,-0.0688201,-0.0148691),(0.0171456,-0.0688200,-0.0148689),(0.0170670,-0.0688478,-0.0148968),(0.0178584,-0.0688201,-0.0148691),(0.0170670,-0.0688478,-0.0148968),(0.0169927,-0.0688819,-0.0149309),(0.0178584,-0.0688201,-0.0148691),(0.0169927,-0.0688819,-0.0149309),(0.0169225,-0.0689222,-0.0149711),(0.0178584,-0.0688201,-0.0148691),(0.0169225,-0.0689222,-0.0149711),(0.0168567,-0.0689687,-0.0150176),(0.0178584,-0.0688201,-0.0148691),(0.0168567,-0.0689687,-0.0150176),(0.0167969,-0.0690199,-0.0150688),(0.0178584,-0.0688201,-0.0148691),(0.0167969,-0.0690199,-0.0150688),(0.0167451,-0.0690743,-0.0151233),(0.0178584,-0.0688201,-0.0148691),(0.0167451,-0.0690743,-0.0151233),(0.0167012,-0.0691320,-0.0151810),(0.0178584,-0.0688201,-0.0148691),(0.0167012,-0.0691320,-0.0151810),(0.0166654,-0.0691930,-0.0152419),(0.0178584,-0.0688201,-0.0148691),(0.0166654,-0.0691930,-0.0152419),(0.0166375,-0.0692572,-0.0153061),(0.0178584,-0.0688201,-0.0148691),(0.0166375,-0.0692572,-0.0153061),(0.0166176,-0.0693247,-0.0153736),(0.0178584,-0.0688201,-0.0148691),(0.0166176,-0.0693247,-0.0153736),(0.0166056,-0.0693954,-0.0154443),(0.0166056,-0.0693954,-0.0154443),(0.0166016,-0.0694693,-0.0155183),(0.0166170,-0.0695275,-0.0155765),(0.0166056,-0.0693954,-0.0154443),(0.0166170,-0.0695275,-0.0155765),(0.0166630,-0.0695763,-0.0156253),(0.0166056,-0.0693954,-0.0154443),(0.0166630,-0.0695763,-0.0156253),(0.0167313,-0.0696095,-0.0156584),(0.0166056,-0.0693954,-0.0154443),(0.0167313,-0.0696095,-0.0156584),(0.0168133,-0.0696205,-0.0156694),(0.0166056,-0.0693954,-0.0154443),(0.0168133,-0.0696205,-0.0156694),(0.0168961,-0.0696095,-0.0156584),(0.0166056,-0.0693954,-0.0154443),(0.0168961,-0.0696095,-0.0156584),(0.0169646,-0.0695763,-0.0156253),(0.0166056,-0.0693954,-0.0154443),(0.0169646,-0.0695763,-0.0156253),(0.0170107,-0.0695275,-0.0155765),(0.0166056,-0.0693954,-0.0154443),(0.0170107,-0.0695275,-0.0155765),(0.0170260,-0.0694693,-0.0155183),(0.0166056,-0.0693954,-0.0154443),(0.0170260,-0.0694693,-0.0155183),(0.0170347,-0.0693800,-0.0154290),(0.0166056,-0.0693954,-0.0154443),(0.0170347,-0.0693800,-0.0154290),(0.0170607,-0.0693015,-0.0153504),(0.0166056,-0.0693954,-0.0154443),(0.0170607,-0.0693015,-0.0153504),(0.0171040,-0.0692337,-0.0152827),(0.0166056,-0.0693954,-0.0154443),(0.0171040,-0.0692337,-0.0152827),(0.0171646,-0.0691767,-0.0152257),(0.0166056,-0.0693954,-0.0154443),(0.0171646,-0.0691767,-0.0152257),(0.0172361,-0.0691309,-0.0151798),(0.0178584,-0.0688201,-0.0148691),(0.0166056,-0.0693954,-0.0154443),(0.0172361,-0.0691309,-0.0151798),(0.0178584,-0.0688201,-0.0148691),(0.0172361,-0.0691309,-0.0151798),(0.0173162,-0.0690982,-0.0151471),(0.0178584,-0.0688201,-0.0148691),(0.0173162,-0.0690982,-0.0151471),(0.0174050,-0.0690785,-0.0151274),(0.0178584,-0.0688201,-0.0148691),(0.0174050,-0.0690785,-0.0151274),(0.0175023,-0.0690720,-0.0151209),(0.0178584,-0.0688201,-0.0148691),(0.0175023,-0.0690720,-0.0151209),(0.0175961,-0.0690785,-0.0151274),(0.0178584,-0.0688201,-0.0148691),(0.0175961,-0.0690785,-0.0151274),(0.0176808,-0.0690980,-0.0151469),(0.0178584,-0.0688201,-0.0148691),(0.0176808,-0.0690980,-0.0151469),(0.0177564,-0.0691305,-0.0151794),(0.0178584,-0.0688201,-0.0148691),(0.0177564,-0.0691305,-0.0151794),(0.0178229,-0.0691760,-0.0152249),(0.0178584,-0.0688201,-0.0148691),(0.0178229,-0.0691760,-0.0152249),(0.0178771,-0.0692333,-0.0152823),(0.0178584,-0.0688201,-0.0148691),(0.0178771,-0.0692333,-0.0152823),(0.0179158,-0.0693013,-0.0153503),(0.0178584,-0.0688201,-0.0148691),(0.0179158,-0.0693013,-0.0153503),(0.0179390,-0.0693800,-0.0154289),(0.0180865,-0.0700179,-0.0160668),(0.0178584,-0.0688201,-0.0148691),(0.0179390,-0.0693800,-0.0154289),(0.0180865,-0.0700179,-0.0160668),(0.0179390,-0.0693800,-0.0154289),(0.0179468,-0.0694693,-0.0155183),(0.0180865,-0.0700179,-0.0160668),(0.0179468,-0.0694693,-0.0155183),(0.0179391,-0.0695599,-0.0156088),(0.0180865,-0.0700179,-0.0160668),(0.0179391,-0.0695599,-0.0156088),(0.0179161,-0.0696415,-0.0156904),(0.0180865,-0.0700179,-0.0160668),(0.0179161,-0.0696415,-0.0156904),(0.0178777,-0.0697140,-0.0157630),(0.0180865,-0.0700179,-0.0160668),(0.0178777,-0.0697140,-0.0157630),(0.0178240,-0.0697777,-0.0158266),(0.0180865,-0.0700179,-0.0160668),(0.0178240,-0.0697777,-0.0158266),(0.0177617,-0.0698235,-0.0158724),(0.0181709,-0.0700718,-0.0161207),(0.0180865,-0.0700179,-0.0160668),(0.0177617,-0.0698235,-0.0158724),(0.0181709,-0.0700718,-0.0161207),(0.0177617,-0.0698235,-0.0158724),(0.0176925,-0.0698562,-0.0159052),(0.0181709,-0.0700718,-0.0161207),(0.0176925,-0.0698562,-0.0159052),(0.0176162,-0.0698759,-0.0159248),(0.0181709,-0.0700718,-0.0161207),(0.0176162,-0.0698759,-0.0159248),(0.0175329,-0.0698824,-0.0159314),(0.0181709,-0.0700718,-0.0161207),(0.0175329,-0.0698824,-0.0159314),(0.0174906,-0.0698824,-0.0159314),(0.0181709,-0.0700718,-0.0161207),(0.0174906,-0.0698824,-0.0159314),(0.0174239,-0.0698824,-0.0159314),(0.0181709,-0.0700718,-0.0161207),(0.0174239,-0.0698824,-0.0159314),(0.0173424,-0.0698935,-0.0159424),(0.0181709,-0.0700718,-0.0161207),(0.0173424,-0.0698935,-0.0159424),(0.0172737,-0.0699266,-0.0159755),(0.0181709,-0.0700718,-0.0161207),(0.0172737,-0.0699266,-0.0159755),(0.0172268,-0.0699750,-0.0160240),(0.0181709,-0.0700718,-0.0161207),(0.0172268,-0.0699750,-0.0160240),(0.0172112,-0.0700321,-0.0160810),(0.0181709,-0.0700718,-0.0161207),(0.0172112,-0.0700321,-0.0160810),(0.0172268,-0.0700893,-0.0161383),(0.0181709,-0.0700718,-0.0161207),(0.0172268,-0.0700893,-0.0161383),(0.0172737,-0.0701384,-0.0161873),(0.0181709,-0.0700718,-0.0161207),(0.0172737,-0.0701384,-0.0161873),(0.0173424,-0.0701720,-0.0162210),(0.0181709,-0.0700718,-0.0161207),(0.0173424,-0.0701720,-0.0162210),(0.0174239,-0.0701833,-0.0162322),(0.0181709,-0.0700718,-0.0161207),(0.0174239,-0.0701833,-0.0162322),(0.0174906,-0.0701833,-0.0162322),(0.0181709,-0.0700718,-0.0161207),(0.0174906,-0.0701833,-0.0162322),(0.0176210,-0.0701931,-0.0162421),(0.0181709,-0.0700718,-0.0161207),(0.0176210,-0.0701931,-0.0162421),(0.0177391,-0.0702227,-0.0162717),(0.0181709,-0.0700718,-0.0161207),(0.0177391,-0.0702227,-0.0162717),(0.0178448,-0.0702721,-0.0163210),(0.0181709,-0.0700718,-0.0161207),(0.0178448,-0.0702721,-0.0163210),(0.0179383,-0.0703412,-0.0163901),(0.0181709,-0.0700718,-0.0161207),(0.0179383,-0.0703412,-0.0163901),(0.0180151,-0.0704269,-0.0164758),(0.0181709,-0.0700718,-0.0161207),(0.0180151,-0.0704269,-0.0164758),(0.0180700,-0.0705260,-0.0165749),(0.0181709,-0.0700718,-0.0161207),(0.0180700,-0.0705260,-0.0165749),(0.0181030,-0.0706386,-0.0166876),(0.0181709,-0.0700718,-0.0161207),(0.0181030,-0.0706386,-0.0166876),(0.0181112,-0.0707000,-0.0167489),(0.0181709,-0.0700718,-0.0161207),(0.0181112,-0.0707000,-0.0167489),(0.0181140,-0.0707647,-0.0168137),(0.0181709,-0.0700718,-0.0161207),(0.0181140,-0.0707647,-0.0168137),(0.0181112,-0.0708289,-0.0168778),(0.0168922,-0.0707898,-0.0168388),(0.0168895,-0.0707191,-0.0167680),(0.0168736,-0.0706611,-0.0167100),(0.0169003,-0.0708566,-0.0169055),(0.0168922,-0.0707898,-0.0168388),(0.0168736,-0.0706611,-0.0167100),(0.0169003,-0.0708566,-0.0169055),(0.0168736,-0.0706611,-0.0167100),(0.0168260,-0.0706128,-0.0166618),(0.0169139,-0.0709192,-0.0169681),(0.0169003,-0.0708566,-0.0169055),(0.0168260,-0.0706128,-0.0166618),(0.0169139,-0.0709192,-0.0169681),(0.0168260,-0.0706128,-0.0166618),(0.0167567,-0.0705803,-0.0166292),(0.0169329,-0.0709778,-0.0170268),(0.0169139,-0.0709192,-0.0169681),(0.0167567,-0.0705803,-0.0166292),(0.0169329,-0.0709778,-0.0170268),(0.0167567,-0.0705803,-0.0166292),(0.0166736,-0.0705694,-0.0166183),(0.0169871,-0.0710829,-0.0171319),(0.0169329,-0.0709778,-0.0170268),(0.0166736,-0.0705694,-0.0166183),(0.0169871,-0.0710829,-0.0171319),(0.0166736,-0.0705694,-0.0166183),(0.0165908,-0.0705803,-0.0166292),(0.0169871,-0.0710829,-0.0171319),(0.0165908,-0.0705803,-0.0166292),(0.0165222,-0.0706128,-0.0166618),(0.0170630,-0.0711718,-0.0172208),(0.0169871,-0.0710829,-0.0171319),(0.0165222,-0.0706128,-0.0166618),(0.0170630,-0.0711718,-0.0172208),(0.0165222,-0.0706128,-0.0166618),(0.0164762,-0.0706611,-0.0167100),(0.0170630,-0.0711718,-0.0172208),(0.0164762,-0.0706611,-0.0167100),(0.0164609,-0.0707191,-0.0167680),(0.0171536,-0.0712422,-0.0172912),(0.0170630,-0.0711718,-0.0172208),(0.0164609,-0.0707191,-0.0167680),(0.0171536,-0.0712422,-0.0172912),(0.0164609,-0.0707191,-0.0167680),(0.0164653,-0.0708159,-0.0168649),(0.0171536,-0.0712422,-0.0172912),(0.0164653,-0.0708159,-0.0168649),(0.0164785,-0.0709086,-0.0169575),(0.0171536,-0.0712422,-0.0172912),(0.0164785,-0.0709086,-0.0169575),(0.0165006,-0.0709969,-0.0170459),(0.0172570,-0.0712925,-0.0173414),(0.0171536,-0.0712422,-0.0172912),(0.0165006,-0.0709969,-0.0170459),(0.0172570,-0.0712925,-0.0173414),(0.0165006,-0.0709969,-0.0170459),(0.0165315,-0.0710811,-0.0171300),(0.0172570,-0.0712925,-0.0173414),(0.0165315,-0.0710811,-0.0171300),(0.0165712,-0.0711610,-0.0172100),(0.0173732,-0.0713227,-0.0173716),(0.0172570,-0.0712925,-0.0173414),(0.0165712,-0.0711610,-0.0172100),(0.0173732,-0.0713227,-0.0173716),(0.0165712,-0.0711610,-0.0172100),(0.0166198,-0.0712367,-0.0172856),(0.0173732,-0.0713227,-0.0173716),(0.0166198,-0.0712367,-0.0172856),(0.0166772,-0.0713082,-0.0173571),(0.0175023,-0.0713327,-0.0173817),(0.0173732,-0.0713227,-0.0173716),(0.0166772,-0.0713082,-0.0173571),(0.0175023,-0.0713327,-0.0173817),(0.0166772,-0.0713082,-0.0173571),(0.0167434,-0.0713754,-0.0174243),(0.0175023,-0.0713327,-0.0173817),(0.0167434,-0.0713754,-0.0174243),(0.0168155,-0.0714359,-0.0174848),(0.0176258,-0.0713232,-0.0173722),(0.0175023,-0.0713327,-0.0173817),(0.0168155,-0.0714359,-0.0174848),(0.0176258,-0.0713232,-0.0173722),(0.0168155,-0.0714359,-0.0174848),(0.0168940,-0.0714883,-0.0175373),(0.0176258,-0.0713232,-0.0173722),(0.0168940,-0.0714883,-0.0175373),(0.0169791,-0.0715327,-0.0175817),(0.0177393,-0.0712948,-0.0173437),(0.0176258,-0.0713232,-0.0173722),(0.0169791,-0.0715327,-0.0175817),(0.0177393,-0.0712948,-0.0173437),(0.0169791,-0.0715327,-0.0175817),(0.0170707,-0.0715690,-0.0176180),(0.0177393,-0.0712948,-0.0173437),(0.0170707,-0.0715690,-0.0176180),(0.0171688,-0.0715973,-0.0176462),(0.0178428,-0.0712473,-0.0172962),(0.0177393,-0.0712948,-0.0173437),(0.0171688,-0.0715973,-0.0176462),(0.0178428,-0.0712473,-0.0172962),(0.0171688,-0.0715973,-0.0176462),(0.0172735,-0.0716174,-0.0176664),(0.0178428,-0.0712473,-0.0172962),(0.0172735,-0.0716174,-0.0176664),(0.0173846,-0.0716295,-0.0176785),(0.0179362,-0.0711808,-0.0172298),(0.0178428,-0.0712473,-0.0172962),(0.0173846,-0.0716295,-0.0176785),(0.0179362,-0.0711808,-0.0172298),(0.0173846,-0.0716295,-0.0176785),(0.0175023,-0.0716336,-0.0176825),(0.0179362,-0.0711808,-0.0172298),(0.0175023,-0.0716336,-0.0176825),(0.0176154,-0.0716297,-0.0176786),(0.0180140,-0.0710976,-0.0171465),(0.0179362,-0.0711808,-0.0172298),(0.0176154,-0.0716297,-0.0176786),(0.0180140,-0.0710976,-0.0171465),(0.0176154,-0.0716297,-0.0176786),(0.0177230,-0.0716180,-0.0176670),(0.0180695,-0.0710005,-0.0170494),(0.0180140,-0.0710976,-0.0171465),(0.0177230,-0.0716180,-0.0176670),(0.0180695,-0.0710005,-0.0170494),(0.0177230,-0.0716180,-0.0176670),(0.0178251,-0.0715986,-0.0176476),(0.0180695,-0.0710005,-0.0170494),(0.0178251,-0.0715986,-0.0176476),(0.0179216,-0.0715715,-0.0176204),(0.0180890,-0.0709467,-0.0169957),(0.0180695,-0.0710005,-0.0170494),(0.0179216,-0.0715715,-0.0176204),(0.0180890,-0.0709467,-0.0169957),(0.0179216,-0.0715715,-0.0176204),(0.0180126,-0.0715365,-0.0175855),(0.0181029,-0.0708895,-0.0169385),(0.0180890,-0.0709467,-0.0169957),(0.0180126,-0.0715365,-0.0175855),(0.0181029,-0.0708895,-0.0169385),(0.0180126,-0.0715365,-0.0175855),(0.0180982,-0.0714938,-0.0175428),(0.0181112,-0.0708289,-0.0168778),(0.0181029,-0.0708895,-0.0169385),(0.0180982,-0.0714938,-0.0175428),(0.0181709,-0.0700718,-0.0161207),(0.0181112,-0.0708289,-0.0168778),(0.0180982,-0.0714938,-0.0175428),(0.0181709,-0.0700718,-0.0161207),(0.0180982,-0.0714938,-0.0175428),(0.0181781,-0.0714434,-0.0174923),(0.0181709,-0.0700718,-0.0161207),(0.0181781,-0.0714434,-0.0174923),(0.0182526,-0.0713851,-0.0174341),(0.0181709,-0.0700718,-0.0161207),(0.0182526,-0.0713851,-0.0174341),(0.0183203,-0.0713206,-0.0173695),(0.0181709,-0.0700718,-0.0161207),(0.0183203,-0.0713206,-0.0173695),(0.0183790,-0.0712523,-0.0173013),(0.0181709,-0.0700718,-0.0161207),(0.0183790,-0.0712523,-0.0173013),(0.0184287,-0.0711804,-0.0172293),(0.0181709,-0.0700718,-0.0161207),(0.0184287,-0.0711804,-0.0172293),(0.0184693,-0.0711047,-0.0171536),(0.0181709,-0.0700718,-0.0161207),(0.0184693,-0.0711047,-0.0171536),(0.0185009,-0.0710253,-0.0170742),(0.0181709,-0.0700718,-0.0161207),(0.0185009,-0.0710253,-0.0170742),(0.0185235,-0.0709421,-0.0169911),(0.0181709,-0.0700718,-0.0161207),(0.0185235,-0.0709421,-0.0169911),(0.0185370,-0.0708553,-0.0169042),(0.0181709,-0.0700718,-0.0161207),(0.0185370,-0.0708553,-0.0169042),(0.0185415,-0.0707647,-0.0168137),(0.0181709,-0.0700718,-0.0161207),(0.0185415,-0.0707647,-0.0168137),(0.0185371,-0.0706733,-0.0167222),(0.0181709,-0.0700718,-0.0161207),(0.0185371,-0.0706733,-0.0167222),(0.0185236,-0.0705855,-0.0166344),(0.0181709,-0.0700718,-0.0161207),(0.0185236,-0.0705855,-0.0166344),(0.0185012,-0.0705015,-0.0165504),(0.0181709,-0.0700718,-0.0161207),(0.0185012,-0.0705015,-0.0165504),(0.0184698,-0.0704212,-0.0164702),(0.0181709,-0.0700718,-0.0161207),(0.0184698,-0.0704212,-0.0164702),(0.0184295,-0.0703447,-0.0163937),(0.0181709,-0.0700718,-0.0161207),(0.0184295,-0.0703447,-0.0163937),(0.0183802,-0.0702719,-0.0163209),(0.0181709,-0.0700718,-0.0161207),(0.0183802,-0.0702719,-0.0163209),(0.0183219,-0.0702029,-0.0162518),(0.0181709,-0.0700718,-0.0161207),(0.0183219,-0.0702029,-0.0162518),(0.0182547,-0.0701376,-0.0161865),(0.0189998,-0.0716143,-0.0176632),(0.0190728,-0.0716897,-0.0177386),(0.0191794,-0.0717413,-0.0177903),(0.0189998,-0.0716143,-0.0176632),(0.0191794,-0.0717413,-0.0177903),(0.0193046,-0.0717586,-0.0178075),(0.0189998,-0.0716143,-0.0176632),(0.0193046,-0.0717586,-0.0178075),(0.0194295,-0.0717413,-0.0177903),(0.0189998,-0.0716143,-0.0176632),(0.0194295,-0.0717413,-0.0177903),(0.0195353,-0.0716897,-0.0177386),(0.0189998,-0.0716143,-0.0176632),(0.0195353,-0.0716897,-0.0177386),(0.0196083,-0.0716143,-0.0176632),(0.0189998,-0.0716143,-0.0176632),(0.0196083,-0.0716143,-0.0176632),(0.0196327,-0.0715258,-0.0175747),(0.0189998,-0.0716143,-0.0176632),(0.0196327,-0.0715258,-0.0175747),(0.0196083,-0.0714373,-0.0174863),(0.0189998,-0.0716143,-0.0176632),(0.0196083,-0.0714373,-0.0174863),(0.0195353,-0.0713619,-0.0174109),(0.0189998,-0.0716143,-0.0176632),(0.0195353,-0.0713619,-0.0174109),(0.0194295,-0.0713103,-0.0173592),(0.0189998,-0.0716143,-0.0176632),(0.0194295,-0.0713103,-0.0173592),(0.0193046,-0.0712931,-0.0173420),(0.0189998,-0.0716143,-0.0176632),(0.0193046,-0.0712931,-0.0173420),(0.0191794,-0.0713103,-0.0173592),(0.0189998,-0.0716143,-0.0176632),(0.0191794,-0.0713103,-0.0173592),(0.0190728,-0.0713619,-0.0174109),(0.0189998,-0.0716143,-0.0176632),(0.0190728,-0.0713619,-0.0174109),(0.0189998,-0.0714373,-0.0174863),(0.0189998,-0.0716143,-0.0176632),(0.0189998,-0.0714373,-0.0174863),(0.0189755,-0.0715258,-0.0175747),(0.0325593,-0.0703752,-0.0164242),(0.0339415,-0.0716407,-0.0176896),(0.0340138,-0.0716845,-0.0177334),(0.0325593,-0.0703752,-0.0164242),(0.0340138,-0.0716845,-0.0177334),(0.0341056,-0.0716991,-0.0177480),(0.0325593,-0.0703752,-0.0164242),(0.0341056,-0.0716991,-0.0177480),(0.0342379,-0.0716669,-0.0177158),(0.0325593,-0.0703752,-0.0164242),(0.0342379,-0.0716669,-0.0177158),(0.0343022,-0.0716149,-0.0176638),(0.0325593,-0.0703752,-0.0164242),(0.0343022,-0.0716149,-0.0176638),(0.0343236,-0.0715471,-0.0175961),(0.0325593,-0.0703752,-0.0164242),(0.0343236,-0.0715471,-0.0175961),(0.0342791,-0.0714536,-0.0175025),(0.0325593,-0.0703752,-0.0164242),(0.0342791,-0.0714536,-0.0175025),(0.0331033,-0.0703752,-0.0164242),(0.0331033,-0.0703752,-0.0164242),(0.0331891,-0.0703752,-0.0164242),(0.0333083,-0.0703716,-0.0164205),(0.0325593,-0.0703752,-0.0164242),(0.0331033,-0.0703752,-0.0164242),(0.0333083,-0.0703716,-0.0164205),(0.0316957,-0.0703752,-0.0164242),(0.0325593,-0.0703752,-0.0164242),(0.0333083,-0.0703716,-0.0164205),(0.0316957,-0.0703752,-0.0164242),(0.0333083,-0.0703716,-0.0164205),(0.0334221,-0.0703608,-0.0164097),(0.0316957,-0.0703752,-0.0164242),(0.0334221,-0.0703608,-0.0164097),(0.0335304,-0.0703427,-0.0163916),(0.0316957,-0.0703752,-0.0164242),(0.0335304,-0.0703427,-0.0163916),(0.0336333,-0.0703174,-0.0163663),(0.0316957,-0.0703752,-0.0164242),(0.0336333,-0.0703174,-0.0163663),(0.0337307,-0.0702849,-0.0163338),(0.0316957,-0.0703752,-0.0164242),(0.0337307,-0.0702849,-0.0163338),(0.0338227,-0.0702451,-0.0162941),(0.0316957,-0.0703752,-0.0164242),(0.0338227,-0.0702451,-0.0162941),(0.0339092,-0.0701982,-0.0162471),(0.0316957,-0.0703752,-0.0164242),(0.0339092,-0.0701982,-0.0162471),(0.0339902,-0.0701440,-0.0161929),(0.0316957,-0.0703752,-0.0164242),(0.0339902,-0.0701440,-0.0161929),(0.0340666,-0.0700805,-0.0161295),(0.0316957,-0.0703752,-0.0164242),(0.0340666,-0.0700805,-0.0161295),(0.0341328,-0.0700152,-0.0160641),(0.0316957,-0.0703752,-0.0164242),(0.0341328,-0.0700152,-0.0160641),(0.0341888,-0.0699479,-0.0159968),(0.0341888,-0.0699479,-0.0159968),(0.0342347,-0.0698787,-0.0159276),(0.0338391,-0.0697732,-0.0158221),(0.0341888,-0.0699479,-0.0159968),(0.0338391,-0.0697732,-0.0158221),(0.0337746,-0.0698563,-0.0159053),(0.0341888,-0.0699479,-0.0159968),(0.0337746,-0.0698563,-0.0159053),(0.0336844,-0.0699314,-0.0159804),(0.0341888,-0.0699479,-0.0159968),(0.0336844,-0.0699314,-0.0159804),(0.0335744,-0.0699937,-0.0160426),(0.0341888,-0.0699479,-0.0159968),(0.0335744,-0.0699937,-0.0160426),(0.0334552,-0.0700381,-0.0160870),(0.0341888,-0.0699479,-0.0159968),(0.0334552,-0.0700381,-0.0160870),(0.0333268,-0.0700647,-0.0161137),(0.0316957,-0.0703752,-0.0164242),(0.0341888,-0.0699479,-0.0159968),(0.0333268,-0.0700647,-0.0161137),(0.0316957,-0.0703752,-0.0164242),(0.0333268,-0.0700647,-0.0161137),(0.0331891,-0.0700736,-0.0161226),(0.0316957,-0.0703752,-0.0164242),(0.0331891,-0.0700736,-0.0161226),(0.0316957,-0.0700736,-0.0161226),(0.0338778,-0.0696820,-0.0157309),(0.0338391,-0.0697732,-0.0158221),(0.0342347,-0.0698787,-0.0159276),(0.0338907,-0.0695827,-0.0156316),(0.0338778,-0.0696820,-0.0157309),(0.0342347,-0.0698787,-0.0159276),(0.0338778,-0.0694844,-0.0155333),(0.0338907,-0.0695827,-0.0156316),(0.0342347,-0.0698787,-0.0159276),(0.0338391,-0.0693938,-0.0154427),(0.0338778,-0.0694844,-0.0155333),(0.0342347,-0.0698787,-0.0159276),(0.0337746,-0.0693108,-0.0153597),(0.0338391,-0.0693938,-0.0154427),(0.0342347,-0.0698787,-0.0159276),(0.0337746,-0.0693108,-0.0153597),(0.0342347,-0.0698787,-0.0159276),(0.0342703,-0.0698076,-0.0158565),(0.0337746,-0.0693108,-0.0153597),(0.0342703,-0.0698076,-0.0158565),(0.0342958,-0.0697345,-0.0157835),(0.0336844,-0.0692355,-0.0152844),(0.0337746,-0.0693108,-0.0153597),(0.0342958,-0.0697345,-0.0157835),(0.0336844,-0.0692355,-0.0152844),(0.0342958,-0.0697345,-0.0157835),(0.0343111,-0.0696596,-0.0157085),(0.0336844,-0.0692355,-0.0152844),(0.0343111,-0.0696596,-0.0157085),(0.0343162,-0.0695827,-0.0156316),(0.0335772,-0.0691733,-0.0152222),(0.0336844,-0.0692355,-0.0152844),(0.0343162,-0.0695827,-0.0156316),(0.0335772,-0.0691733,-0.0152222),(0.0343162,-0.0695827,-0.0156316),(0.0343111,-0.0695031,-0.0155520),(0.0335772,-0.0691733,-0.0152222),(0.0343111,-0.0695031,-0.0155520),(0.0342958,-0.0694262,-0.0154751),(0.0334600,-0.0691288,-0.0151778),(0.0335772,-0.0691733,-0.0152222),(0.0342958,-0.0694262,-0.0154751),(0.0334600,-0.0691288,-0.0151778),(0.0342958,-0.0694262,-0.0154751),(0.0342703,-0.0693521,-0.0154010),(0.0334600,-0.0691288,-0.0151778),(0.0342703,-0.0693521,-0.0154010),(0.0342347,-0.0692807,-0.0153297),(0.0333327,-0.0691022,-0.0151511),(0.0334600,-0.0691288,-0.0151778),(0.0342347,-0.0692807,-0.0153297),(0.0333327,-0.0691022,-0.0151511),(0.0342347,-0.0692807,-0.0153297),(0.0341888,-0.0692122,-0.0152611),(0.0333327,-0.0691022,-0.0151511),(0.0341888,-0.0692122,-0.0152611),(0.0341328,-0.0691463,-0.0151953),(0.0331954,-0.0690933,-0.0151422),(0.0333327,-0.0691022,-0.0151511),(0.0341328,-0.0691463,-0.0151953),(0.0331954,-0.0690933,-0.0151422),(0.0341328,-0.0691463,-0.0151953),(0.0340666,-0.0690833,-0.0151322),(0.0316957,-0.0690933,-0.0151422),(0.0331954,-0.0690933,-0.0151422),(0.0340666,-0.0690833,-0.0151322),(0.0316957,-0.0690933,-0.0151422),(0.0340666,-0.0690833,-0.0151322),(0.0339902,-0.0690229,-0.0150719),(0.0316957,-0.0690933,-0.0151422),(0.0339902,-0.0690229,-0.0150719),(0.0339031,-0.0689677,-0.0150166),(0.0316957,-0.0690933,-0.0151422),(0.0339031,-0.0689677,-0.0150166),(0.0338123,-0.0689198,-0.0149687),(0.0316957,-0.0690933,-0.0151422),(0.0338123,-0.0689198,-0.0149687),(0.0337178,-0.0688793,-0.0149282),(0.0316957,-0.0690933,-0.0151422),(0.0337178,-0.0688793,-0.0149282),(0.0336195,-0.0688461,-0.0148951),(0.0316957,-0.0690933,-0.0151422),(0.0336195,-0.0688461,-0.0148951),(0.0335175,-0.0688204,-0.0148693),(0.0316957,-0.0690933,-0.0151422),(0.0335175,-0.0688204,-0.0148693),(0.0334118,-0.0688019,-0.0148509),(0.0316957,-0.0690933,-0.0151422),(0.0334118,-0.0688019,-0.0148509),(0.0333023,-0.0687909,-0.0148398),(0.0316957,-0.0690933,-0.0151422),(0.0333023,-0.0687909,-0.0148398),(0.0331891,-0.0687872,-0.0148361),(0.0316957,-0.0690933,-0.0151422),(0.0331891,-0.0687872,-0.0148361),(0.0314830,-0.0687872,-0.0148361),(0.0316957,-0.0700736,-0.0161226),(0.0316957,-0.0690933,-0.0151422),(0.0314830,-0.0687872,-0.0148361),(0.0316957,-0.0703752,-0.0164242),(0.0316957,-0.0700736,-0.0161226),(0.0314830,-0.0687872,-0.0148361),(0.0316957,-0.0703752,-0.0164242),(0.0314830,-0.0687872,-0.0148361),(0.0313970,-0.0687990,-0.0148479),(0.0316957,-0.0703752,-0.0164242),(0.0313970,-0.0687990,-0.0148479),(0.0313253,-0.0688344,-0.0148833),(0.0316957,-0.0703752,-0.0164242),(0.0313253,-0.0688344,-0.0148833),(0.0312833,-0.0688869,-0.0149359),(0.0316957,-0.0703752,-0.0164242),(0.0312833,-0.0688869,-0.0149359),(0.0312692,-0.0689429,-0.0149918),(0.0316957,-0.0703752,-0.0164242),(0.0312692,-0.0689429,-0.0149918),(0.0312692,-0.0715075,-0.0175564),(0.0316957,-0.0703752,-0.0164242),(0.0312692,-0.0715075,-0.0175564),(0.0312921,-0.0715664,-0.0176153),(0.0316957,-0.0703752,-0.0164242),(0.0312921,-0.0715664,-0.0176153),(0.0313354,-0.0716085,-0.0176574),(0.0316957,-0.0703752,-0.0164242),(0.0313354,-0.0716085,-0.0176574),(0.0314830,-0.0716422,-0.0176911),(0.0316957,-0.0703752,-0.0164242),(0.0314830,-0.0716422,-0.0176911),(0.0315570,-0.0716338,-0.0176827),(0.0316957,-0.0703752,-0.0164242),(0.0315570,-0.0716338,-0.0176827),(0.0316172,-0.0716085,-0.0176574),(0.0316957,-0.0703752,-0.0164242),(0.0316172,-0.0716085,-0.0176574),(0.0316957,-0.0715075,-0.0175564),(0.0303072,-0.0703715,-0.0164204),(0.0303051,-0.0715075,-0.0175564),(0.0303212,-0.0715655,-0.0176144),(0.0303072,-0.0703715,-0.0164204),(0.0303212,-0.0715655,-0.0176144),(0.0303697,-0.0716137,-0.0176627),(0.0303072,-0.0703715,-0.0164204),(0.0303697,-0.0716137,-0.0176627),(0.0304384,-0.0716463,-0.0176952),(0.0303072,-0.0703715,-0.0164204),(0.0304384,-0.0716463,-0.0176952),(0.0305157,-0.0716572,-0.0177061),(0.0303072,-0.0703715,-0.0164204),(0.0305157,-0.0716572,-0.0177061),(0.0305985,-0.0716463,-0.0176952),(0.0303072,-0.0703715,-0.0164204),(0.0305985,-0.0716463,-0.0176952),(0.0306670,-0.0716137,-0.0176627),(0.0303072,-0.0703715,-0.0164204),(0.0306670,-0.0716137,-0.0176627),(0.0307131,-0.0715655,-0.0176144),(0.0303072,-0.0703715,-0.0164204),(0.0307131,-0.0715655,-0.0176144),(0.0307284,-0.0715075,-0.0175564),(0.0303072,-0.0703715,-0.0164204),(0.0307284,-0.0715075,-0.0175564),(0.0307284,-0.0689429,-0.0149918),(0.0303072,-0.0703715,-0.0164204),(0.0307284,-0.0689429,-0.0149918),(0.0307131,-0.0688852,-0.0149342),(0.0303072,-0.0703715,-0.0164204),(0.0307131,-0.0688852,-0.0149342),(0.0306670,-0.0688366,-0.0148855),(0.0303072,-0.0703715,-0.0164204),(0.0306670,-0.0688366,-0.0148855),(0.0305996,-0.0688029,-0.0148519),(0.0303072,-0.0703715,-0.0164204),(0.0305996,-0.0688029,-0.0148519),(0.0305199,-0.0687917,-0.0148406),(0.0303072,-0.0703715,-0.0164204),(0.0305199,-0.0687917,-0.0148406),(0.0304379,-0.0688033,-0.0148522),(0.0303072,-0.0703715,-0.0164204),(0.0304379,-0.0688033,-0.0148522),(0.0303675,-0.0688381,-0.0148870),(0.0303072,-0.0703715,-0.0164204),(0.0303675,-0.0688381,-0.0148870),(0.0303207,-0.0688837,-0.0149327),(0.0303072,-0.0703715,-0.0164204),(0.0303207,-0.0688837,-0.0149327),(0.0303051,-0.0689429,-0.0149918),(0.0303072,-0.0703715,-0.0164204),(0.0303051,-0.0689429,-0.0149918),(0.0303051,-0.0700736,-0.0161226),(0.0281059,-0.0703715,-0.0164204),(0.0303072,-0.0703715,-0.0164204),(0.0303051,-0.0700736,-0.0161226),(0.0281059,-0.0703715,-0.0164204),(0.0303051,-0.0700736,-0.0161226),(0.0281122,-0.0700736,-0.0161226),(0.0281059,-0.0703715,-0.0164204),(0.0281122,-0.0700736,-0.0161226),(0.0281122,-0.0689429,-0.0149918),(0.0281059,-0.0703715,-0.0164204),(0.0281122,-0.0689429,-0.0149918),(0.0280958,-0.0688852,-0.0149342),(0.0281059,-0.0703715,-0.0164204),(0.0280958,-0.0688852,-0.0149342),(0.0280466,-0.0688366,-0.0148855),(0.0281059,-0.0703715,-0.0164204),(0.0280466,-0.0688366,-0.0148855),(0.0279770,-0.0688029,-0.0148519),(0.0281059,-0.0703715,-0.0164204),(0.0279770,-0.0688029,-0.0148519),(0.0278995,-0.0687917,-0.0148406),(0.0281059,-0.0703715,-0.0164204),(0.0278995,-0.0687917,-0.0148406),(0.0278172,-0.0688029,-0.0148519),(0.0281059,-0.0703715,-0.0164204),(0.0278172,-0.0688029,-0.0148519),(0.0277460,-0.0688366,-0.0148855),(0.0281059,-0.0703715,-0.0164204),(0.0277460,-0.0688366,-0.0148855),(0.0276976,-0.0688852,-0.0149342),(0.0281059,-0.0703715,-0.0164204),(0.0276976,-0.0688852,-0.0149342),(0.0276815,-0.0689429,-0.0149918),(0.0281059,-0.0703715,-0.0164204),(0.0276815,-0.0689429,-0.0149918),(0.0276815,-0.0715075,-0.0175564),(0.0281059,-0.0703715,-0.0164204),(0.0276815,-0.0715075,-0.0175564),(0.0276971,-0.0715655,-0.0176144),(0.0281059,-0.0703715,-0.0164204),(0.0276971,-0.0715655,-0.0176144),(0.0277439,-0.0716137,-0.0176627),(0.0281059,-0.0703715,-0.0164204),(0.0277439,-0.0716137,-0.0176627),(0.0278135,-0.0716463,-0.0176952),(0.0281059,-0.0703715,-0.0164204),(0.0278135,-0.0716463,-0.0176952),(0.0278953,-0.0716572,-0.0177061),(0.0281059,-0.0703715,-0.0164204),(0.0278953,-0.0716572,-0.0177061),(0.0279731,-0.0716465,-0.0176954),(0.0281059,-0.0703715,-0.0164204),(0.0279731,-0.0716465,-0.0176954),(0.0280456,-0.0716145,-0.0176634),(0.0281059,-0.0703715,-0.0164204),(0.0280456,-0.0716145,-0.0176634),(0.0280908,-0.0715687,-0.0176176),(0.0281059,-0.0703715,-0.0164204),(0.0280908,-0.0715687,-0.0176176),(0.0281059,-0.0715075,-0.0175564),(0.0352877,-0.0705750,-0.0166240),(0.0352877,-0.0689429,-0.0149918),(0.0352724,-0.0688852,-0.0149342),(0.0352877,-0.0705750,-0.0166240),(0.0352724,-0.0688852,-0.0149342),(0.0352263,-0.0688366,-0.0148855),(0.0352877,-0.0705750,-0.0166240),(0.0352263,-0.0688366,-0.0148855),(0.0351589,-0.0688029,-0.0148519),(0.0352927,-0.0706546,-0.0167035),(0.0352877,-0.0705750,-0.0166240),(0.0351589,-0.0688029,-0.0148519),(0.0352927,-0.0706546,-0.0167035),(0.0351589,-0.0688029,-0.0148519),(0.0350792,-0.0687917,-0.0148406),(0.0352927,-0.0706546,-0.0167035),(0.0350792,-0.0687917,-0.0148406),(0.0349959,-0.0688033,-0.0148522),(0.0352927,-0.0706546,-0.0167035),(0.0349959,-0.0688033,-0.0148522),(0.0349215,-0.0688381,-0.0148870),(0.0352927,-0.0706546,-0.0167035),(0.0349215,-0.0688381,-0.0148870),(0.0348763,-0.0688837,-0.0149327),(0.0352927,-0.0706546,-0.0167035),(0.0348763,-0.0688837,-0.0149327),(0.0348612,-0.0689429,-0.0149918),(0.0352927,-0.0706546,-0.0167035),(0.0348612,-0.0689429,-0.0149918),(0.0348612,-0.0705750,-0.0166240),(0.0352927,-0.0706546,-0.0167035),(0.0348612,-0.0705750,-0.0166240),(0.0348682,-0.0706847,-0.0167336),(0.0352927,-0.0706546,-0.0167035),(0.0348682,-0.0706847,-0.0167336),(0.0348890,-0.0707903,-0.0168393),(0.0352927,-0.0706546,-0.0167035),(0.0348890,-0.0707903,-0.0168393),(0.0349237,-0.0708919,-0.0169408),(0.0352927,-0.0706546,-0.0167035),(0.0349237,-0.0708919,-0.0169408),(0.0349723,-0.0709894,-0.0170384),(0.0352927,-0.0706546,-0.0167035),(0.0349723,-0.0709894,-0.0170384),(0.0350349,-0.0710829,-0.0171318),(0.0352927,-0.0706546,-0.0167035),(0.0350349,-0.0710829,-0.0171318),(0.0351112,-0.0711724,-0.0172213),(0.0352927,-0.0706546,-0.0167035),(0.0351112,-0.0711724,-0.0172213),(0.0352015,-0.0712578,-0.0173067),(0.0352927,-0.0706546,-0.0167035),(0.0352015,-0.0712578,-0.0173067),(0.0353057,-0.0713391,-0.0173880),(0.0352927,-0.0706546,-0.0167035),(0.0353057,-0.0713391,-0.0173880),(0.0354183,-0.0714136,-0.0174626),(0.0354183,-0.0714136,-0.0174626),(0.0355370,-0.0714782,-0.0175272),(0.0356617,-0.0715329,-0.0175818),(0.0354183,-0.0714136,-0.0174626),(0.0356617,-0.0715329,-0.0175818),(0.0357926,-0.0715776,-0.0176266),(0.0354183,-0.0714136,-0.0174626),(0.0357926,-0.0715776,-0.0176266),(0.0359295,-0.0716124,-0.0176614),(0.0354183,-0.0714136,-0.0174626),(0.0359295,-0.0716124,-0.0176614),(0.0360725,-0.0716373,-0.0176862),(0.0354183,-0.0714136,-0.0174626),(0.0360725,-0.0716373,-0.0176862),(0.0362216,-0.0716522,-0.0177011),(0.0354183,-0.0714136,-0.0174626),(0.0362216,-0.0716522,-0.0177011),(0.0363768,-0.0716572,-0.0177061),(0.0354183,-0.0714136,-0.0174626),(0.0363768,-0.0716572,-0.0177061),(0.0365321,-0.0716522,-0.0177011),(0.0354183,-0.0714136,-0.0174626),(0.0365321,-0.0716522,-0.0177011),(0.0366819,-0.0716373,-0.0176862),(0.0354183,-0.0714136,-0.0174626),(0.0366819,-0.0716373,-0.0176862),(0.0368260,-0.0716124,-0.0176614),(0.0354183,-0.0714136,-0.0174626),(0.0368260,-0.0716124,-0.0176614),(0.0369644,-0.0715776,-0.0176266),(0.0354183,-0.0714136,-0.0174626),(0.0369644,-0.0715776,-0.0176266),(0.0370972,-0.0715329,-0.0175818),(0.0354183,-0.0714136,-0.0174626),(0.0370972,-0.0715329,-0.0175818),(0.0372243,-0.0714782,-0.0175272),(0.0354183,-0.0714136,-0.0174626),(0.0372243,-0.0714782,-0.0175272),(0.0373457,-0.0714136,-0.0174626),(0.0354183,-0.0714136,-0.0174626),(0.0373457,-0.0714136,-0.0174626),(0.0374615,-0.0713391,-0.0173880),(0.0374615,-0.0713391,-0.0173880),(0.0375662,-0.0712587,-0.0173076),(0.0376569,-0.0711739,-0.0172228),(0.0374615,-0.0713391,-0.0173880),(0.0376569,-0.0711739,-0.0172228),(0.0377337,-0.0710847,-0.0171336),(0.0374615,-0.0713391,-0.0173880),(0.0377337,-0.0710847,-0.0171336),(0.0377965,-0.0709911,-0.0170400),(0.0374615,-0.0713391,-0.0173880),(0.0377965,-0.0709911,-0.0170400),(0.0378454,-0.0708931,-0.0169421),(0.0374615,-0.0713391,-0.0173880),(0.0378454,-0.0708931,-0.0169421),(0.0378802,-0.0707907,-0.0168397),(0.0374615,-0.0713391,-0.0173880),(0.0378802,-0.0707907,-0.0168397),(0.0379012,-0.0706840,-0.0167329),(0.0374615,-0.0713391,-0.0173880),(0.0379012,-0.0706840,-0.0167329),(0.0379082,-0.0705728,-0.0166217),(0.0374615,-0.0713391,-0.0173880),(0.0379082,-0.0705728,-0.0166217),(0.0379082,-0.0689429,-0.0149918),(0.0374615,-0.0713391,-0.0173880),(0.0379082,-0.0689429,-0.0149918),(0.0378928,-0.0688852,-0.0149342),(0.0374615,-0.0713391,-0.0173880),(0.0378928,-0.0688852,-0.0149342),(0.0378468,-0.0688366,-0.0148855),(0.0374615,-0.0713391,-0.0173880),(0.0378468,-0.0688366,-0.0148855),(0.0377785,-0.0688029,-0.0148519),(0.0374615,-0.0713391,-0.0173880),(0.0377785,-0.0688029,-0.0148519),(0.0376965,-0.0687917,-0.0148406),(0.0374615,-0.0713391,-0.0173880),(0.0376965,-0.0687917,-0.0148406),(0.0376145,-0.0688029,-0.0148519),(0.0374615,-0.0713391,-0.0173880),(0.0376145,-0.0688029,-0.0148519),(0.0375462,-0.0688366,-0.0148855),(0.0375462,-0.0688366,-0.0148855),(0.0375002,-0.0688852,-0.0149342),(0.0374848,-0.0689429,-0.0149918),(0.0375462,-0.0688366,-0.0148855),(0.0374848,-0.0689429,-0.0149918),(0.0374848,-0.0705728,-0.0166217),(0.0374615,-0.0713391,-0.0173880),(0.0375462,-0.0688366,-0.0148855),(0.0374848,-0.0705728,-0.0166217),(0.0374615,-0.0713391,-0.0173880),(0.0374848,-0.0705728,-0.0166217),(0.0374797,-0.0706520,-0.0167009),(0.0374615,-0.0713391,-0.0173880),(0.0374797,-0.0706520,-0.0167009),(0.0374644,-0.0707283,-0.0167773),(0.0374615,-0.0713391,-0.0173880),(0.0374644,-0.0707283,-0.0167773),(0.0374388,-0.0708019,-0.0168508),(0.0374615,-0.0713391,-0.0173880),(0.0374388,-0.0708019,-0.0168508),(0.0374031,-0.0708725,-0.0169214),(0.0374615,-0.0713391,-0.0173880),(0.0374031,-0.0708725,-0.0169214),(0.0373571,-0.0709403,-0.0169892),(0.0374615,-0.0713391,-0.0173880),(0.0373571,-0.0709403,-0.0169892),(0.0373009,-0.0710052,-0.0170542),(0.0374615,-0.0713391,-0.0173880),(0.0373009,-0.0710052,-0.0170542),(0.0372344,-0.0710673,-0.0171163),(0.0374615,-0.0713391,-0.0173880),(0.0372344,-0.0710673,-0.0171163),(0.0371578,-0.0711266,-0.0171755),(0.0374615,-0.0713391,-0.0173880),(0.0371578,-0.0711266,-0.0171755),(0.0370759,-0.0711806,-0.0172295),(0.0374615,-0.0713391,-0.0173880),(0.0370759,-0.0711806,-0.0172295),(0.0369896,-0.0712274,-0.0172763),(0.0374615,-0.0713391,-0.0173880),(0.0369896,-0.0712274,-0.0172763),(0.0368988,-0.0712670,-0.0173160),(0.0374615,-0.0713391,-0.0173880),(0.0368988,-0.0712670,-0.0173160),(0.0368035,-0.0712994,-0.0173484),(0.0374615,-0.0713391,-0.0173880),(0.0368035,-0.0712994,-0.0173484),(0.0367038,-0.0713246,-0.0173736),(0.0374615,-0.0713391,-0.0173880),(0.0367038,-0.0713246,-0.0173736),(0.0365996,-0.0713427,-0.0173916),(0.0374615,-0.0713391,-0.0173880),(0.0365996,-0.0713427,-0.0173916),(0.0364909,-0.0713535,-0.0174024),(0.0354183,-0.0714136,-0.0174626),(0.0374615,-0.0713391,-0.0173880),(0.0364909,-0.0713535,-0.0174024),(0.0354183,-0.0714136,-0.0174626),(0.0364909,-0.0713535,-0.0174024),(0.0363778,-0.0713571,-0.0174060),(0.0354183,-0.0714136,-0.0174626),(0.0363778,-0.0713571,-0.0174060),(0.0362667,-0.0713535,-0.0174024),(0.0354183,-0.0714136,-0.0174626),(0.0362667,-0.0713535,-0.0174024),(0.0361597,-0.0713427,-0.0173917),(0.0354183,-0.0714136,-0.0174626),(0.0361597,-0.0713427,-0.0173917),(0.0360570,-0.0713249,-0.0173738),(0.0354183,-0.0714136,-0.0174626),(0.0360570,-0.0713249,-0.0173738),(0.0359584,-0.0712998,-0.0173487),(0.0354183,-0.0714136,-0.0174626),(0.0359584,-0.0712998,-0.0173487),(0.0358641,-0.0712676,-0.0173165),(0.0354183,-0.0714136,-0.0174626),(0.0358641,-0.0712676,-0.0173165),(0.0357740,-0.0712282,-0.0172772),(0.0354183,-0.0714136,-0.0174626),(0.0357740,-0.0712282,-0.0172772),(0.0356880,-0.0711817,-0.0172307),(0.0354183,-0.0714136,-0.0174626),(0.0356880,-0.0711817,-0.0172307),(0.0356063,-0.0711281,-0.0171770),(0.0354183,-0.0714136,-0.0174626),(0.0356063,-0.0711281,-0.0171770),(0.0355316,-0.0710693,-0.0171183),(0.0354183,-0.0714136,-0.0174626),(0.0355316,-0.0710693,-0.0171183),(0.0354669,-0.0710076,-0.0170566),(0.0354183,-0.0714136,-0.0174626),(0.0354669,-0.0710076,-0.0170566),(0.0354122,-0.0709430,-0.0169919),(0.0354183,-0.0714136,-0.0174626),(0.0354122,-0.0709430,-0.0169919),(0.0353674,-0.0708753,-0.0169242),(0.0354183,-0.0714136,-0.0174626),(0.0353674,-0.0708753,-0.0169242),(0.0353325,-0.0708047,-0.0168536),(0.0354183,-0.0714136,-0.0174626),(0.0353325,-0.0708047,-0.0168536),(0.0353076,-0.0707311,-0.0167800),(0.0352927,-0.0706546,-0.0167035),(0.0354183,-0.0714136,-0.0174626),(0.0353076,-0.0707311,-0.0167800),(0.0270854,-0.0690557,-0.0151046),(0.0271386,-0.0689429,-0.0149918),(0.0271235,-0.0688864,-0.0149353),(0.0270854,-0.0690557,-0.0151046),(0.0271235,-0.0688864,-0.0149353),(0.0270782,-0.0688381,-0.0148870),(0.0270854,-0.0690557,-0.0151046),(0.0270782,-0.0688381,-0.0148870),(0.0270100,-0.0688033,-0.0148522),(0.0270854,-0.0690557,-0.0151046),(0.0270100,-0.0688033,-0.0148522),(0.0269258,-0.0687917,-0.0148406),(0.0270854,-0.0690557,-0.0151046),(0.0269258,-0.0687917,-0.0148406),(0.0243054,-0.0687917,-0.0148406),(0.0270854,-0.0690557,-0.0151046),(0.0243054,-0.0687917,-0.0148406),(0.0242123,-0.0688061,-0.0148550),(0.0270854,-0.0690557,-0.0151046),(0.0242123,-0.0688061,-0.0148550),(0.0241382,-0.0688493,-0.0148983),(0.0270854,-0.0690557,-0.0151046),(0.0241382,-0.0688493,-0.0148983),(0.0240916,-0.0689429,-0.0149918),(0.0270854,-0.0690557,-0.0151046),(0.0240916,-0.0689429,-0.0149918),(0.0240916,-0.0689541,-0.0150030),(0.0270854,-0.0690557,-0.0151046),(0.0240916,-0.0689541,-0.0150030),(0.0241519,-0.0690454,-0.0150943),(0.0270854,-0.0690557,-0.0151046),(0.0241519,-0.0690454,-0.0150943),(0.0242231,-0.0690813,-0.0151302),(0.0270854,-0.0690557,-0.0151046),(0.0242231,-0.0690813,-0.0151302),(0.0243054,-0.0690933,-0.0151422),(0.0270854,-0.0690557,-0.0151046),(0.0243054,-0.0690933,-0.0151422),(0.0254050,-0.0690933,-0.0151422),(0.0254050,-0.0690933,-0.0151422),(0.0254050,-0.0715075,-0.0175564),(0.0254204,-0.0715655,-0.0176144),(0.0254050,-0.0690933,-0.0151422),(0.0254204,-0.0715655,-0.0176144),(0.0254664,-0.0716137,-0.0176627),(0.0254050,-0.0690933,-0.0151422),(0.0254664,-0.0716137,-0.0176627),(0.0255347,-0.0716463,-0.0176952),(0.0254050,-0.0690933,-0.0151422),(0.0255347,-0.0716463,-0.0176952),(0.0256167,-0.0716572,-0.0177061),(0.0254050,-0.0690933,-0.0151422),(0.0256167,-0.0716572,-0.0177061),(0.0256987,-0.0716463,-0.0176952),(0.0254050,-0.0690933,-0.0151422),(0.0256987,-0.0716463,-0.0176952),(0.0257670,-0.0716137,-0.0176627),(0.0254050,-0.0690933,-0.0151422),(0.0257670,-0.0716137,-0.0176627),(0.0258130,-0.0715655,-0.0176144),(0.0254050,-0.0690933,-0.0151422),(0.0258130,-0.0715655,-0.0176144),(0.0258283,-0.0715075,-0.0175564),(0.0254050,-0.0690933,-0.0151422),(0.0258283,-0.0715075,-0.0175564),(0.0258283,-0.0690933,-0.0151422),(0.0270854,-0.0690557,-0.0151046),(0.0254050,-0.0690933,-0.0151422),(0.0258283,-0.0690933,-0.0151422),(0.0270854,-0.0690557,-0.0151046),(0.0258283,-0.0690933,-0.0151422),(0.0269258,-0.0690933,-0.0151422),(0.0270854,-0.0690557,-0.0151046),(0.0269258,-0.0690933,-0.0151422),(0.0270189,-0.0690839,-0.0151328)));
#1265=COMPLEX_TRIANGULATED_SURFACE_SET('surface set',#1264,6636,(),(),(),((1,2,3),(4,5,6),(7,8,9),(10,11,12),(13,14,15),(16,17,18),(19,20,21),(22,23,24),(25,26,27),(28,29,30),(31,32,33),(34,35,36),(37,38,39),(40,41,42),(43,44,45),(46,47,48),(49,50,51),(52,53,54),(55,56,57),(58,59,60),(61,62,63),(64,65,66),(67,68,69),(70,71,72),(73,74,75),(76,77,78),(79,80,81),(82,83,84),(85,86,87),(88,89,90),(91,92,93),(94,95,96),(97,98,99),(100,101,102),(103,104,105),(106,107,108),(109,110,111),(112,113,114),(115,116,117),(118,119,120),(121,122,123),(124,125,126),(127,128,129),(130,131,132),(133,134,135),(136,137,138),(139,140,141),(142,143,144),(145,146,147),(148,149,150),(151,152,153),(154,155,156),(157,158,159),(160,161,162),(163,164,165),(166,167,168),(169,170,171),(172,173,174),(175,176,177),(178,179,180),(181,182,183),(184,185,186),(187,188,189),(190,191,192),(193,194,195),(196,197,198),(199,200,201),(202,203,204),(205,206,207),(208,209,210),(211,212,213),(214,215,216),(217,218,219),(220,221,222),(223,224,225),(226,227,228),(229,230,231),(232,233,234),(235,236,237),(238,239,240),(241,242,243),(244,245,246),(247,248,249),(250,251,252),(253,254,255),(256,257,258),(259,260,261),(262,263,264),(265,266,267),(268,269,270),(271,272,273),(274,275,276),(277,278,279),(280,281,282),(283,284,285),(286,287,288),(289,290,291),(292,293,294),(295,296,297),(298,299,300),(301,302,303),(304,305,306),(307,308,309),(310,311,312),(313,314,315),(316,317,318),(319,320,321),(322,323,324),(325,326,327),(328,329,330),(331,332,333),(334,335,336),(337,338,339),(340,341,342),(343,344,345),(346,347,348),(349,350,351),(352,353,354),(355,356,357),(358,359,360),(361,362,363),(364,365,366),(367,368,369),(370,371,372),(373,374,375),(376,377,378),(379,380,381),(382,383,384),(385,386,387),(388,389,390),(391,392,393),(394,395,396),(397,398,399),(400,401,402),(403,404,405),(406,407,408),(409,410,411),(412,413,414),(415,416,417),(418,419,420),(421,422,423),(424,425,426),(427,428,429),(430,431,432),(433,434,435),(436,437,438),(439,440,441),(442,443,444),(445,446,447),(448,449,450),(451,452,453),(454,455,456),(457,458,459),(460,461,462),(463,464,465),(466,467,468),(469,470,471),(472,473,474),(475,476,477),(478,479,480),(481,482,483),(484,485,486),(487,488,489),(490,491,492),(493,494,495),(496,497,498),(499,500,501),(502,503,504),(505,506,507),(508,509,510),(511,512,513),(514,515,516),(517,518,519),(520,521,522),(523,524,525),(526,527,528),(529,530,531),(532,533,534),(535,536,537),(538,539,540),(541,542,543),(544,545,546),(547,548,549),(550,551,552),(553,554,555),(556,557,558),(559,560,561),(562,563,564),(565,566,567),(568,569,570),(571,572,573),(574,575,576),(577,578,579),(580,581,582),(583,584,585),(586,587,588),(589,590,591),(592,593,594),(595,596,597),(598,599,600),(601,602,603),(604,605,606),(607,608,609),(610,611,612),(613,614,615),(616,617,618),(619,620,621),(622,623,624),(625,626,627),(628,629,630),(631,632,633),(634,635,636),(637,638,639),(640,641,642),(643,644,645),(646,647,648),(649,650,651),(652,653,654),(655,656,657),(658,659,660),(661,662,663),(664,665,666),(667,668,669),(670,671,672),(673,674,675),(676,677,678),(679,680,681),(682,683,684),(685,686,687),(688,689,690),(691,692,693),(694,695,696),(697,698,699),(700,701,702),(703,704,705),(706,707,708),(709,710,711),(712,713,714),(715,716,717),(718,719,720),(721,722,723),(724,725,726),(727,728,729),(730,731,732),(733,734,735),(736,737,738),(739,740,741),(742,743,744),(745,746,747),(748,749,750),(751,752,753),(754,755,756),(757,758,759),(760,761,762),(763,764,765),(766,767,768),(769,770,771),(772,773,774),(775,776,777),(778,779,780),(781,782,783),(784,785,786),(787,788,789),(790,791,792),(793,794,795),(796,797,798),(799,800,801),(802,803,804),(805,806,807),(808,809,810),(811,812,813),(814,815,816),(817,818,819),(820,821,822),(823,824,825),(826,827,828),(829,830,831),(832,833,834),(835,836,837),(838,839,840),(841,842,843),(844,845,846),(847,848,849),(850,851,852),(853,854,855),(856,857,858),(859,860,861),(862,863,864),(865,866,867),(868,869,870),(871,872,873),(874,875,876),(877,878,879),(880,881,882),(883,884,885),(886,887,888),(889,890,891),(892,893,894),(895,896,897),(898,899,900),(901,902,903),(904,905,906),(907,908,909),(910,911,912),(913,914,915),(916,917,918),(919,920,921),(922,923,924),(925,926,927),(928,929,930),(931,932,933),(934,935,936),(937,938,939),(940,941,942),(943,944,945),(946,947,948),(949,950,951),(952,953,954),(955,956,957),(958,959,960),(961,962,963),(964,965,966),(967,968,969),(970,971,972),(973,974,975),(976,977,978),(979,980,981),(982,983,984),(985,986,987),(988,989,990),(991,992,993),(994,995,996),(997,998,999),(1000,1001,1002),(1003,1004,1005),(1006,1007,1008),(1009,1010,1011),(1012,1013,1014),(1015,1016,1017),(1018,1019,1020),(1021,1022,1023),(1024,1025,1026),(1027,1028,1029),(1030,1031,1032),(1033,1034,1035),(1036,1037,1038),(1039,1040,1041),(1042,1043,1044),(1045,1046,1047),(1048,1049,1050),(1051,1052,1053),(1054,1055,1056),(1057,1058,1059),(1060,1061,1062),(1063,1064,1065),(1066,1067,1068),(1069,1070,1071),(1072,1073,1074),(1075,1076,1077),(1078,1079,1080),(1081,1082,1083),(1084,1085,1086),(1087,1088,1089),(1090,1091,1092),(1093,1094,1095),(1096,1097,1098),(1099,1100,1101),(1102,1103,1104),(1105,1106,1107),(1108,1109,1110),(1111,1112,1113),(1114,1115,1116),(1117,1118,1119),(1120,1121,1122),(1123,1124,1125),(1126,1127,1128),(1129,1130,1131),(1132,1133,1134),(1135,1136,1137),(1138,1139,1140),(1141,1142,1143),(1144,1145,1146),(1147,1148,1149),(1150,1151,1152),(1153,1154,1155),(1156,1157,1158),(1159,1160,1161),(1162,1163,1164),(1165,1166,1167),(1168,1169,1170),(1171,1172,1173),(1174,1175,1176),(1177,1178,1179),(1180,1181,1182),(1183,1184,1185),(1186,1187,1188),(1189,1190,1191),(1192,1193,1194),(1195,1196,1197),(1198,1199,1200),(1201,1202,1203),(1204,1205,1206),(1207,1208,1209),(1210,1211,1212),(1213,1214,1215),(1216,1217,1218),(1219,1220,1221),(1222,1223,1224),(1225,1226,1227),(1228,1229,1230),(1231,1232,1233),(1234,1235,1236),(1237,1238,1239),(1240,1241,1242),(1243,1244,1245),(1246,1247,1248),(1249,1250,1251),(1252,1253,1254),(1255,1256,1257),(1258,1259,1260),(1261,1262,1263),(1264,1265,1266),(1267,1268,1269),(1270,1271,1272),(1273,1274,1275),(1276,1277,1278),(1279,1280,1281),(1282,1283,1284),(1285,1286,1287),(1288,1289,1290),(1291,1292,1293),(1294,1295,1296),(1297,1298,1299),(1300,1301,1302),(1303,1304,1305),(1306,1307,1308),(1309,1310,1311),(1312,1313,1314),(1315,1316,1317),(1318,1319,1320),(1321,1322,1323),(1324,1325,1326),(1327,1328,1329),(1330,1331,1332),(1333,1334,1335),(1336,1337,1338),(1339,1340,1341),(1342,1343,1344),(1345,1346,1347),(1348,1349,1350),(1351,1352,1353),(1354,1355,1356),(1357,1358,1359),(1360,1361,1362),(1363,1364,1365),(1366,1367,1368),(1369,1370,1371),(1372,1373,1374),(1375,1376,1377),(1378,1379,1380),(1381,1382,1383),(1384,1385,1386),(1387,1388,1389),(1390,1391,1392),(1393,1394,1395),(1396,1397,1398),(1399,1400,1401),(1402,1403,1404),(1405,1406,1407),(1408,1409,1410),(1411,1412,1413),(1414,1415,1416),(1417,1418,1419),(1420,1421,1422),(1423,1424,1425),(1426,1427,1428),(1429,1430,1431),(1432,1433,1434),(1435,1436,1437),(1438,1439,1440),(1441,1442,1443),(1444,1445,1446),(1447,1448,1449),(1450,1451,1452),(1453,1454,1455),(1456,1457,1458),(1459,1460,1461),(1462,1463,1464),(1465,1466,1467),(1468,1469,1470),(1471,1472,1473),(1474,1475,1476),(1477,1478,1479),(1480,1481,1482),(1483,1484,1485),(1486,1487,1488),(1489,1490,1491),(1492,1493,1494),(1495,1496,1497),(1498,1499,1500),(1501,1502,1503),(1504,1505,1506),(1507,1508,1509),(1510,1511,1512),(1513,1514,1515),(1516,1517,1518),(1519,1520,1521),(1522,1523,1524),(1525,1526,1527),(1528,1529,1530),(1531,1532,1533),(1534,1535,1536),(1537,1538,1539),(1540,1541,1542),(1543,1544,1545),(1546,1547,1548),(1549,1550,1551),(1552,1553,1554),(1555,1556,1557),(1558,1559,1560),(1561,1562,1563),(1564,1565,1566),(1567,1568,1569),(1570,1571,1572),(1573,1574,1575),(1576,1577,1578),(1579,1580,1581),(1582,1583,1584),(1585,1586,1587),(1588,1589,1590),(1591,1592,1593),(1594,1595,1596),(1597,1598,1599),(1600,1601,1602),(1603,1604,1605),(1606,1607,1608),(1609,1610,1611),(1612,1613,1614),(1615,1616,1617),(1618,1619,1620),(1621,1622,1623),(1624,1625,1626),(1627,1628,1629),(1630,1631,1632),(1633,1634,1635),(1636,1637,1638),(1639,1640,1641),(1642,1643,1644),(1645,1646,1647),(1648,1649,1650),(1651,1652,1653),(1654,1655,1656),(1657,1658,1659),(1660,1661,1662),(1663,1664,1665),(1666,1667,1668),(1669,1670,1671),(1672,1673,1674),(1675,1676,1677),(1678,1679,1680),(1681,1682,1683),(1684,1685,1686),(1687,1688,1689),(1690,1691,1692),(1693,1694,1695),(1696,1697,1698),(1699,1700,1701),(1702,1703,1704),(1705,1706,1707),(1708,1709,1710),(1711,1712,1713),(1714,1715,1716),(1717,1718,1719),(1720,1721,1722),(1723,1724,1725),(1726,1727,1728),(1729,1730,1731),(1732,1733,1734),(1735,1736,1737),(1738,1739,1740),(1741,1742,1743),(1744,1745,1746),(1747,1748,1749),(1750,1751,1752),(1753,1754,1755),(1756,1757,1758),(1759,1760,1761),(1762,1763,1764),(1765,1766,1767),(1768,1769,1770),(1771,1772,1773),(1774,1775,1776),(1777,1778,1779),(1780,1781,1782),(1783,1784,1785),(1786,1787,1788),(1789,1790,1791),(1792,1793,1794),(1795,1796,1797),(1798,1799,1800),(1801,1802,1803),(1804,1805,1806),(1807,1808,1809),(1810,1811,1812),(1813,1814,1815),(1816,1817,1818),(1819,1820,1821),(1822,1823,1824),(1825,1826,1827),(1828,1829,1830),(1831,1832,1833),(1834,1835,1836),(1837,1838,1839),(1840,1841,1842),(1843,1844,1845),(1846,1847,1848),(1849,1850,1851),(1852,1853,1854),(1855,1856,1857),(1858,1859,1860),(1861,1862,1863),(1864,1865,1866),(1867,1868,1869),(1870,1871,1872),(1873,1874,1875),(1876,1877,1878),(1879,1880,1881),(1882,1883,1884),(1885,1886,1887),(1888,1889,1890),(1891,1892,1893),(1894,1895,1896),(1897,1898,1899),(1900,1901,1902),(1903,1904,1905),(1906,1907,1908),(1909,1910,1911),(1912,1913,1914),(1915,1916,1917),(1918,1919,1920),(1921,1922,1923),(1924,1925,1926),(1927,1928,1929),(1930,1931,1932),(1933,1934,1935),(1936,1937,1938),(1939,1940,1941),(1942,1943,1944),(1945,1946,1947),(1948,1949,1950),(1951,1952,1953),(1954,1955,1956),(1957,1958,1959),(1960,1961,1962),(1963,1964,1965),(1966,1967,1968),(1969,1970,1971),(1972,1973,1974),(1975,1976,1977),(1978,1979,1980),(1981,1982,1983),(1984,1985,1986),(1987,1988,1989),(1990,1991,1992),(1993,1994,1995),(1996,1997,1998),(1999,2000,2001),(2002,2003,2004),(2005,2006,2007),(2008,2009,2010),(2011,2012,2013),(2014,2015,2016),(2017,2018,2019),(2020,2021,2022),(2023,2024,2025),(2026,2027,2028),(2029,2030,2031),(2032,2033,2034),(2035,2036,2037),(2038,2039,2040),(2041,2042,2043),(2044,2045,2046),(2047,2048,2049),(2050,2051,2052),(2053,2054,2055),(2056,2057,2058),(2059,2060,2061),(2062,2063,2064),(2065,2066,2067),(2068,2069,2070),(2071,2072,2073),(2074,2075,2076),(2077,2078,2079),(2080,2081,2082),(2083,2084,2085),(2086,2087,2088),(2089,2090,2091),(2092,2093,2094),(2095,2096,2097),(2098,2099,2100),(2101,2102,2103),(2104,2105,2106),(2107,2108,2109),(2110,2111,2112),(2113,2114,2115),(2116,2117,2118),(2119,2120,2121),(2122,2123,2124),(2125,2126,2127),(2128,2129,2130),(2131,2132,2133),(2134,2135,2136),(2137,2138,2139),(2140,2141,2142),(2143,2144,2145),(2146,2147,2148),(2149,2150,2151),(2152,2153,2154),(2155,2156,2157),(2158,2159,2160),(2161,2162,2163),(2164,2165,2166),(2167,2168,2169),(2170,2171,2172),(2173,2174,2175),(2176,2177,2178),(2179,2180,2181),(2182,2183,2184),(2185,2186,2187),(2188,2189,2190),(2191,2192,2193),(2194,2195,2196),(2197,2198,2199),(2200,2201,2202),(2203,2204,2205),(2206,2207,2208),(2209,2210,2211),(2212,2213,2214),(2215,2216,2217),(2218,2219,2220),(2221,2222,2223),(2224,2225,2226),(2227,2228,2229),(2230,2231,2232),(2233,2234,2235),(2236,2237,2238),(2239,2240,2241),(2242,2243,2244),(2245,2246,2247),(2248,2249,2250),(2251,2252,2253),(2254,2255,2256),(2257,2258,2259),(2260,2261,2262),(2263,2264,2265),(2266,2267,2268),(2269,2270,2271),(2272,2273,2274),(2275,2276,2277),(2278,2279,2280),(2281,2282,2283),(2284,2285,2286),(2287,2288,2289),(2290,2291,2292),(2293,2294,2295),(2296,2297,2298),(2299,2300,2301),(2302,2303,2304),(2305,2306,2307),(2308,2309,2310),(2311,2312,2313),(2314,2315,2316),(2317,2318,2319),(2320,2321,2322),(2323,2324,2325),(2326,2327,2328),(2329,2330,2331),(2332,2333,2334),(2335,2336,2337),(2338,2339,2340),(2341,2342,2343),(2344,2345,2346),(2347,2348,2349),(2350,2351,2352),(2353,2354,2355),(2356,2357,2358),(2359,2360,2361),(2362,2363,2364),(2365,2366,2367),(2368,2369,2370),(2371,2372,2373),(2374,2375,2376),(2377,2378,2379),(2380,2381,2382),(2383,2384,2385),(2386,2387,2388),(2389,2390,2391),(2392,2393,2394),(2395,2396,2397),(2398,2399,2400),(2401,2402,2403),(2404,2405,2406),(2407,2408,2409),(2410,2411,2412),(2413,2414,2415),(2416,2417,2418),(2419,2420,2421),(2422,2423,2424),(2425,2426,2427),(2428,2429,2430),(2431,2432,2433),(2434,2435,2436),(2437,2438,2439),(2440,2441,2442),(2443,2444,2445),(2446,2447,2448),(2449,2450,2451),(2452,2453,2454),(2455,2456,2457),(2458,2459,2460),(2461,2462,2463),(2464,2465,2466),(2467,2468,2469),(2470,2471,2472),(2473,2474,2475),(2476,2477,2478),(2479,2480,2481),(2482,2483,2484),(2485,2486,2487),(2488,2489,2490),(2491,2492,2493),(2494,2495,2496),(2497,2498,2499),(2500,2501,2502),(2503,2504,2505),(2506,2507,2508),(2509,2510,2511),(2512,2513,2514),(2515,2516,2517),(2518,2519,2520),(2521,2522,2523),(2524,2525,2526),(2527,2528,2529),(2530,2531,2532),(2533,2534,2535),(2536,2537,2538),(2539,2540,2541),(2542,2543,2544),(2545,2546,2547),(2548,2549,2550),(2551,2552,2553),(2554,2555,2556),(2557,2558,2559),(2560,2561,2562),(2563,2564,2565),(2566,2567,2568),(2569,2570,2571),(2572,2573,2574),(2575,2576,2577),(2578,2579,2580),(2581,2582,2583),(2584,2585,2586),(2587,2588,2589),(2590,2591,2592),(2593,2594,2595),(2596,2597,2598),(2599,2600,2601),(2602,2603,2604),(2605,2606,2607),(2608,2609,2610),(2611,2612,2613),(2614,2615,2616),(2617,2618,2619),(2620,2621,2622),(2623,2624,2625),(2626,2627,2628),(2629,2630,2631),(2632,2633,2634),(2635,2636,2637),(2638,2639,2640),(2641,2642,2643),(2644,2645,2646),(2647,2648,2649),(2650,2651,2652),(2653,2654,2655),(2656,2657,2658),(2659,2660,2661),(2662,2663,2664),(2665,2666,2667),(2668,2669,2670),(2671,2672,2673),(2674,2675,2676),(2677,2678,2679),(2680,2681,2682),(2683,2684,2685),(2686,2687,2688),(2689,2690,2691),(2692,2693,2694),(2695,2696,2697),(2698,2699,2700),(2701,2702,2703),(2704,2705,2706),(2707,2708,2709),(2710,2711,2712),(2713,2714,2715),(2716,2717,2718),(2719,2720,2721),(2722,2723,2724),(2725,2726,2727),(2728,2729,2730),(2731,2732,2733),(2734,2735,2736),(2737,2738,2739),(2740,2741,2742),(2743,2744,2745),(2746,2747,2748),(2749,2750,2751),(2752,2753,2754),(2755,2756,2757),(2758,2759,2760),(2761,2762,2763),(2764,2765,2766),(2767,2768,2769),(2770,2771,2772),(2773,2774,2775),(2776,2777,2778),(2779,2780,2781),(2782,2783,2784),(2785,2786,2787),(2788,2789,2790),(2791,2792,2793),(2794,2795,2796),(2797,2798,2799),(2800,2801,2802),(2803,2804,2805),(2806,2807,2808),(2809,2810,2811),(2812,2813,2814),(2815,2816,2817),(2818,2819,2820),(2821,2822,2823),(2824,2825,2826),(2827,2828,2829),(2830,2831,2832),(2833,2834,2835),(2836,2837,2838),(2839,2840,2841),(2842,2843,2844),(2845,2846,2847),(2848,2849,2850),(2851,2852,2853),(2854,2855,2856),(2857,2858,2859),(2860,2861,2862),(2863,2864,2865),(2866,2867,2868),(2869,2870,2871),(2872,2873,2874),(2875,2876,2877),(2878,2879,2880),(2881,2882,2883),(2884,2885,2886),(2887,2888,2889),(2890,2891,2892),(2893,2894,2895),(2896,2897,2898),(2899,2900,2901),(2902,2903,2904),(2905,2906,2907),(2908,2909,2910),(2911,2912,2913),(2914,2915,2916),(2917,2918,2919),(2920,2921,2922),(2923,2924,2925),(2926,2927,2928),(2929,2930,2931),(2932,2933,2934),(2935,2936,2937),(2938,2939,2940),(2941,2942,2943),(2944,2945,2946),(2947,2948,2949),(2950,2951,2952),(2953,2954,2955),(2956,2957,2958),(2959,2960,2961),(2962,2963,2964),(2965,2966,2967),(2968,2969,2970),(2971,2972,2973),(2974,2975,2976),(2977,2978,2979),(2980,2981,2982),(2983,2984,2985),(2986,2987,2988),(2989,2990,2991),(2992,2993,2994),(2995,2996,2997),(2998,2999,3000),(3001,3002,3003),(3004,3005,3006),(3007,3008,3009),(3010,3011,3012),(3013,3014,3015),(3016,3017,3018),(3019,3020,3021),(3022,3023,3024),(3025,3026,3027),(3028,3029,3030),(3031,3032,3033),(3034,3035,3036),(3037,3038,3039),(3040,3041,3042),(3043,3044,3045),(3046,3047,3048),(3049,3050,3051),(3052,3053,3054),(3055,3056,3057),(3058,3059,3060),(3061,3062,3063),(3064,3065,3066),(3067,3068,3069),(3070,3071,3072),(3073,3074,3075),(3076,3077,3078),(3079,3080,3081),(3082,3083,3084),(3085,3086,3087),(3088,3089,3090),(3091,3092,3093),(3094,3095,3096),(3097,3098,3099),(3100,3101,3102),(3103,3104,3105),(3106,3107,3108),(3109,3110,3111),(3112,3113,3114),(3115,3116,3117),(3118,3119,3120),(3121,3122,3123),(3124,3125,3126),(3127,3128,3129),(3130,3131,3132),(3133,3134,3135),(3136,3137,3138),(3139,3140,3141),(3142,3143,3144),(3145,3146,3147),(3148,3149,3150),(3151,3152,3153),(3154,3155,3156),(3157,3158,3159),(3160,3161,3162),(3163,3164,3165),(3166,3167,3168),(3169,3170,3171),(3172,3173,3174),(3175,3176,3177),(3178,3179,3180),(3181,3182,3183),(3184,3185,3186),(3187,3188,3189),(3190,3191,3192),(3193,3194,3195),(3196,3197,3198),(3199,3200,3201),(3202,3203,3204),(3205,3206,3207),(3208,3209,3210),(3211,3212,3213),(3214,3215,3216),(3217,3218,3219),(3220,3221,3222),(3223,3224,3225),(3226,3227,3228),(3229,3230,3231),(3232,3233,3234),(3235,3236,3237),(3238,3239,3240),(3241,3242,3243),(3244,3245,3246),(3247,3248,3249),(3250,3251,3252),(3253,3254,3255),(3256,3257,3258),(3259,3260,3261),(3262,3263,3264),(3265,3266,3267),(3268,3269,3270),(3271,3272,3273),(3274,3275,3276),(3277,3278,3279),(3280,3281,3282),(3283,3284,3285),(3286,3287,3288),(3289,3290,3291),(3292,3293,3294),(3295,3296,3297),(3298,3299,3300),(3301,3302,3303),(3304,3305,3306),(3307,3308,3309),(3310,3311,3312),(3313,3314,3315),(3316,3317,3318),(3319,3320,3321),(3322,3323,3324),(3325,3326,3327),(3328,3329,3330),(3331,3332,3333),(3334,3335,3336),(3337,3338,3339),(3340,3341,3342),(3343,3344,3345),(3346,3347,3348),(3349,3350,3351),(3352,3353,3354),(3355,3356,3357),(3358,3359,3360),(3361,3362,3363),(3364,3365,3366),(3367,3368,3369),(3370,3371,3372),(3373,3374,3375),(3376,3377,3378),(3379,3380,3381),(3382,3383,3384),(3385,3386,3387),(3388,3389,3390),(3391,3392,3393),(3394,3395,3396),(3397,3398,3399),(3400,3401,3402),(3403,3404,3405),(3406,3407,3408),(3409,3410,3411),(3412,3413,3414),(3415,3416,3417),(3418,3419,3420),(3421,3422,3423),(3424,3425,3426),(3427,3428,3429),(3430,3431,3432),(3433,3434,3435),(3436,3437,3438),(3439,3440,3441),(3442,3443,3444),(3445,3446,3447),(3448,3449,3450),(3451,3452,3453),(3454,3455,3456),(3457,3458,3459),(3460,3461,3462),(3463,3464,3465),(3466,3467,3468),(3469,3470,3471),(3472,3473,3474),(3475,3476,3477),(3478,3479,3480),(3481,3482,3483),(3484,3485,3486),(3487,3488,3489),(3490,3491,3492),(3493,3494,3495),(3496,3497,3498),(3499,3500,3501),(3502,3503,3504),(3505,3506,3507),(3508,3509,3510),(3511,3512,3513),(3514,3515,3516),(3517,3518,3519),(3520,3521,3522),(3523,3524,3525),(3526,3527,3528),(3529,3530,3531),(3532,3533,3534),(3535,3536,3537),(3538,3539,3540),(3541,3542,3543),(3544,3545,3546),(3547,3548,3549),(3550,3551,3552),(3553,3554,3555),(3556,3557,3558),(3559,3560,3561),(3562,3563,3564),(3565,3566,3567),(3568,3569,3570),(3571,3572,3573),(3574,3575,3576),(3577,3578,3579),(3580,3581,3582),(3583,3584,3585),(3586,3587,3588),(3589,3590,3591),(3592,3593,3594),(3595,3596,3597),(3598,3599,3600),(3601,3602,3603),(3604,3605,3606),(3607,3608,3609),(3610,3611,3612),(3613,3614,3615),(3616,3617,3618),(3619,3620,3621),(3622,3623,3624),(3625,3626,3627),(3628,3629,3630),(3631,3632,3633),(3634,3635,3636),(3637,3638,3639),(3640,3641,3642),(3643,3644,3645),(3646,3647,3648),(3649,3650,3651),(3652,3653,3654),(3655,3656,3657),(3658,3659,3660),(3661,3662,3663),(3664,3665,3666),(3667,3668,3669),(3670,3671,3672),(3673,3674,3675),(3676,3677,3678),(3679,3680,3681),(3682,3683,3684),(3685,3686,3687),(3688,3689,3690),(3691,3692,3693),(3694,3695,3696),(3697,3698,3699),(3700,3701,3702),(3703,3704,3705),(3706,3707,3708),(3709,3710,3711),(3712,3713,3714),(3715,3716,3717),(3718,3719,3720),(3721,3722,3723),(3724,3725,3726),(3727,3728,3729),(3730,3731,3732),(3733,3734,3735),(3736,3737,3738),(3739,3740,3741),(3742,3743,3744),(3745,3746,3747),(3748,3749,3750),(3751,3752,3753),(3754,3755,3756),(3757,3758,3759),(3760,3761,3762),(3763,3764,3765),(3766,3767,3768),(3769,3770,3771),(3772,3773,3774),(3775,3776,3777),(3778,3779,3780),(3781,3782,3783),(3784,3785,3786),(3787,3788,3789),(3790,3791,3792),(3793,3794,3795),(3796,3797,3798),(3799,3800,3801),(3802,3803,3804),(3805,3806,3807),(3808,3809,3810),(3811,3812,3813),(3814,3815,3816),(3817,3818,3819),(3820,3821,3822),(3823,3824,3825),(3826,3827,3828),(3829,3830,3831),(3832,3833,3834),(3835,3836,3837),(3838,3839,3840),(3841,3842,3843),(3844,3845,3846),(3847,3848,3849),(3850,3851,3852),(3853,3854,3855),(3856,3857,3858),(3859,3860,3861),(3862,3863,3864),(3865,3866,3867),(3868,3869,3870),(3871,3872,3873),(3874,3875,3876),(3877,3878,3879),(3880,3881,3882),(3883,3884,3885),(3886,3887,3888),(3889,3890,3891),(3892,3893,3894),(3895,3896,3897),(3898,3899,3900),(3901,3902,3903),(3904,3905,3906),(3907,3908,3909),(3910,3911,3912),(3913,3914,3915),(3916,3917,3918),(3919,3920,3921),(3922,3923,3924),(3925,3926,3927),(3928,3929,3930),(3931,3932,3933),(3934,3935,3936),(3937,3938,3939),(3940,3941,3942),(3943,3944,3945),(3946,3947,3948),(3949,3950,3951),(3952,3953,3954),(3955,3956,3957),(3958,3959,3960),(3961,3962,3963),(3964,3965,3966),(3967,3968,3969),(3970,3971,3972),(3973,3974,3975),(3976,3977,3978),(3979,3980,3981),(3982,3983,3984),(3985,3986,3987),(3988,3989,3990),(3991,3992,3993),(3994,3995,3996),(3997,3998,3999),(4000,4001,4002),(4003,4004,4005),(4006,4007,4008),(4009,4010,4011),(4012,4013,4014),(4015,4016,4017),(4018,4019,4020),(4021,4022,4023),(4024,4025,4026),(4027,4028,4029),(4030,4031,4032),(4033,4034,4035),(4036,4037,4038),(4039,4040,4041),(4042,4043,4044),(4045,4046,4047),(4048,4049,4050),(4051,4052,4053),(4054,4055,4056),(4057,4058,4059),(4060,4061,4062),(4063,4064,4065),(4066,4067,4068),(4069,4070,4071),(4072,4073,4074),(4075,4076,4077),(4078,4079,4080),(4081,4082,4083),(4084,4085,4086),(4087,4088,4089),(4090,4091,4092),(4093,4094,4095),(4096,4097,4098),(4099,4100,4101),(4102,4103,4104),(4105,4106,4107),(4108,4109,4110),(4111,4112,4113),(4114,4115,4116),(4117,4118,4119),(4120,4121,4122),(4123,4124,4125),(4126,4127,4128),(4129,4130,4131),(4132,4133,4134),(4135,4136,4137),(4138,4139,4140),(4141,4142,4143),(4144,4145,4146),(4147,4148,4149),(4150,4151,4152),(4153,4154,4155),(4156,4157,4158),(4159,4160,4161),(4162,4163,4164),(4165,4166,4167),(4168,4169,4170),(4171,4172,4173),(4174,4175,4176),(4177,4178,4179),(4180,4181,4182),(4183,4184,4185),(4186,4187,4188),(4189,4190,4191),(4192,4193,4194),(4195,4196,4197),(4198,4199,4200),(4201,4202,4203),(4204,4205,4206),(4207,4208,4209),(4210,4211,4212),(4213,4214,4215),(4216,4217,4218),(4219,4220,4221),(4222,4223,4224),(4225,4226,4227),(4228,4229,4230),(4231,4232,4233),(4234,4235,4236),(4237,4238,4239),(4240,4241,4242),(4243,4244,4245),(4246,4247,4248),(4249,4250,4251),(4252,4253,4254),(4255,4256,4257),(4258,4259,4260),(4261,4262,4263),(4264,4265,4266),(4267,4268,4269),(4270,4271,4272),(4273,4274,4275),(4276,4277,4278),(4279,4280,4281),(4282,4283,4284),(4285,4286,4287),(4288,4289,4290),(4291,4292,4293),(4294,4295,4296),(4297,4298,4299),(4300,4301,4302),(4303,4304,4305),(4306,4307,4308),(4309,4310,4311),(4312,4313,4314),(4315,4316,4317),(4318,4319,4320),(4321,4322,4323),(4324,4325,4326),(4327,4328,4329),(4330,4331,4332),(4333,4334,4335),(4336,4337,4338),(4339,4340,4341),(4342,4343,4344),(4345,4346,4347),(4348,4349,4350),(4351,4352,4353),(4354,4355,4356),(4357,4358,4359),(4360,4361,4362),(4363,4364,4365),(4366,4367,4368),(4369,4370,4371),(4372,4373,4374),(4375,4376,4377),(4378,4379,4380),(4381,4382,4383),(4384,4385,4386),(4387,4388,4389),(4390,4391,4392),(4393,4394,4395),(4396,4397,4398),(4399,4400,4401),(4402,4403,4404),(4405,4406,4407),(4408,4409,4410),(4411,4412,4413),(4414,4415,4416),(4417,4418,4419),(4420,4421,4422),(4423,4424,4425),(4426,4427,4428),(4429,4430,4431),(4432,4433,4434),(4435,4436,4437),(4438,4439,4440),(4441,4442,4443),(4444,4445,4446),(4447,4448,4449),(4450,4451,4452),(4453,4454,4455),(4456,4457,4458),(4459,4460,4461),(4462,4463,4464),(4465,4466,4467),(4468,4469,4470),(4471,4472,4473),(4474,4475,4476),(4477,4478,4479),(4480,4481,4482),(4483,4484,4485),(4486,4487,4488),(4489,4490,4491),(4492,4493,4494),(4495,4496,4497),(4498,4499,4500),(4501,4502,4503),(4504,4505,4506),(4507,4508,4509),(4510,4511,4512),(4513,4514,4515),(4516,4517,4518),(4519,4520,4521),(4522,4523,4524),(4525,4526,4527),(4528,4529,4530),(4531,4532,4533),(4534,4535,4536),(4537,4538,4539),(4540,4541,4542),(4543,4544,4545),(4546,4547,4548),(4549,4550,4551),(4552,4553,4554),(4555,4556,4557),(4558,4559,4560),(4561,4562,4563),(4564,4565,4566),(4567,4568,4569),(4570,4571,4572),(4573,4574,4575),(4576,4577,4578),(4579,4580,4581),(4582,4583,4584),(4585,4586,4587),(4588,4589,4590),(4591,4592,4593),(4594,4595,4596),(4597,4598,4599),(4600,4601,4602),(4603,4604,4605),(4606,4607,4608),(4609,4610,4611),(4612,4613,4614),(4615,4616,4617),(4618,4619,4620),(4621,4622,4623),(4624,4625,4626),(4627,4628,4629),(4630,4631,4632),(4633,4634,4635),(4636,4637,4638),(4639,4640,4641),(4642,4643,4644),(4645,4646,4647),(4648,4649,4650),(4651,4652,4653),(4654,4655,4656),(4657,4658,4659),(4660,4661,4662),(4663,4664,4665),(4666,4667,4668),(4669,4670,4671),(4672,4673,4674),(4675,4676,4677),(4678,4679,4680),(4681,4682,4683),(4684,4685,4686),(4687,4688,4689),(4690,4691,4692),(4693,4694,4695),(4696,4697,4698),(4699,4700,4701),(4702,4703,4704),(4705,4706,4707),(4708,4709,4710),(4711,4712,4713),(4714,4715,4716),(4717,4718,4719),(4720,4721,4722),(4723,4724,4725),(4726,4727,4728),(4729,4730,4731),(4732,4733,4734),(4735,4736,4737),(4738,4739,4740),(4741,4742,4743),(4744,4745,4746),(4747,4748,4749),(4750,4751,4752),(4753,4754,4755),(4756,4757,4758),(4759,4760,4761),(4762,4763,4764),(4765,4766,4767),(4768,4769,4770),(4771,4772,4773),(4774,4775,4776),(4777,4778,4779),(4780,4781,4782),(4783,4784,4785),(4786,4787,4788),(4789,4790,4791),(4792,4793,4794),(4795,4796,4797),(4798,4799,4800),(4801,4802,4803),(4804,4805,4806),(4807,4808,4809),(4810,4811,4812),(4813,4814,4815),(4816,4817,4818),(4819,4820,4821),(4822,4823,4824),(4825,4826,4827),(4828,4829,4830),(4831,4832,4833),(4834,4835,4836),(4837,4838,4839),(4840,4841,4842),(4843,4844,4845),(4846,4847,4848),(4849,4850,4851),(4852,4853,4854),(4855,4856,4857),(4858,4859,4860),(4861,4862,4863),(4864,4865,4866),(4867,4868,4869),(4870,4871,4872),(4873,4874,4875),(4876,4877,4878),(4879,4880,4881),(4882,4883,4884),(4885,4886,4887),(4888,4889,4890),(4891,4892,4893),(4894,4895,4896),(4897,4898,4899),(4900,4901,4902),(4903,4904,4905),(4906,4907,4908),(4909,4910,4911),(4912,4913,4914),(4915,4916,4917),(4918,4919,4920),(4921,4922,4923),(4924,4925,4926),(4927,4928,4929),(4930,4931,4932),(4933,4934,4935),(4936,4937,4938),(4939,4940,4941),(4942,4943,4944),(4945,4946,4947),(4948,4949,4950),(4951,4952,4953),(4954,4955,4956),(4957,4958,4959),(4960,4961,4962),(4963,4964,4965),(4966,4967,4968),(4969,4970,4971),(4972,4973,4974),(4975,4976,4977),(4978,4979,4980),(4981,4982,4983),(4984,4985,4986),(4987,4988,4989),(4990,4991,4992),(4993,4994,4995),(4996,4997,4998),(4999,5000,5001),(5002,5003,5004),(5005,5006,5007),(5008,5009,5010),(5011,5012,5013),(5014,5015,5016),(5017,5018,5019),(5020,5021,5022),(5023,5024,5025),(5026,5027,5028),(5029,5030,5031),(5032,5033,5034),(5035,5036,5037),(5038,5039,5040),(5041,5042,5043),(5044,5045,5046),(5047,5048,5049),(5050,5051,5052),(5053,5054,5055),(5056,5057,5058),(5059,5060,5061),(5062,5063,5064),(5065,5066,5067),(5068,5069,5070),(5071,5072,5073),(5074,5075,5076),(5077,5078,5079),(5080,5081,5082),(5083,5084,5085),(5086,5087,5088),(5089,5090,5091),(5092,5093,5094),(5095,5096,5097),(5098,5099,5100),(5101,5102,5103),(5104,5105,5106),(5107,5108,5109),(5110,5111,5112),(5113,5114,5115),(5116,5117,5118),(5119,5120,5121),(5122,5123,5124),(5125,5126,5127),(5128,5129,5130),(5131,5132,5133),(5134,5135,5136),(5137,5138,5139),(5140,5141,5142),(5143,5144,5145),(5146,5147,5148),(5149,5150,5151),(5152,5153,5154),(5155,5156,5157),(5158,5159,5160),(5161,5162,5163),(5164,5165,5166),(5167,5168,5169),(5170,5171,5172),(5173,5174,5175),(5176,5177,5178),(5179,5180,5181),(5182,5183,5184),(5185,5186,5187),(5188,5189,5190),(5191,5192,5193),(5194,5195,5196),(5197,5198,5199),(5200,5201,5202),(5203,5204,5205),(5206,5207,5208),(5209,5210,5211),(5212,5213,5214),(5215,5216,5217),(5218,5219,5220),(5221,5222,5223),(5224,5225,5226),(5227,5228,5229),(5230,5231,5232),(5233,5234,5235),(5236,5237,5238),(5239,5240,5241),(5242,5243,5244),(5245,5246,5247),(5248,5249,5250),(5251,5252,5253),(5254,5255,5256),(5257,5258,5259),(5260,5261,5262),(5263,5264,5265),(5266,5267,5268),(5269,5270,5271),(5272,5273,5274),(5275,5276,5277),(5278,5279,5280),(5281,5282,5283),(5284,5285,5286),(5287,5288,5289),(5290,5291,5292),(5293,5294,5295),(5296,5297,5298),(5299,5300,5301),(5302,5303,5304),(5305,5306,5307),(5308,5309,5310),(5311,5312,5313),(5314,5315,5316),(5317,5318,5319),(5320,5321,5322),(5323,5324,5325),(5326,5327,5328),(5329,5330,5331),(5332,5333,5334),(5335,5336,5337),(5338,5339,5340),(5341,5342,5343),(5344,5345,5346),(5347,5348,5349),(5350,5351,5352),(5353,5354,5355),(5356,5357,5358),(5359,5360,5361),(5362,5363,5364),(5365,5366,5367),(5368,5369,5370),(5371,5372,5373),(5374,5375,5376),(5377,5378,5379),(5380,5381,5382),(5383,5384,5385),(5386,5387,5388),(5389,5390,5391),(5392,5393,5394),(5395,5396,5397),(5398,5399,5400),(5401,5402,5403),(5404,5405,5406),(5407,5408,5409),(5410,5411,5412),(5413,5414,5415),(5416,5417,5418),(5419,5420,5421),(5422,5423,5424),(5425,5426,5427),(5428,5429,5430),(5431,5432,5433),(5434,5435,5436),(5437,5438,5439),(5440,5441,5442),(5443,5444,5445),(5446,5447,5448),(5449,5450,5451),(5452,5453,5454),(5455,5456,5457),(5458,5459,5460),(5461,5462,5463),(5464,5465,5466),(5467,5468,5469),(5470,5471,5472),(5473,5474,5475),(5476,5477,5478),(5479,5480,5481),(5482,5483,5484),(5485,5486,5487),(5488,5489,5490),(5491,5492,5493),(5494,5495,5496),(5497,5498,5499),(5500,5501,5502),(5503,5504,5505),(5506,5507,5508),(5509,5510,5511),(5512,5513,5514),(5515,5516,5517),(5518,5519,5520),(5521,5522,5523),(5524,5525,5526),(5527,5528,5529),(5530,5531,5532),(5533,5534,5535),(5536,5537,5538),(5539,5540,5541),(5542,5543,5544),(5545,5546,5547),(5548,5549,5550),(5551,5552,5553),(5554,5555,5556),(5557,5558,5559),(5560,5561,5562),(5563,5564,5565),(5566,5567,5568),(5569,5570,5571),(5572,5573,5574),(5575,5576,5577),(5578,5579,5580),(5581,5582,5583),(5584,5585,5586),(5587,5588,5589),(5590,5591,5592),(5593,5594,5595),(5596,5597,5598),(5599,5600,5601),(5602,5603,5604),(5605,5606,5607),(5608,5609,5610),(5611,5612,5613),(5614,5615,5616),(5617,5618,5619),(5620,5621,5622),(5623,5624,5625),(5626,5627,5628),(5629,5630,5631),(5632,5633,5634),(5635,5636,5637),(5638,5639,5640),(5641,5642,5643),(5644,5645,5646),(5647,5648,5649),(5650,5651,5652),(5653,5654,5655),(5656,5657,5658),(5659,5660,5661),(5662,5663,5664),(5665,5666,5667),(5668,5669,5670),(5671,5672,5673),(5674,5675,5676),(5677,5678,5679),(5680,5681,5682),(5683,5684,5685),(5686,5687,5688),(5689,5690,5691),(5692,5693,5694),(5695,5696,5697),(5698,5699,5700),(5701,5702,5703),(5704,5705,5706),(5707,5708,5709),(5710,5711,5712),(5713,5714,5715),(5716,5717,5718),(5719,5720,5721),(5722,5723,5724),(5725,5726,5727),(5728,5729,5730),(5731,5732,5733),(5734,5735,5736),(5737,5738,5739),(5740,5741,5742),(5743,5744,5745),(5746,5747,5748),(5749,5750,5751),(5752,5753,5754),(5755,5756,5757),(5758,5759,5760),(5761,5762,5763),(5764,5765,5766),(5767,5768,5769),(5770,5771,5772),(5773,5774,5775),(5776,5777,5778),(5779,5780,5781),(5782,5783,5784),(5785,5786,5787),(5788,5789,5790),(5791,5792,5793),(5794,5795,5796),(5797,5798,5799),(5800,5801,5802),(5803,5804,5805),(5806,5807,5808),(5809,5810,5811),(5812,5813,5814),(5815,5816,5817),(5818,5819,5820),(5821,5822,5823),(5824,5825,5826),(5827,5828,5829),(5830,5831,5832),(5833,5834,5835),(5836,5837,5838),(5839,5840,5841),(5842,5843,5844),(5845,5846,5847),(5848,5849,5850),(5851,5852,5853),(5854,5855,5856),(5857,5858,5859),(5860,5861,5862),(5863,5864,5865),(5866,5867,5868),(5869,5870,5871),(5872,5873,5874),(5875,5876,5877),(5878,5879,5880),(5881,5882,5883),(5884,5885,5886),(5887,5888,5889),(5890,5891,5892),(5893,5894,5895),(5896,5897,5898),(5899,5900,5901),(5902,5903,5904),(5905,5906,5907),(5908,5909,5910),(5911,5912,5913),(5914,5915,5916),(5917,5918,5919),(5920,5921,5922),(5923,5924,5925),(5926,5927,5928),(5929,5930,5931),(5932,5933,5934),(5935,5936,5937),(5938,5939,5940),(5941,5942,5943),(5944,5945,5946),(5947,5948,5949),(5950,5951,5952),(5953,5954,5955),(5956,5957,5958),(5959,5960,5961),(5962,5963,5964),(5965,5966,5967),(5968,5969,5970),(5971,5972,5973),(5974,5975,5976),(5977,5978,5979),(5980,5981,5982),(5983,5984,5985),(5986,5987,5988),(5989,5990,5991),(5992,5993,5994),(5995,5996,5997),(5998,5999,6000),(6001,6002,6003),(6004,6005,6006),(6007,6008,6009),(6010,6011,6012),(6013,6014,6015),(6016,6017,6018),(6019,6020,6021),(6022,6023,6024),(6025,6026,6027),(6028,6029,6030),(6031,6032,6033),(6034,6035,6036),(6037,6038,6039),(6040,6041,6042),(6043,6044,6045),(6046,6047,6048),(6049,6050,6051),(6052,6053,6054),(6055,6056,6057),(6058,6059,6060),(6061,6062,6063),(6064,6065,6066),(6067,6068,6069),(6070,6071,6072),(6073,6074,6075),(6076,6077,6078),(6079,6080,6081),(6082,6083,6084),(6085,6086,6087),(6088,6089,6090),(6091,6092,6093),(6094,6095,6096),(6097,6098,6099),(6100,6101,6102),(6103,6104,6105),(6106,6107,6108),(6109,6110,6111),(6112,6113,6114),(6115,6116,6117),(6118,6119,6120),(6121,6122,6123),(6124,6125,6126),(6127,6128,6129),(6130,6131,6132),(6133,6134,6135),(6136,6137,6138),(6139,6140,6141),(6142,6143,6144),(6145,6146,6147),(6148,6149,6150),(6151,6152,6153),(6154,6155,6156),(6157,6158,6159),(6160,6161,6162),(6163,6164,6165),(6166,6167,6168),(6169,6170,6171),(6172,6173,6174),(6175,6176,6177),(6178,6179,6180),(6181,6182,6183),(6184,6185,6186),(6187,6188,6189),(6190,6191,6192),(6193,6194,6195),(6196,6197,6198),(6199,6200,6201),(6202,6203,6204),(6205,6206,6207),(6208,6209,6210),(6211,6212,6213),(6214,6215,6216),(6217,6218,6219),(6220,6221,6222),(6223,6224,6225),(6226,6227,6228),(6229,6230,6231),(6232,6233,6234),(6235,6236,6237),(6238,6239,6240),(6241,6242,6243),(6244,6245,6246),(6247,6248,6249),(6250,6251,6252),(6253,6254,6255),(6256,6257,6258),(6259,6260,6261),(6262,6263,6264),(6265,6266,6267),(6268,6269,6270),(6271,6272,6273),(6274,6275,6276),(6277,6278,6279),(6280,6281,6282),(6283,6284,6285),(6286,6287,6288),(6289,6290,6291),(6292,6293,6294),(6295,6296,6297),(6298,6299,6300),(6301,6302,6303),(6304,6305,6306),(6307,6308,6309),(6310,6311,6312),(6313,6314,6315),(6316,6317,6318),(6319,6320,6321),(6322,6323,6324),(6325,6326,6327),(6328,6329,6330),(6331,6332,6333),(6334,6335,6336),(6337,6338,6339),(6340,6341,6342),(6343,6344,6345),(6346,6347,6348),(6349,6350,6351),(6352,6353,6354),(6355,6356,6357),(6358,6359,6360),(6361,6362,6363),(6364,6365,6366),(6367,6368,6369),(6370,6371,6372),(6373,6374,6375),(6376,6377,6378),(6379,6380,6381),(6382,6383,6384),(6385,6386,6387),(6388,6389,6390),(6391,6392,6393),(6394,6395,6396),(6397,6398,6399),(6400,6401,6402),(6403,6404,6405),(6406,6407,6408),(6409,6410,6411),(6412,6413,6414),(6415,6416,6417),(6418,6419,6420),(6421,6422,6423),(6424,6425,6426),(6427,6428,6429),(6430,6431,6432),(6433,6434,6435),(6436,6437,6438),(6439,6440,6441),(6442,6443,6444),(6445,6446,6447),(6448,6449,6450),(6451,6452,6453),(6454,6455,6456),(6457,6458,6459),(6460,6461,6462),(6463,6464,6465),(6466,6467,6468),(6469,6470,6471),(6472,6473,6474),(6475,6476,6477),(6478,6479,6480),(6481,6482,6483),(6484,6485,6486),(6487,6488,6489),(6490,6491,6492),(6493,6494,6495),(6496,6497,6498),(6499,6500,6501),(6502,6503,6504),(6505,6506,6507),(6508,6509,6510),(6511,6512,6513),(6514,6515,6516),(6517,6518,6519),(6520,6521,6522),(6523,6524,6525),(6526,6527,6528),(6529,6530,6531),(6532,6533,6534),(6535,6536,6537),(6538,6539,6540),(6541,6542,6543),(6544,6545,6546),(6547,6548,6549),(6550,6551,6552),(6553,6554,6555),(6556,6557,6558),(6559,6560,6561),(6562,6563,6564),(6565,6566,6567),(6568,6569,6570),(6571,6572,6573),(6574,6575,6576),(6577,6578,6579),(6580,6581,6582),(6583,6584,6585),(6586,6587,6588),(6589,6590,6591),(6592,6593,6594),(6595,6596,6597),(6598,6599,6600),(6601,6602,6603),(6604,6605,6606),(6607,6608,6609),(6610,6611,6612),(6613,6614,6615),(6616,6617,6618),(6619,6620,6621),(6622,6623,6624),(6625,6626,6627),(6628,6629,6630),(6631,6632,6633),(6634,6635,6636)));
#1266=TESSELLATED_GEOMETRIC_SET('hole callout',(#1265));
#1267=COORDINATES_LIST('coordinates',5,((0.0050592,-0.0806495,-0.0266985),(0.0447675,-0.0806495,-0.0266985),(-0.0080408,-0.0863771,-0.0324260),(0.0000592,-0.0806495,-0.0266985),(0.0050592,-0.0806495,-0.0266985)));
#1268=TESSELLATED_CURVE_SET('curve set',#1267,((1,2),(3,4,5)));
#1269=TESSELLATED_GEOMETRIC_SET('hole callout',(#1268));
#1270=TESSELLATED_ANNOTATION_OCCURRENCE('hole callout',(#1263),#1266);
#1271=TESSELLATED_ANNOTATION_OCCURRENCE('hole callout',(#1263),#1269);
#1272=DRAUGHTING_CALLOUT('hole callout',(#1270,#1271));
#1273=DRAUGHTING_MODEL_ITEM_ASSOCIATION('','',#1208,#1259,#1272);
#1274=DRAUGHTING_MODEL_ITEM_ASSOCIATION('','',#1216,#1259,#1272);
#1275=DRAUGHTING_MODEL_ITEM_ASSOCIATION('','',#1224,#1259,#1272);
#1276=DRAUGHTING_MODEL_ITEM_ASSOCIATION('','',#1183,#1259,#1272);
ENDSEC;
END-ISO-10303-21;
